product_name,ingredient,interaction_count,top_interaction_types
"%0,9 IZOTONIK SODYUM KLORUR ICEREN IRR. SOL.1000 ML (POLIPROPILEN SISE)",sodium chloride,1,risk or severity of adverse effects
%1.5 GLISIN 3000 ML IRR SOL (TORBA SETSIZ),glycine,1,risk or severity of adverse effects
%20 MANNITOL 100 ML SOL ( SETLI TORBA),mannitol,219,"risk or severity of adverse effects, hypotensive activities, nephrotoxic activities"
%20 MANNITOL 100 ML SOL (BIOSEL SETLI TORBA),mannitol,219,"risk or severity of adverse effects, hypotensive activities, nephrotoxic activities"
%20 MANNITOL 100 ML SOL (BIOSEL SETSIZ TORBA),mannitol,219,"risk or severity of adverse effects, hypotensive activities, nephrotoxic activities"
%20 MANNITOL 100 ML SOL (SETSIZ TORBA),mannitol,219,"risk or severity of adverse effects, hypotensive activities, nephrotoxic activities"
%20 MANNITOL 150 ML SOL (BIOSEL SETLI TORBA),mannitol,219,"risk or severity of adverse effects, hypotensive activities, nephrotoxic activities"
%20 MANNITOL 150 ML SOL (BIOSEL SETSIZ TORBA),mannitol,219,"risk or severity of adverse effects, hypotensive activities, nephrotoxic activities"
%20 MANNITOL 150 ML SOL (SETLI TORBA),mannitol,219,"risk or severity of adverse effects, hypotensive activities, nephrotoxic activities"
%20 MANNITOL 150 ML SOL (SETSIZ TORBA),mannitol,219,"risk or severity of adverse effects, hypotensive activities, nephrotoxic activities"
%20 MANNITOL 500 ML SOL ( SETLI TORBA),mannitol,219,"risk or severity of adverse effects, hypotensive activities, nephrotoxic activities"
%20 MANNITOL 500 ML SOL (BIOSEL SETLI SISE),mannitol,219,"risk or severity of adverse effects, hypotensive activities, nephrotoxic activities"
%20 MANNITOL 500 ML SOL (SETSIZ TORBA),mannitol,219,"risk or severity of adverse effects, hypotensive activities, nephrotoxic activities"
%20 MANNITOL SUDAKI 100 ML SOL (POLIFLEKS PVC TORBA SETLI),mannitol,219,"risk or severity of adverse effects, hypotensive activities, nephrotoxic activities"
%20 MANNITOL SUDAKI 100 ML SOL (POLIFLEKS PVC TORBA SETSIZ),mannitol,219,"risk or severity of adverse effects, hypotensive activities, nephrotoxic activities"
%20 MANNITOL SUDAKI 150 ML SOL (POLIFLEKS PVC TORBA SETLI),mannitol,219,"risk or severity of adverse effects, hypotensive activities, nephrotoxic activities"
%20 MANNITOL SUDAKI 150 ML SOL (POLIFLEKS PVC TORBA SETSIZ),mannitol,219,"risk or severity of adverse effects, hypotensive activities, nephrotoxic activities"
%20 MANNITOL SUDAKI 250 ML SOL (POLIFLEKS SETLI TORBA),mannitol,219,"risk or severity of adverse effects, hypotensive activities, nephrotoxic activities"
%20 MANNITOL SUDAKI 500 ML SOL (POLIFARMA CAM SISE SETLI),mannitol,219,"risk or severity of adverse effects, hypotensive activities, nephrotoxic activities"
%20 MANNITOL SUDAKI 500 ML SOL (POLIFLEKS PVC TORBA SETLI),mannitol,219,"risk or severity of adverse effects, hypotensive activities, nephrotoxic activities"
%20 MANNITOL SUDAKI 500 ML SOL (POLIFLEKS PVC TORBA SETSIZ),mannitol,219,"risk or severity of adverse effects, hypotensive activities, nephrotoxic activities"
%20 SODYUM KLORUR COZ ICEREN 10 AMP (ONFARMA),sodium chloride,1,risk or severity of adverse effects
%3 HIPERTONIK SODYUM KLORUR 150 ML SOL (BIOSEL SETLI TORBA),sodium chloride,1,risk or severity of adverse effects
%3 HIPERTONIK SODYUM KLORUR 150 ML SOL (BIOSEL SETSIZ TORBA),sodium chloride,1,risk or severity of adverse effects
%3 HIPERTONIK SODYUM KLORUR 150 ML SOL (SETLI TORBA),sodium chloride,1,risk or severity of adverse effects
%3 HIPERTONIK SODYUM KLORUR 150 ML SOL (SETSIZ TORBA),sodium chloride,1,risk or severity of adverse effects
%3 HIPERTONIK SODYUM KLORUR 250 ML SOL (SETLI),sodium chloride,1,risk or severity of adverse effects
%3 HIPERTONIK SODYUM KLORUR 250 ML SOL (SETSIZ TORBA),sodium chloride,1,risk or severity of adverse effects
%3 SODYUM KLORUR 1000 ML SOL (POLIFLEKS SETLI),sodium chloride,1,risk or severity of adverse effects
%3 SODYUM KLORUR 1000 ML SOL (POLIFLEKS SETSIZ),sodium chloride,1,risk or severity of adverse effects
%3 SODYUM KLORUR 150 ML SOL (POLIFLEKS SETLI),sodium chloride,1,risk or severity of adverse effects
%3 SODYUM KLORUR 150 ML SOL (POLIFLEKS SETSIZ),sodium chloride,1,risk or severity of adverse effects
%3 SODYUM KLORUR 250 ML SOL (POLIFLEKS SETLI),sodium chloride,1,risk or severity of adverse effects
%3 SODYUM KLORUR 250 ML SOL (POLIFLEKS SETSIZ),sodium chloride,1,risk or severity of adverse effects
%3 SODYUM KLORUR 500 ML SOL (POLIFARMA SETSIZ SISE),sodium chloride,1,risk or severity of adverse effects
%3 SODYUM KLORUR 500 ML SOL (POLIFLEKS SETLI),sodium chloride,1,risk or severity of adverse effects
%3 SODYUM KLORUR 500 ML SOL (POLIFLEKS TORBA SETSIZ),sodium chloride,1,risk or severity of adverse effects
%3 SODYUM KLORUR HIPERTONIK 100 ML SOL (POLIFARMA PVC SETLI),sodium chloride,1,risk or severity of adverse effects
%3 SODYUM KLORUR HIPERTONIK 100 ML SOL (POLIFARMA PVC SETSIZ),sodium chloride,1,risk or severity of adverse effects
5-FROTU 1000 MG/20 ML ENJ. ICIN COZ. ICEREN 1 FLAKON,fluorouracil,268,"metabolism, serum concentration, risk or severity of adverse effects"
"5-FROTU 500 MG/10 ML ENJEKSİYONLUK ÇÖZELTİ, 1 ADET",fluorouracil,268,"metabolism, serum concentration, risk or severity of adverse effects"
5-FROTU 5000 MG/100 ML ENJ. ICIN COZ. ICEREN 1 FLAKON,fluorouracil,268,"metabolism, serum concentration, risk or severity of adverse effects"
ABAVIR 245 MG 30 FTB,tenofovir disoproxil,271,"metabolism, risk or severity of adverse effects, serum concentration"
ABETYL 250 MG TABLET (120 TABLET),abiraterone,526,"serum concentration, metabolism, cardiotoxic activities"
ABETYL 500 MG FILM KAPLI TABLET (60 FILM KAPLI TABLET),abiraterone,526,"serum concentration, metabolism, cardiotoxic activities"
ABILIFY 1 MG/ML ORAL SOL 150 ML,aripiprazole,741,"serum concentration, risk or severity of adverse effects, hypotensive activities"
ABILIFY 10 MG 28 TABLET,aripiprazole,741,"serum concentration, risk or severity of adverse effects, hypotensive activities"
ABILIFY 15 MG 28 TABLET,aripiprazole,741,"serum concentration, risk or severity of adverse effects, hypotensive activities"
ABILIFY 30 MG 28 TABLET,aripiprazole,741,"serum concentration, risk or severity of adverse effects, hypotensive activities"
ABILIFY 5 MG 28 TABLET,aripiprazole,741,"serum concentration, risk or severity of adverse effects, hypotensive activities"
ABILIFY MAINTENA 400 MG UZUN SALIMLI IM ENJEKSIYONLUK 1 FLAKON,aripiprazole,741,"serum concentration, risk or severity of adverse effects, hypotensive activities"
ABITIGA 250 MG TABLET (120 ADET),abiraterone,526,"serum concentration, metabolism, cardiotoxic activities"
ABIZOL 1 MG/ML ORAL COZELTI 150 ML,aripiprazole,741,"serum concentration, risk or severity of adverse effects, hypotensive activities"
ABIZOL 10 MG 28 TABLET,aripiprazole,741,"serum concentration, risk or severity of adverse effects, hypotensive activities"
ABIZOL 15 MG 28 TABLET,aripiprazole,741,"serum concentration, risk or severity of adverse effects, hypotensive activities"
ABIZOL 20 MG 28 TABLET,aripiprazole,741,"serum concentration, risk or severity of adverse effects, hypotensive activities"
ABIZOL 30 MG 28 TABLET,aripiprazole,741,"serum concentration, risk or severity of adverse effects, hypotensive activities"
ABIZOL 5 MG 28 TABLET,aripiprazole,741,"serum concentration, risk or severity of adverse effects, hypotensive activities"
ABIZOL EASYTAB 10 MG 28 AGIZDA DAGILAN TABLET,aripiprazole,741,"serum concentration, risk or severity of adverse effects, hypotensive activities"
ABIZOL EASYTAB 15 MG 28 AGIZDA DAGILAN TABLET,aripiprazole,741,"serum concentration, risk or severity of adverse effects, hypotensive activities"
ABIZOL EASYTAB 5 MG AGIZDA DAGILAN 28 TABLET,aripiprazole,741,"serum concentration, risk or severity of adverse effects, hypotensive activities"
ABYGA 250 MG TABLET (120 TABLET)**,abiraterone,526,"serum concentration, metabolism, cardiotoxic activities"
ABYGA 500 MG 60 FILM KAPLI TABLET**,abiraterone,526,"serum concentration, metabolism, cardiotoxic activities"
ACETUDIL 90 MG UZATILMIS SALIMLI SERT KAPSUL (10 KAPSUL),acemetacin,399,"risk or severity of adverse effects, therapeutic efficacy, risk or severity of bleeding"
ACETUDIL FORTE 60 MG KAPSUL (20 KAPSUL),acemetacin,399,"risk or severity of adverse effects, therapeutic efficacy, risk or severity of bleeding"
ACLABON 5MG/100 ML IV INF COZ ICEREN 1 FLK,zoledronic acid,126,"risk or severity of adverse effects, serum concentration, hypocalcemic activities"
ACLASTA 5MG/100 ML IV INF COZ,zoledronic acid,126,"risk or severity of adverse effects, serum concentration, hypocalcemic activities"
ACNEDUR %3 MERHEM (20 G),tetracycline,200,"metabolism, serum concentration, therapeutic efficacy"
ACNEGEN 10 MG 30 YUM JELATIN KAP,isotretinoin,35,"therapeutic efficacy, risk or severity of adverse effects, hepatotoxic activities"
ACNEGEN 20 MG 30 YUM JELATIN KAP,isotretinoin,35,"therapeutic efficacy, risk or severity of adverse effects, hepatotoxic activities"
"ACNELYSE %0.025 KREM, 20 GRAM",tretinoin,340,"risk or severity of adverse effects, metabolism, serum concentration"
"ACNELYSE %0.05 KREM, 20 GRAM",tretinoin,340,"risk or severity of adverse effects, metabolism, serum concentration"
"ACNELYSE %0.1 KREM, 20 G",tretinoin,340,"risk or severity of adverse effects, metabolism, serum concentration"
"ACNEWELL %5 JEL, 30 GRAM",dapsone,204,"metabolism, risk or severity of adverse effects, serum concentration"
ACTINOMA %3 30 GR JEL,diclofenac,491,"risk or severity of adverse effects, metabolism, serum concentration"
ACTOS 15 MG 28 FTB,pioglitazone,375,"metabolism, therapeutic efficacy, hypoglycemic activities"
ACTOS 30 MG 28 FTB,pioglitazone,375,"metabolism, therapeutic efficacy, hypoglycemic activities"
"ACUFIX %0,4 GOZ DAMLASI 5 ML",ketorolac,347,"risk or severity of adverse effects, therapeutic efficacy, antihypertensive activities"
"ACULAR LS %0,4 STERIL GOZ DAMLASI 5 ML",ketorolac,347,"risk or severity of adverse effects, therapeutic efficacy, antihypertensive activities"
"ADADERM %0,1 JEL, 30 GRAM",adapalene,351,"risk or severity of adverse effects, therapeutic efficacy, antihypertensive activities"
ADALAT CRONO 30 MG 20 KONT SAL TABLET,nifedipine,438,"risk or severity of adverse effects, metabolism, serum concentration"
ADELEKS 4 MG/2 ML IM 6 AMP,thiocolchicoside,1,therapeutic efficacy
ADELEKS 8 MG 14 TABLET,thiocolchicoside,1,therapeutic efficacy
"ADEMPAS 0,5 MG 42 FTB",riociguat,377,"hypotensive activities, serum concentration, risk or severity of adverse effects"
ADEMPAS 1 MG 42 FTB,riociguat,377,"hypotensive activities, serum concentration, risk or severity of adverse effects"
"ADEMPAS 1,5 MG 42 FTB",riociguat,377,"hypotensive activities, serum concentration, risk or severity of adverse effects"
ADEMPAS 2 MG 42 FTB,riociguat,377,"hypotensive activities, serum concentration, risk or severity of adverse effects"
"ADEMPAS 2,5 MG 42 FTB",riociguat,377,"hypotensive activities, serum concentration, risk or severity of adverse effects"
ADENURIC 120 MG 28 FILM KAPLI TABLET,febuxostat,6,"serum concentration of active metabolites, serum concentration"
ADENURIC 80 MG 28 FILM KAPLI TABLET,febuxostat,6,"serum concentration of active metabolites, serum concentration"
"ADOPORT 0,5 MG 50 KAP",tacrolimus,432,"metabolism, immunosuppressive activities, serum concentration"
ADOPORT 1 MG 50 KAP,tacrolimus,432,"metabolism, immunosuppressive activities, serum concentration"
ADOPORT 5 MG 50 KAPSUL,tacrolimus,432,"metabolism, immunosuppressive activities, serum concentration"
ADOZIN 10 MG/2 ML IV ENJ VE INF ICIN COZ ICEREN 2ML 10 AMP,adenosine,8,"therapeutic efficacy, risk or severity of adverse effects, atrioventricular blocking (AV block) activities"
ADOZIN 250 MG/50 ML IV ENJ. VE INF ICIN COZ ICEREN 10 FLK.,adenosine,8,"therapeutic efficacy, risk or severity of adverse effects, atrioventricular blocking (AV block) activities"
ADOZIN 50 MG/10 ML IV ENJ VE INF ICIN COZ ICEREN 10 FLK,adenosine,8,"therapeutic efficacy, risk or severity of adverse effects, atrioventricular blocking (AV block) activities"
ADRENALIN 1/2 MG/1ML 10 AMP (BIOSEL),epinephrine,318,"antihypertensive activities, vasoconstricting activities, risk or severity of hypotension"
ADRENALIN 1/2 MG/1ML 10 AMP (GALEN),epinephrine,318,"antihypertensive activities, vasoconstricting activities, risk or severity of hypotension"
ADRENALIN 1/4MG/1ML 10 AMP (GALEN),epinephrine,318,"antihypertensive activities, vasoconstricting activities, risk or severity of hypotension"
ADRENALIN 1MG/1ML 10 AMP (BIOSEL),epinephrine,318,"antihypertensive activities, vasoconstricting activities, risk or severity of hypotension"
ADRENALIN 1MG/1ML 10 AMP (GALEN),epinephrine,318,"antihypertensive activities, vasoconstricting activities, risk or severity of hypotension"
ADRIMISIN 10 MG/5 ML ENJEKSIYON ICIN SOLUSYON ICEREN FLK,doxorubicin,513,"serum concentration, metabolism, risk or severity of adverse effects"
ADRIMISIN 50 MG/25ML IV ENJEKTABL LIYOFILIZE TOZ ICEREN FLK.,doxorubicin,513,"serum concentration, metabolism, risk or severity of adverse effects"
"ADVAGRAF 0,5 MG 50 UZATILMIS SALIMLI 50 SERT KAP",tacrolimus,432,"metabolism, immunosuppressive activities, serum concentration"
ADVAGRAF 1 MG 50 UZATILMIS SALIMLI 50 SERT KAP,tacrolimus,432,"metabolism, immunosuppressive activities, serum concentration"
ADVAGRAF 3 MG UZATILMIS SALIMLI 50 KAPSUL,tacrolimus,432,"metabolism, immunosuppressive activities, serum concentration"
ADVAGRAF 5 MG 50 UZATILMIS SALIMLI 50 SERT KAP,tacrolimus,432,"metabolism, immunosuppressive activities, serum concentration"
ADVIL LIQUI-GELS 200 MG 20 KAP,ibuprofen,424,"risk or severity of adverse effects, metabolism, therapeutic efficacy"
AERIUS 5 MG FILM KAPLI TABLET (20 TABLET),desloratadine,392,"risk or severity of adverse effects, serum concentration, therapeutic efficacy"
"AFILTA 20 MG FİLM KAPLI TABLET, 4 ADET",tadalafil,285,"antihypertensive activities, serum concentration, hypotensive activities"
AFINITOR 10 MG 30 TABLET,everolimus,313,"serum concentration, therapeutic efficacy, risk or severity of adverse effects"
AFINITOR 5 MG 30 TABLET,everolimus,313,"serum concentration, therapeutic efficacy, risk or severity of adverse effects"
"AGRABLOC 12,5 MG/50 ML IV INF. ICIN KON. COZ. ICEREN FLAKON (1 FLAKON)",tirofiban,69,"anticoagulant activities, risk or severity of adverse effects, antiplatelet activities"
AGRILOR 90 MG FILM KAPLI TABLET (56 TABLET),ticagrelor,360,"metabolism, serum concentration, anticoagulant activities"
AIRFIBRO 300 MG/5 ML NEBULIZASYON COZELTISI (56 ADET),tobramycin,185,"excretion rate of higher serum level, serum concentration, nephrotoxic activities"
AIRFIX 10 MG 28 FILM KAPLI TABLET,montelukast,121,"metabolism, serum concentration, therapeutic efficacy"
AKELA FORTE % 4 30 GR JEL,erythromycin,649,"metabolism, serum concentration, QTc-prolonging activities"
AKINETON 2 MG 100 TABLET,biperiden,138,"risk or severity of adverse effects, serum concentration, therapeutic efficacy"
AKINETON 5 MG/ML 1 ML 5 AMP,biperiden,138,"risk or severity of adverse effects, serum concentration, therapeutic efficacy"
AKLOFEN %3 JEL (30 GR),diclofenac,491,"risk or severity of adverse effects, metabolism, serum concentration"
AKNESILEX 30 MG/G MERHEM,tetracycline,200,"metabolism, serum concentration, therapeutic efficacy"
AKNETRENT 10 MG 30 YUM JELATIN KAP,isotretinoin,35,"therapeutic efficacy, risk or severity of adverse effects, hepatotoxic activities"
AKNETRENT 20 MG 30 YUM JELATIN KAP,isotretinoin,35,"therapeutic efficacy, risk or severity of adverse effects, hepatotoxic activities"
AKSEF 500 MG 10 FTB,cefuroxime,46,"serum concentration, absorption, nephrotoxic activities"
AKSEF 500 MG 14 FTB,cefuroxime,46,"serum concentration, absorption, nephrotoxic activities"
AKSEF 500 MG 20 FTB,cefuroxime,46,"serum concentration, absorption, nephrotoxic activities"
AKSEF 750 MG IM ENJEKSIYONLUK TOZ 1 FLAKON,cefuroxime,46,"serum concentration, absorption, nephrotoxic activities"
AKSEF 750 MG IM/IV ENJEKSIYONLUK TOZ 1 FLAKON,cefuroxime,46,"serum concentration, absorption, nephrotoxic activities"
"ALBİPAKSEL 100 MG İNFÜZYONLUK DİSPERSİYON HAZIRLAMADA KULLANILACAK KONSANTRE İÇİN TOZ, 1 ADET",paclitaxel,519,"risk or severity of adverse effects, metabolism, serum concentration"
"ALCEBA 10 MG FILM TABLET, 30 ADET",memantine,182,"risk or severity of adverse effects, therapeutic efficacy, bradycardic activities"
ALDACTONE 100 MG 16 TABLET,spironolactone,384,"risk or severity of adverse effects, antihypertensive activities, vasoconstricting activities"
ALDACTONE-A 25 MG 20 TABLET,spironolactone,384,"risk or severity of adverse effects, antihypertensive activities, vasoconstricting activities"
ALDARA %5 KREM 0.25 GR 12 SASE,imiquimod,114,"metabolism, serum concentration, cardiotoxic activities"
ALECAST 10 MG 28 FTB,montelukast,121,"metabolism, serum concentration, therapeutic efficacy"
ALECAST 4 MG 28 CIGNEME TABLET,montelukast,121,"metabolism, serum concentration, therapeutic efficacy"
ALECAST 5 MG 28 CIGNEME TABLET,montelukast,121,"metabolism, serum concentration, therapeutic efficacy"
ALECENSA 150 MG 224 SERT KAPSUL,alectinib,25,"serum concentration, cardiotoxic activities, risk or severity of adverse effects"
ALERFIN 2 MG/5 ML ORAL COZ 100 ML,chlorphenamine,392,"risk or severity of adverse effects, metabolism, serum concentration"
ALERINIT 5 MG 20 FTB,levocetirizine,363,"risk or severity of adverse effects, metabolism, serum concentration"
ALEVE 220 MG 20 FTB,naproxen,416,"risk or severity of adverse effects, metabolism, therapeutic efficacy"
ALFUTU 10 MG UZATILMIS SALIMLI 30 TABLET,alfuzosin,403,"hypotensive activities, serum concentration, vasoconstricting activities"
ALGOPET 100 MG 15 FTB,flurbiprofen,396,"risk or severity of adverse effects, metabolism, therapeutic efficacy"
ALGOPET SR 200 MG MIKROPELLET 16 KAPSUL,flurbiprofen,396,"risk or severity of adverse effects, metabolism, therapeutic efficacy"
ALIMTA 500 MG 1 FLK,pemetrexed,17,"risk or severity of adverse effects, cardiotoxic activities, immunosuppressive activities"
ALIPZA 1 MG FILM 30 TABLET,pitavastatin,331,"serum concentration, metabolism, risk or severity of rhabdomyolysis"
ALIPZA 2 MG FILM TABLET,pitavastatin,331,"serum concentration, metabolism, risk or severity of rhabdomyolysis"
ALIPZA 4 MG FILM TABLET,pitavastatin,331,"serum concentration, metabolism, risk or severity of rhabdomyolysis"
"ALKA-SELTZER 324 MG/965 MG/1744 MG EFERVESAN TABLET, 10 ADET",acetylsalicylic acid,421,"risk or severity of adverse effects, metabolism, therapeutic efficacy"
ALKERAN 2 MG FILM KAPLI TABLET,melphalan,20,"risk or severity of adverse effects, cardiotoxic activities, immunosuppressive activities"
ALLEGRA 120 MG 20 FTB,fexofenadine,335,"risk or severity of adverse effects, serum concentration, central nervous system depressant (CNS depressant) activities"
ALLEGRA 180 MG 20 FTB,fexofenadine,335,"risk or severity of adverse effects, serum concentration, central nervous system depressant (CNS depressant) activities"
"ALLERGODIL %0,05 GOZ DAMLASI, COZELTI (6 ML)",azelastine,791,"central nervous system depressant (CNS depressant) activities, risk or severity of adverse effects, metabolism"
"ALLERGODIL %0,1 BURUN SPREYI, COZELTI (10 ML)",azelastine,791,"central nervous system depressant (CNS depressant) activities, risk or severity of adverse effects, metabolism"
ALLERSET 10 MG 10 FTB,cetirizine,291,"risk or severity of adverse effects, central nervous system depressant (CNS depressant) activities, sedative activities"
ALLERSET 10 MG 20 FTB,cetirizine,291,"risk or severity of adverse effects, central nervous system depressant (CNS depressant) activities, sedative activities"
ALLERSET 10 MG/ML 20 ML DAMLA,cetirizine,291,"risk or severity of adverse effects, central nervous system depressant (CNS depressant) activities, sedative activities"
ALLERSET 5 MG/5 ML 200 ML SURUP,cetirizine,291,"risk or severity of adverse effects, central nervous system depressant (CNS depressant) activities, sedative activities"
"ALOPEXY T %5 DERI SPREYI, 60 ML",minoxidil,239,"hypotensive activities, risk or severity of adverse effects, antihypertensive activities"
"ALORES 2,5 MG/5ML 150 ML SURUP",desloratadine,392,"risk or severity of adverse effects, serum concentration, therapeutic efficacy"
ALPHAGAN-P %0.15 5 ML GOZ DAMLASI,brimonidine,497,"central nervous system depressant (CNS depressant) activities, antihypertensive activities, risk or severity of adverse effects"
ALPROS 20 MCG/ML INF ICIN KONS COZ ICEREN 1 MLX5 AMP,alprostadil,147,"therapeutic efficacy, anticoagulant activities, risk or severity of adverse effects"
ALUNBRIG 180 MG 28 TABLET,brigatinib,139,"serum concentration, metabolism"
ALUNBRIG 30 MG 28 TABLET,brigatinib,139,"serum concentration, metabolism"
ALUNBRIG 90 MG 28 TABLET,brigatinib,139,"serum concentration, metabolism"
ALUNBRIG 90 MG VE 180 MG FILM KAPLI TABLET TEDAVIYE BASLANGIC PAKETI (90 MG 7 TB +180 MG 21 TB),brigatinib,139,"serum concentration, metabolism"
ALVASTIN 10 MG 30 FTB,atorvastatin,384,"risk or severity of adverse effects, serum concentration, metabolism"
ALVASTIN 10 MG/90 FTB,atorvastatin,384,"risk or severity of adverse effects, serum concentration, metabolism"
ALVASTIN 20 MG 30 FTB,atorvastatin,384,"risk or severity of adverse effects, serum concentration, metabolism"
ALVASTIN 20 MG/90 FTB,atorvastatin,384,"risk or severity of adverse effects, serum concentration, metabolism"
ALVASTIN 40 MG 30 FTB,atorvastatin,384,"risk or severity of adverse effects, serum concentration, metabolism"
ALVASTIN 80 MG 30 FILM KAPLI TABLET,atorvastatin,384,"risk or severity of adverse effects, serum concentration, metabolism"
ALYSE 150 MG 56 KAP,pregabalin,345,"therapeutic efficacy, risk or severity of heart failure, central nervous system depressant (CNS depressant) activities"
ALYSE 25 MG 56 KAP,pregabalin,345,"therapeutic efficacy, risk or severity of heart failure, central nervous system depressant (CNS depressant) activities"
ALYSE 300 MG 56 KAP,pregabalin,345,"therapeutic efficacy, risk or severity of heart failure, central nervous system depressant (CNS depressant) activities"
ALYSE 75 MG 14 KAP,pregabalin,345,"therapeutic efficacy, risk or severity of heart failure, central nervous system depressant (CNS depressant) activities"
ALYSE 75 MG 56 KAPSUL,pregabalin,345,"therapeutic efficacy, risk or severity of heart failure, central nervous system depressant (CNS depressant) activities"
"ALZAMED 5 MG FILM TABLET ,FILM TABLET, 28 ADET",donepezil,314,"metabolism, risk or severity of adverse effects, bradycardic activities"
ALZANCER 10 MG 28 FTB,donepezil,314,"metabolism, risk or severity of adverse effects, bradycardic activities"
ALZANCER 5 MG 28 FTB,donepezil,314,"metabolism, risk or severity of adverse effects, bradycardic activities"
ALZANCER EASYTAB 10 MG 28 AGIZDA DAGILAN TB,donepezil,314,"metabolism, risk or severity of adverse effects, bradycardic activities"
ALZANCER EASYTAB 5 MG 28 AGIZDA DAGILAN TB,donepezil,314,"metabolism, risk or severity of adverse effects, bradycardic activities"
ALZANT 10 MG FILM KAPLI TABLET (100 TABLET),memantine,182,"risk or severity of adverse effects, therapeutic efficacy, bradycardic activities"
ALZANT 10 MG FILM KAPLI TABLET (50 TABLET),memantine,182,"risk or severity of adverse effects, therapeutic efficacy, bradycardic activities"
AMARYL 1 MG 30 TB,glimepiride,299,"hypoglycemic activities, therapeutic efficacy, metabolism"
AMARYL 2 MG 30 TB,glimepiride,299,"hypoglycemic activities, therapeutic efficacy, metabolism"
AMARYL 3 MG 30 TB,glimepiride,299,"hypoglycemic activities, therapeutic efficacy, metabolism"
AMARYL 4 MG 30 TB,glimepiride,299,"hypoglycemic activities, therapeutic efficacy, metabolism"
AMBISOME 50 MG IV FLK,amphotericin b,343,"risk or severity of adverse effects, therapeutic efficacy, hypokalemic activities"
"AMETIK 1.5G / 15 ML DAMLA, COZELTI",trimethobenzamide,1,central nervous system depressant (CNS depressant) activities
AMIDOVIN 150 MG/3 ML 6 AMP,amiodarone,1034,"metabolism, serum concentration, therapeutic efficacy"
AMIJEKSIN 100 MG 2ML/1 AMP,amikacin,185,"excretion rate of higher serum level, serum concentration, nephrotoxic activities"
AMIJEKSIN 500 MG 2ML/1 AMP,amikacin,185,"excretion rate of higher serum level, serum concentration, nephrotoxic activities"
AMIKAVER 100 MG 2ML 1 AMP,amikacin,185,"excretion rate of higher serum level, serum concentration, nephrotoxic activities"
AMIKAVER 500 MG 2ML/1 AMP,amikacin,185,"excretion rate of higher serum level, serum concentration, nephrotoxic activities"
AMIKOZIT 100 MG/2 ML 1 FLK (ECZ),amikacin,185,"excretion rate of higher serum level, serum concentration, nephrotoxic activities"
AMIKOZIT 500 MG/2 ML 1 FLK (ECZ),amikacin,185,"excretion rate of higher serum level, serum concentration, nephrotoxic activities"
AMLODIS 10 MG 20 TB,amlodipine,435,"hypotensive activities, risk or severity of adverse effects, metabolism"
AMLODIS 5 MG 20 TB,amlodipine,435,"hypotensive activities, risk or severity of adverse effects, metabolism"
AMLOKARD 10 MG 30 TB,amlodipine,435,"hypotensive activities, risk or severity of adverse effects, metabolism"
AMLOKARD 10 MG 90 TABLET,amlodipine,435,"hypotensive activities, risk or severity of adverse effects, metabolism"
AMLOKARD 5 MG 30 TB,amlodipine,435,"hypotensive activities, risk or severity of adverse effects, metabolism"
"AMVASTAN 20 MG FILM KAPLI TABLET, 30 ADET",atorvastatin,384,"risk or severity of adverse effects, serum concentration, metabolism"
ANAFRANIL 10 MG 30 KAPLI TABLET,clomipramine,749,"risk or severity of adverse effects, metabolism, serum concentration"
ANAFRANIL 25 MG 30 KAPLI TABLET,clomipramine,749,"risk or severity of adverse effects, metabolism, serum concentration"
ANAFRANIL SR 75 MG UZATILMIS SALIMLI BOLUNEBILIR 20 TABLET,clomipramine,749,"risk or severity of adverse effects, metabolism, serum concentration"
ANAPOLON 50 MG 20 TB,oxymetholone,117,"fluid retaining activities, hypoglycemic activities, serum concentration"
ANDAZOL 200 MG 40 FILM KAPLI TABLET,albendazole,128,"metabolism, serum concentration, cardiotoxic activities"
ANDAZOL 200 MG 6 FILM KAPLI TABLET,albendazole,128,"metabolism, serum concentration, cardiotoxic activities"
ANDAZOL 400 MG 3 FILM KAPLI TABLET,albendazole,128,"metabolism, serum concentration, cardiotoxic activities"
ANDAZOL 400 MG 60 FILM KAPLI TABLET,albendazole,128,"metabolism, serum concentration, cardiotoxic activities"
ANDAZOL 60 ML SUSP,albendazole,128,"metabolism, serum concentration, cardiotoxic activities"
"ANDROVIUM %2 TOPIKAL ÇÖZELTI ,60 ML",minoxidil,239,"hypotensive activities, risk or severity of adverse effects, antihypertensive activities"
"ANDROVIUM %5 TOPIKAL ÇÖZELTI ,60 ML",minoxidil,239,"hypotensive activities, risk or severity of adverse effects, antihypertensive activities"
ANESTOL %5 MERHEM,lidocaine,572,"metabolism, risk or severity of adverse effects, serum concentration"
ANKEP 100 MG 30 FILM KAPLI TABLET,quetiapine,708,"risk or severity of adverse effects, QTc-prolonging activities, serum concentration"
ANKEP 200 MG 30 FILM TABLET,quetiapine,708,"risk or severity of adverse effects, QTc-prolonging activities, serum concentration"
ANKEP 25 MG 30 FILM TABLET,quetiapine,708,"risk or severity of adverse effects, QTc-prolonging activities, serum concentration"
ANKEP 300 MG 30 FILM TABLET,quetiapine,708,"risk or severity of adverse effects, QTc-prolonging activities, serum concentration"
ANKEP 400 MG 30 FILM TABLET,quetiapine,708,"risk or severity of adverse effects, QTc-prolonging activities, serum concentration"
ANKEP 50 MG FILM TABLET (30 FILM TABLET),quetiapine,708,"risk or severity of adverse effects, QTc-prolonging activities, serum concentration"
ANPEKS MR 35 MG FILM KAPLI MODIFIYE SALIM TB,trimetazidine,1,risk or severity of adverse effects
ANSIOX 0.5 MG 30 TB,alprazolam,448,"risk or severity of adverse effects, serum concentration, metabolism"
ANSIOX 1 MG 50 TABLET,alprazolam,448,"risk or severity of adverse effects, serum concentration, metabolism"
ANTABUS 500 MG 25 TABLET,disulfiram,125,"metabolism, serum concentration, risk or severity of convulsion"
ANTAX 1000 MG ORAL TOZ ICEREN 90 SASE,lanthanum carbonate,51,serum concentration
ANTAX 500 MG ORAL TOZ ICEREN 90 SASE,lanthanum carbonate,51,serum concentration
ANTAX 750 MG ORAL TOZ ICEREN 90 SASE,lanthanum carbonate,51,serum concentration
ANTEPSIN 1 G TABLET (60 TABLET),sucralfate,94,"absorption, serum concentration, anticoagulant activities"
ANTEPSIN 1 GR/5 ML 250 ML SUSP,sucralfate,94,"absorption, serum concentration, anticoagulant activities"
ANTHIX 10 MG 20 TB,rupatadine,178,"metabolism, serum concentration, sedative activities"
ANTI SKAB % 5 120 ML LOSYON,permethrin,93,"metabolism, serum concentration"
ANTI SKAB KREM % 5 30 GR KREM,permethrin,93,"metabolism, serum concentration"
ANTI-EM 50 MG TABLET (12 TABLET),dimenhydrinate,297,"risk or severity of adverse effects, central nervous system depressant (CNS depressant) activities, sedative activities"
ANTI-FOSFAT CC 500 MG 100 FTB,calcium carbonate,252,"absorption, therapeutic efficacy, bioavailability"
ANTI-NAUSEA 10 MG/2 ML IM/IV ENJ COZ ICEREN 5 AMP,metoclopramide,370,"risk or severity of adverse effects, QTc-prolonging activities, therapeutic efficacy"
ANZYL 10 MG 28 FILM TABLET,escitalopram,733,"risk or severity of adverse effects, QTc-prolonging activities, metabolism"
ANZYL 15 MG 28 FTB,escitalopram,733,"risk or severity of adverse effects, QTc-prolonging activities, metabolism"
ANZYL 20 MG 28 FILM TABLET,escitalopram,733,"risk or severity of adverse effects, QTc-prolonging activities, metabolism"
ANZYL 5 MG 28 FTB,escitalopram,733,"risk or severity of adverse effects, QTc-prolonging activities, metabolism"
"APACLOT 2,5 MG FILM KAPLI TABLET (56 FILM KAPLI TABLET)",apixaban,351,"serum concentration, anticoagulant activities, metabolism"
APACLOT 5 MG FILM KAPLI TABLET (56 FILM KAPLI TABLET),apixaban,351,"serum concentration, anticoagulant activities, metabolism"
"APFECTO % 0,3 GOZ DAMLASI, SUSPANSIYON (1,7 ML)",nepafenac,342,"risk or severity of adverse effects, therapeutic efficacy, antihypertensive activities"
"APFECTO %0,1 GOZ DAMLASI, SUSPANSIYON (5 ML)",nepafenac,342,"risk or severity of adverse effects, therapeutic efficacy, antihypertensive activities"
APIREKS 100 MG/5 ML 100 ML PEDIATRIK SUSP,ibuprofen,424,"risk or severity of adverse effects, metabolism, therapeutic efficacy"
"APIXELIS 2,5 MG FILM KAPLI TABLET (56 TABLET)",apixaban,351,"serum concentration, anticoagulant activities, metabolism"
APIXELIS 5 MG FILM KAPLI TABLET (56 TABLET),apixaban,351,"serum concentration, anticoagulant activities, metabolism"
"APIXENTA 2,5 MG FILM KAPLI TABLET (56 ADET)",apixaban,351,"serum concentration, anticoagulant activities, metabolism"
APIXENTA 5 MG FILM KAPLI TABLET (56 ADET),apixaban,351,"serum concentration, anticoagulant activities, metabolism"
APRALJIN FORTE 550 MG 10 FTB,naproxen,416,"risk or severity of adverse effects, metabolism, therapeutic efficacy"
APRANAX 275 MG 10 TB,naproxen,416,"risk or severity of adverse effects, metabolism, therapeutic efficacy"
APRANAX 275 MG 20 TB,naproxen,416,"risk or severity of adverse effects, metabolism, therapeutic efficacy"
APRANAX FORTE 550 MG 10 TB,naproxen,416,"risk or severity of adverse effects, metabolism, therapeutic efficacy"
APRANAX FORTE 550 MG 20 TB,naproxen,416,"risk or severity of adverse effects, metabolism, therapeutic efficacy"
APROKAM 50 MG INTRAKAMERAL ENJEKSIYONLUK COZELTI TOZU 10 FLAKON,cefuroxime,46,"serum concentration, absorption, nephrotoxic activities"
APROL 275 MG 10 FTB,naproxen,416,"risk or severity of adverse effects, metabolism, therapeutic efficacy"
APROL FORT 550 MG FILM KAPLI TABLET (10 TABLET),naproxen,416,"risk or severity of adverse effects, metabolism, therapeutic efficacy"
APROL FORT 550 MG FILM KAPLI TABLET (20 TABLET),naproxen,416,"risk or severity of adverse effects, metabolism, therapeutic efficacy"
APROWELL FORT 550 MG 10 TB,naproxen,416,"risk or severity of adverse effects, metabolism, therapeutic efficacy"
APROWELL FORT 550 MG 20 TB,naproxen,416,"risk or severity of adverse effects, metabolism, therapeutic efficacy"
ARAMID 10 MG 30 FTB,leflunomide,598,"risk or severity of adverse effects, metabolism, therapeutic efficacy"
ARAMID 20 MG 30 FTB,leflunomide,598,"risk or severity of adverse effects, metabolism, therapeutic efficacy"
ARAVA 10 MG 30 FTB,leflunomide,598,"risk or severity of adverse effects, metabolism, therapeutic efficacy"
ARAVA 20 MG 30 FTB,leflunomide,598,"risk or severity of adverse effects, metabolism, therapeutic efficacy"
ARBESTA 150 MG 28 FTB,irbesartan,546,"metabolism, risk or severity of adverse effects, hypotensive activities"
ARBESTA 300 MG 28 FTB,irbesartan,546,"metabolism, risk or severity of adverse effects, hypotensive activities"
ARCOTIL 20 MG IV/IM LIYOF TOZ ICEREN FLK (1 FLK+1 COZUCU AMP),tenoxicam,396,"risk or severity of adverse effects, metabolism, therapeutic efficacy"
AREX 25 MG FILM KAPLI TABLET (20 TABLET),dexketoprofen,217,"risk or severity of adverse effects, thrombogenic activities, antiplatelet activities"
AREX 50 MG FILM KAPLI TABLET (30 TABLET),dexketoprofen,217,"risk or severity of adverse effects, thrombogenic activities, antiplatelet activities"
ARFELIP 267 MG SERT KAPSUL (30 ADET),fenofibrate,115,"metabolism, serum concentration, hypoglycemic activities"
ARFELIP 267 MG SERT KAPSUL (90 ADET),fenofibrate,115,"metabolism, serum concentration, hypoglycemic activities"
ARIA-DES 5 MG FILM KAPLI TABLET (20 FILM KAPLI TABLET),desloratadine,392,"risk or severity of adverse effects, serum concentration, therapeutic efficacy"
ARICEPT EVESS 10 MG 28 AGIZDA DAGILAN TB,donepezil,314,"metabolism, risk or severity of adverse effects, bradycardic activities"
ARIFAY 10 MG 28 AGIZDA DAGILAN TB,aripiprazole,741,"serum concentration, risk or severity of adverse effects, hypotensive activities"
ARIFAY 5 MG 28 TB,aripiprazole,741,"serum concentration, risk or severity of adverse effects, hypotensive activities"
ARIMIDEX 1 MG 28 FTB,anastrozole,50,"risk or severity of adverse effects, serum concentration, therapeutic efficacy"
ARINNA 40 MG 28 ENTERIK KAPLI TABLET,pantoprazole,297,"metabolism, serum concentration, therapeutic efficacy"
ARIPA 1 MG/ML ORAL COZELTI (150 ML),aripiprazole,741,"serum concentration, risk or severity of adverse effects, hypotensive activities"
ARIPA 10 MG 28 TB,aripiprazole,741,"serum concentration, risk or severity of adverse effects, hypotensive activities"
ARIPA 15 MG 28 TB,aripiprazole,741,"serum concentration, risk or severity of adverse effects, hypotensive activities"
ARIPA 20 MG 28 TABLET,aripiprazole,741,"serum concentration, risk or severity of adverse effects, hypotensive activities"
ARIPA 30 MG 28 TB,aripiprazole,741,"serum concentration, risk or severity of adverse effects, hypotensive activities"
ARIPA 5 MG 28 TB,aripiprazole,741,"serum concentration, risk or severity of adverse effects, hypotensive activities"
ARISLOW ER 1 MG UZATILMIS SALIMLI TABLET (28 TABLET),guanfacine,601,"risk or severity of adverse effects, hypotensive activities, metabolism"
ARISLOW ER 2 MG UZATILMIS SALIMLI TABLET (28 TABLET),guanfacine,601,"risk or severity of adverse effects, hypotensive activities, metabolism"
ARISLOW ER 3 MG UZATILMIS SALIMLI TABLET (28 TABLET),guanfacine,601,"risk or severity of adverse effects, hypotensive activities, metabolism"
ARISLOW ER 4 MG UZATILMIS SALIMLI TABLET (28 TABLET),guanfacine,601,"risk or severity of adverse effects, hypotensive activities, metabolism"
ARISTU 1 MG 28 TB,anastrozole,50,"risk or severity of adverse effects, serum concentration, therapeutic efficacy"
ARITMAL %2 5 ML 5 AMP (BIOSEL),lidocaine,572,"metabolism, risk or severity of adverse effects, serum concentration"
"ARLEC 12,5 MG 28 TB",carvedilol,639,"antihypertensive activities, hypotensive activities, serum concentration"
ARLEC 25 MG 28 TB,carvedilol,639,"antihypertensive activities, hypotensive activities, serum concentration"
"ARLEC 3,125 MG 28 TB",carvedilol,639,"antihypertensive activities, hypotensive activities, serum concentration"
"ARLEC 6,25 MG 28 TB",carvedilol,639,"antihypertensive activities, hypotensive activities, serum concentration"
ARLIPTIN 100 MG FILM KAPLI TABLET (28 TABLET),sitagliptin,311,"hypoglycemic activities, serum concentration, therapeutic efficacy"
ARMASEFT 1 G IV ENJEKTABL TOZ ICEREN FLAKON,ceftriaxone,28,"nephrotoxic activities, risk or severity of adverse effects, anticoagulant activities"
ARMEC 3 MG TABLET (10 TABLET),ivermectin,121,"metabolism, serum concentration, risk or severity of rhabdomyolysis"
ARMEC 3 MG TABLET (12 TABLET),ivermectin,121,"metabolism, serum concentration, risk or severity of rhabdomyolysis"
ARMEC 3 MG TABLET (20 TABLET),ivermectin,121,"metabolism, serum concentration, risk or severity of rhabdomyolysis"
ARMEC 3 MG TABLET (4 TABLET),ivermectin,121,"metabolism, serum concentration, risk or severity of rhabdomyolysis"
AROMASIN 25 MG 30 DRJ,exemestane,111,"metabolism, serum concentration, therapeutic efficacy"
ARPIN 100 MG FILM KAPLI TABLET (40 ADET),pinaverium,132,"risk or severity of hypotension, therapeutic efficacy, metabolism"
ARPIN 100 MG FILM KAPLI TABLET (80 ADET),pinaverium,132,"risk or severity of hypotension, therapeutic efficacy, metabolism"
ARPIN 50 MG FILM KAPLI TABLET (40 ADET),pinaverium,132,"risk or severity of hypotension, therapeutic efficacy, metabolism"
ARPIN 50 MG FILM KAPLI TABLET (80 ADET),pinaverium,132,"risk or severity of hypotension, therapeutic efficacy, metabolism"
"ARTROCOL %2,5 MG 45 G JEL",ketoprofen,397,"risk or severity of adverse effects, metabolism, therapeutic efficacy"
ARTROPAN 20 MG/ML ENJEKSIYONLUK SUSPANSIYON,triamcinolone,393,"risk or severity of adverse effects, metabolism, serum concentration"
ARVELES 25 MG 20 FTB,dexketoprofen,217,"risk or severity of adverse effects, thrombogenic activities, antiplatelet activities"
ARVELES 50 MG/ 2 ML ENJEKSIYONLUK COZELTI (6 AMPUL),dexketoprofen,217,"risk or severity of adverse effects, thrombogenic activities, antiplatelet activities"
ARVILA 250 MG TABLET (120 TABLET)**,abiraterone,526,"serum concentration, metabolism, cardiotoxic activities"
ARYPEZ 10 MG FILM KAPLI TABLET (28 TABLET),donepezil,314,"metabolism, risk or severity of adverse effects, bradycardic activities"
ARYPEZ 5 MG FILM KAPLI TABLET (28 TABLET),donepezil,314,"metabolism, risk or severity of adverse effects, bradycardic activities"
"ARİPA 2 MG TABLET, 28 ADET",aripiprazole,741,"serum concentration, risk or severity of adverse effects, hypotensive activities"
ASACOL 4 G/100 ML REKTAL SUSPANSIYON (7 ADET),mesalazine,443,"risk or severity of adverse effects, therapeutic efficacy, antihypertensive activities"
ASACOL 500 MG 20 SUPP,mesalazine,443,"risk or severity of adverse effects, therapeutic efficacy, antihypertensive activities"
ASACOL 800 MG ENTERIK TABLET (90 TABLET),mesalazine,443,"risk or severity of adverse effects, therapeutic efficacy, antihypertensive activities"
ASEC 100 MG 20 FTB,aceclofenac,396,"risk or severity of adverse effects, metabolism, therapeutic efficacy"
ASPIRIN 100 MG 20 TB,acetylsalicylic acid,421,"risk or severity of adverse effects, metabolism, therapeutic efficacy"
ASPIRIN 500 MG 20 TB,acetylsalicylic acid,421,"risk or severity of adverse effects, metabolism, therapeutic efficacy"
"ASTONIN-H 0,1 MG 100 TABLET",fludrocortisone,284,"risk or severity of adverse effects, serum concentration, therapeutic efficacy"
"ASTOSAL 2,5 MG/2,5 ML NEBULIZASYON ICIN INHALASYON COZELTISI (20 DOZ)",salbutamol,204,"QTc-prolonging activities, risk or severity of adverse effects, vasoconstricting activities"
ATAFLOKS 400 MG 7 FTB,moxifloxacin,371,"QTc-prolonging activities, neuroexcitatory activities, risk or severity of adverse effects"
ATARAX 2 MG/ML 200 ML SURUP,hydroxyzine,346,"central nervous system depressant (CNS depressant) activities, QTc-prolonging activities, sedative activities"
ATARAX 25 MG 30 FTB,hydroxyzine,346,"central nervous system depressant (CNS depressant) activities, QTc-prolonging activities, sedative activities"
"ATAXIL 100 MG/16,7 ML IV INF. ICIN KON. COZ. ICEREN FLAKON",paclitaxel,519,"risk or severity of adverse effects, metabolism, serum concentration"
ATAXIL 30 MG/5 ML IV INF. ICIN KON. COZ. ICEREN FLAKON,paclitaxel,519,"risk or severity of adverse effects, metabolism, serum concentration"
ATEROZ 10 MG 30 FTB,atorvastatin,384,"risk or severity of adverse effects, serum concentration, metabolism"
ATEROZ 20 MG 30 FTB,atorvastatin,384,"risk or severity of adverse effects, serum concentration, metabolism"
ATEROZ 40 MG 30 FTB,atorvastatin,384,"risk or severity of adverse effects, serum concentration, metabolism"
ATERVIX 75 MG 28 FILM KAPLI TABLET,clopidogrel,321,"metabolism, serum concentration, therapeutic efficacy"
ATIVAN-EXPIDET 1 MG 20 TB,lorazepam,291,"risk or severity of adverse effects, central nervous system depressant (CNS depressant) activities, therapeutic efficacy"
ATOKSILIN 1 GR 16 TB,amoxicillin,74,"metabolism, serum concentration, therapeutic efficacy"
ATOKSILIN 250 MG/5 ML 80 ML SUSP,amoxicillin,74,"metabolism, serum concentration, therapeutic efficacy"
ATOKSILIN 500 MG 16 TB,amoxicillin,74,"metabolism, serum concentration, therapeutic efficacy"
ATOMINEX 10 MG 28 KAP,atomoxetine,697,"metabolism, serum concentration, QTc-prolonging activities"
ATOMINEX 18 MG 28 KAP,atomoxetine,697,"metabolism, serum concentration, QTc-prolonging activities"
ATOMINEX 25 MG 28 KAP,atomoxetine,697,"metabolism, serum concentration, QTc-prolonging activities"
ATOMINEX 40 MG 28 KAP,atomoxetine,697,"metabolism, serum concentration, QTc-prolonging activities"
ATOMINEX 60 MG 28 KAP,atomoxetine,697,"metabolism, serum concentration, QTc-prolonging activities"
ATOMINEX 80 MG 28 KAP,atomoxetine,697,"metabolism, serum concentration, QTc-prolonging activities"
ATOR 10 MG 30 FTB,atorvastatin,384,"risk or severity of adverse effects, serum concentration, metabolism"
ATOR 10 MG 90 FTB,atorvastatin,384,"risk or severity of adverse effects, serum concentration, metabolism"
ATOR 20 MG 30 FTB,atorvastatin,384,"risk or severity of adverse effects, serum concentration, metabolism"
ATOR 20 MG 90 FTB,atorvastatin,384,"risk or severity of adverse effects, serum concentration, metabolism"
ATOR 40 MG 30 FTB,atorvastatin,384,"risk or severity of adverse effects, serum concentration, metabolism"
ATOR 80 MG 30 FTB,atorvastatin,384,"risk or severity of adverse effects, serum concentration, metabolism"
ATROPIN SULFAT 0.25 MG/ML (1/4) 1 ML 10 AMP (GALEN),atropine,133,"risk or severity of adverse effects, therapeutic efficacy, hypertensive activities"
ATROPIN SULFAT 0.5 MG/ML (1/2) 1 ML 10 AMP (BIOSEL),atropine,133,"risk or severity of adverse effects, therapeutic efficacy, hypertensive activities"
ATROPIN SULFAT 0.5 MG/ML (1/2) 1 ML 10 AMP (GALEN),atropine,133,"risk or severity of adverse effects, therapeutic efficacy, hypertensive activities"
ATROPIN SULFAT 1 MG/ML 1 ML 10 AMP (GALEN),atropine,133,"risk or severity of adverse effects, therapeutic efficacy, hypertensive activities"
"ATROPIN SULFAT ONFARMA 0,25 MG / 1 ML ENJEKSIYONLUK COZELTI (10 AMPUL)",atropine,133,"risk or severity of adverse effects, therapeutic efficacy, hypertensive activities"
"ATROPIN SULFAT ONFARMA 0,5 MG / 1 ML ENJEKSIYONLUK COZELTI (10 AMPUL)",atropine,133,"risk or severity of adverse effects, therapeutic efficacy, hypertensive activities"
ATROPIN SULFAT ONFARMA 1 MG / 1 ML ENJEKSIYONLUK COZELTI (10 AMPUL),atropine,133,"risk or severity of adverse effects, therapeutic efficacy, hypertensive activities"
ATTEX 10 MG 28 KAPSUL,atomoxetine,697,"metabolism, serum concentration, QTc-prolonging activities"
ATTEX 100 MG 28 KAP,atomoxetine,697,"metabolism, serum concentration, QTc-prolonging activities"
ATTEX 18 MG 28 KAPSUL,atomoxetine,697,"metabolism, serum concentration, QTc-prolonging activities"
ATTEX 25 MG 28 KAPSUL,atomoxetine,697,"metabolism, serum concentration, QTc-prolonging activities"
ATTEX 4 MG/ML ORAL COZELTI (100 ML),atomoxetine,697,"metabolism, serum concentration, QTc-prolonging activities"
ATTEX 40 MG 28 KAPSUL,atomoxetine,697,"metabolism, serum concentration, QTc-prolonging activities"
ATTEX 60 MG 28 KAPSUL,atomoxetine,697,"metabolism, serum concentration, QTc-prolonging activities"
ATTEX 80 MG 28 KAP,atomoxetine,697,"metabolism, serum concentration, QTc-prolonging activities"
AUBAGIO 14 MG 28 FTB,teriflunomide,605,"serum concentration, risk or severity of adverse effects, metabolism"
AURORIX 150 MG 30 LAK TB,moclobemide,570,"metabolism, risk or severity of adverse effects, hypotensive activities"
AURORIX 300 MG 30 LAK TB,moclobemide,570,"metabolism, risk or severity of adverse effects, hypotensive activities"
AVALCEPT 450 MG FTB,valganciclovir,12,"risk or severity of adverse effects, serum concentration, risk or severity of generalized seizure"
"AVAMYS 27,5 MCG/DOZ 120 DOZ NAZAL SPREY",fluticasone furoate,298,"risk or severity of adverse effects, metabolism, serum concentration"
AVELOX 400 MG 7 FTB,moxifloxacin,371,"QTc-prolonging activities, neuroexcitatory activities, risk or severity of adverse effects"
"AVIJECT 45,5 MG/2 ML IM/IV 5 AMP",pheniramine,13,"sedative activities, therapeutic efficacy, diagnostic agent"
AVIL % 1.25 MERHEM,pheniramine,13,"sedative activities, therapeutic efficacy, diagnostic agent"
AVIL 15 MG / 5 ML SURUP (100 ML),pheniramine,13,"sedative activities, therapeutic efficacy, diagnostic agent"
"AVIL 45,5 MG/2 ML IM/IV ENJEKSIYONLUK COZELTI",pheniramine,13,"sedative activities, therapeutic efficacy, diagnostic agent"
AVIL TB 22.7 MG 20 TB,pheniramine,13,"sedative activities, therapeutic efficacy, diagnostic agent"
"AVIRAVIR 0,5 MG FILM KAPLI TABLET (30 FILM KAPLI TABLET)",entecavir,3,"risk or severity of adverse effects, hepatotoxic activities"
AVIRAVIR 1 MG FILM KAPLI TABLET (30 FILM KAPLI TABLET),entecavir,3,"risk or severity of adverse effects, hepatotoxic activities"
AVODART 0.5 MG 30 YUM KAP,dutasteride,84,"serum concentration, metabolism"
AVORAN 14 MG FILM KAPLI TABLET (28 FİLM KAPLI TABLET),teriflunomide,605,"serum concentration, risk or severity of adverse effects, metabolism"
AZATU 100 MG SC ENJEKSIYONLUK SUSPANSIYON HAZIRLAMAK ICIN TOZ (1 ADET),azacitidine,17,"risk or severity of adverse effects, cardiotoxic activities, immunosuppressive activities"
AZAX 500 MG 3 FTB,azithromycin,391,"metabolism, QTc-prolonging activities, serum concentration"
AZELDERM %20 KREM (30 G),azelaic acid,9,"cardiotoxic activities, risk or severity of adverse effects"
AZELTIN 200 MG/5 ML 15 ML SUSP,azithromycin,391,"metabolism, QTc-prolonging activities, serum concentration"
AZELTIN 200 MG/5 ML 30 ML SUSP,azithromycin,391,"metabolism, QTc-prolonging activities, serum concentration"
AZELTIN 250 MG 6 FILM KAPLI TABLET,azithromycin,391,"metabolism, QTc-prolonging activities, serum concentration"
AZELTIN 500 MG 3 FILM KAPLI TABLET,azithromycin,391,"metabolism, QTc-prolonging activities, serum concentration"
"AZENOSE 0,14 MG/PUSKURTME BURUN SPREYI, COZELTI (10ML)",azelastine,791,"central nervous system depressant (CNS depressant) activities, risk or severity of adverse effects, metabolism"
AZILECT 1 MG 30 TABLET,rasagiline,475,"risk or severity of adverse effects, hypotensive activities, hypertensive activities"
AZILECT 1 MG 30 TB,rasagiline,475,"risk or severity of adverse effects, hypotensive activities, hypertensive activities"
AZIPAR 1 MG 30 TB,rasagiline,475,"risk or severity of adverse effects, hypotensive activities, hypertensive activities"
AZITRO 200 MG/5 ML 15 ML SUSP,azithromycin,391,"metabolism, QTc-prolonging activities, serum concentration"
AZITRO 200 MG/5 ML 30 ML SUSP,azithromycin,391,"metabolism, QTc-prolonging activities, serum concentration"
AZITRO 250 MG 6 FTB,azithromycin,391,"metabolism, QTc-prolonging activities, serum concentration"
AZITRO 500 MG 3 FTB,azithromycin,391,"metabolism, QTc-prolonging activities, serum concentration"
AZOMAX 200 MG/5 ML 15 ML SUSP,azithromycin,391,"metabolism, QTc-prolonging activities, serum concentration"
AZOMAX 200 MG/5 ML 30 ML SUSP,azithromycin,391,"metabolism, QTc-prolonging activities, serum concentration"
AZOMAX 500 MG 3 FTB,azithromycin,391,"metabolism, QTc-prolonging activities, serum concentration"
AZRO 200 MG/5 ML 15 ML SUSP,azithromycin,391,"metabolism, QTc-prolonging activities, serum concentration"
AZRO 200 MG/5 ML 30 ML SUSP,azithromycin,391,"metabolism, QTc-prolonging activities, serum concentration"
AZRO 500 MG 3 FTB,azithromycin,391,"metabolism, QTc-prolonging activities, serum concentration"
AZYTER 15 MG/G TEK DOZLUK GOZ DAMLASI 6 FLK,azithromycin,391,"metabolism, QTc-prolonging activities, serum concentration"
"Altobio Metoprolol 5 mg/5 mL IV Enjeksiyonluk Çözelti, 1 ADET",metoprolol,735,"serum concentration, metabolism, hypotensive activities"
"Altobio Metoprolol 5 mg/5 mL IV Enjeksiyonluk Çözelti, 10 ADET",metoprolol,735,"serum concentration, metabolism, hypotensive activities"
"B.T. ENEMA 59 MG/ML+161 MG/ML COZELTI (67,5 ML) (B.T.ENEMA 67,5 ML LAVMAN)",sodium phosphate,185,"nephrotoxic activities, absorption, risk or severity of adverse effects"
B.T. ENEMA COZELTI (135 ML) (B.T ENEMA 135 ML LAVMAN),sodium phosphate,185,"nephrotoxic activities, absorption, risk or severity of adverse effects"
B.T. ENEMA COZELTI (210 ML) (B.T.ENEMA 210 ML LAVMAN),sodium phosphate,185,"nephrotoxic activities, absorption, risk or severity of adverse effects"
BACLOFEN SINTETICA INTRATEKAL 0.05MG/1ML ENJEKSIYONLUK COZELTI (5 AMPUL),baclofen,281,"risk or severity of adverse effects, central nervous system depressant (CNS depressant) activities, therapeutic efficacy"
BACLOFEN SINTETICA INTRATEKAL 10 MG / 5 ML INFUZYONLUK COZELTI (1 AMPUL),baclofen,281,"risk or severity of adverse effects, central nervous system depressant (CNS depressant) activities, therapeutic efficacy"
BACLOREX 10 MG/5 ML INTRATEKAL INFUZYINLUK COZELTI (1 FLAKON),baclofen,281,"risk or severity of adverse effects, central nervous system depressant (CNS depressant) activities, therapeutic efficacy"
BACMIRPI %2 MERHEM (15 G),mupirocin,1,therapeutic efficacy
BACODERM %2 15 GR KREM,mupirocin,1,therapeutic efficacy
BACODERM %2 15 GR POMAD,mupirocin,1,therapeutic efficacy
BACTROBAN %2 15 GR KREM,mupirocin,1,therapeutic efficacy
BACTROBAN %2 15 GR POM,mupirocin,1,therapeutic efficacy
BAGEDA 20 MG 30 FILM TABLET,leflunomide,598,"risk or severity of adverse effects, metabolism, therapeutic efficacy"
BAKSIL 1 G I.M./I.V. ENJEKSIYONLUK COZELTI HAZIRLAMAK ICIN TOZ (1 FLAKON),sulbactam,1,therapeutic efficacy
BALABAN %2 MERHEM,mupirocin,1,therapeutic efficacy
"BARACLUDE 0,5 MG 30 FTB",entecavir,3,"risk or severity of adverse effects, hepatotoxic activities"
BARACLUDE 1 MG 30 FTB,entecavir,3,"risk or severity of adverse effects, hepatotoxic activities"
"BARAVIR 0,5 MG FILM KAPLI TABLET",entecavir,3,"risk or severity of adverse effects, hepatotoxic activities"
BARAVIR 1 MG FILM KAPLI TABLET,entecavir,3,"risk or severity of adverse effects, hepatotoxic activities"
BARCA SR 600 MG 10 FTB,etodolac,397,"risk or severity of adverse effects, metabolism, therapeutic efficacy"
BAUDA 14 MG FILM KAPLI TABLET (28 TABLET),teriflunomide,605,"serum concentration, risk or severity of adverse effects, metabolism"
BEASTIN 100 MG IV INFUZYON ICIN LIYOFILIZE TOZ ICEREN FLAKON,bendamustine,38,"metabolism, serum concentration, cardiotoxic activities"
BEFAZOL 1000 MG IM ENJEKSIYONLUK COZELTI HAZIRLAMAK ICIN TOZ VE COZUCU,cefazolin,11,"anticoagulant activities, protein binding, serum concentration"
BEFAZOL 1000 MG IM/IV ENJEKSIYONLUK COZELTI HAZIRLAMAK ICIN TOZ VE COZUCU,cefazolin,11,"anticoagulant activities, protein binding, serum concentration"
BEFAZOL 500 MG IM ENJEKSIYONLUK COZELTI HAZIRLAMAK ICIN TOZ VE COZUCU,cefazolin,11,"anticoagulant activities, protein binding, serum concentration"
BEFAZOL 500 MG IM/IV ENJEKSIYONLUK COZELTI HAZIRLAMAK ICIN TOZ VE COZUCU,cefazolin,11,"anticoagulant activities, protein binding, serum concentration"
BEGAMIR 50 MG UZATILMIS SALIMLI 30 FILM TABLET,mirabegron,403,"metabolism, risk or severity of adverse effects, serum concentration"
BEKSAR %1 JEL 60 G,bexarotene,168,"metabolism, serum concentration, risk or severity of adverse effects"
BELOC-ZOC 100 MG 20 KONT SAL FTB,metoprolol,735,"serum concentration, metabolism, hypotensive activities"
BELOC-ZOK 25 MG 20 KONT SAL FTB,metoprolol,735,"serum concentration, metabolism, hypotensive activities"
BELOC-ZOK 50 MG 20 KONT SAL FTB,metoprolol,735,"serum concentration, metabolism, hypotensive activities"
BEMUSTU 100 MG IV INFUZYONLUK COZELTI HAZIRLAMADA KULLANILACAK KONSANTRE ICIN TOZ,bendamustine,38,"metabolism, serum concentration, cardiotoxic activities"
BENDAMUS 100 MG IV INFUZYON ICIN LIYOFILIZE TOZ ICEREN FLK,bendamustine,38,"metabolism, serum concentration, cardiotoxic activities"
BENDAMUS 25 MG IV INFUZYON ICIN LIYOFILIZE TOZ ICEREN FLK,bendamustine,38,"metabolism, serum concentration, cardiotoxic activities"
BENIPIN 4 MG 30 FTB,benidipine,199,"metabolism, risk or severity of hypotension, therapeutic efficacy"
BENIPIN 8 MG 30 FTB,benidipine,199,"metabolism, risk or severity of hypotension, therapeutic efficacy"
BENITIDE 4 MG FILM KAPLI TABLET (30 ADET),benidipine,199,"metabolism, risk or severity of hypotension, therapeutic efficacy"
BENITIDE 8 MG FILM KAPLI TABLET (30 ADET),benidipine,199,"metabolism, risk or severity of hypotension, therapeutic efficacy"
"BENPAIN 1,5 MG/ML GARGARA",benzydamine,319,"risk or severity of adverse effects, therapeutic efficacy, antihypertensive activities"
"BENPAIN 1,5 MG/ML ORAL MUKOZAYA UYGULANACAK SPREY, COZELTI",benzydamine,319,"risk or severity of adverse effects, therapeutic efficacy, antihypertensive activities"
BENSERI 50 MG 30 FILM KAPLI TABLET,diclofenac,491,"risk or severity of adverse effects, metabolism, serum concentration"
BENVIDA 10 MG/ML IV INFUZYON COZELTISI 20 ML,lacosamide,82,"atrioventricular blocking (AV block) activities, serum concentration, therapeutic efficacy"
BENVIDA 100 MG 56 FTB,lacosamide,82,"atrioventricular blocking (AV block) activities, serum concentration, therapeutic efficacy"
BENVIDA 150 MG 56 FTB,lacosamide,82,"atrioventricular blocking (AV block) activities, serum concentration, therapeutic efficacy"
BENVIDA 200 MG 56 FTB,lacosamide,82,"atrioventricular blocking (AV block) activities, serum concentration, therapeutic efficacy"
BENVIDA 50 MG 14 FTB,lacosamide,82,"atrioventricular blocking (AV block) activities, serum concentration, therapeutic efficacy"
"BENZYDEX % 0,15 120 ML GARGARA",benzydamine,319,"risk or severity of adverse effects, therapeutic efficacy, antihypertensive activities"
"BENZYDEX %0,15 30 ML ORAL SPREY",benzydamine,319,"risk or severity of adverse effects, therapeutic efficacy, antihypertensive activities"
"BERAZINC 15 MG/5 ML SURUP, 100 ML (1 SISE)",zinc sulfate,1,serum concentration
BERAZINC 220 40 KAP,zinc sulfate,1,serum concentration
BERAZINC 30 MG/5 ML FORT 100 ML SURUP,zinc sulfate,1,serum concentration
BERODEX 25 MG FILM KAPLI TABLET (20 TABLET) (ASEKET-S 25 MG FILM KAPLI TABLET (20 TABLET) ),dexketoprofen,217,"risk or severity of adverse effects, thrombogenic activities, antiplatelet activities"
BERODEX 50 MG 30 FILM KAPLI TABLET (30 TABLET) (ASEKET-S 50 MG FILM KAPLI TABLET (30 TABLET)),dexketoprofen,217,"risk or severity of adverse effects, thrombogenic activities, antiplatelet activities"
"BESIVANCE % 0,6 OFTALMIK SÜSPANSIYON, 5 ML",besifloxacin,11,"cardiotoxic activities, risk or severity of adverse effects, therapeutic efficacy"
BETABLOK SDK 100 MG KONTROLLU SALIMLI 20 FTB,metoprolol,735,"serum concentration, metabolism, hypotensive activities"
BETABLOK SDK 25 MG KONTROLLU SALIMLI 20 FTB,metoprolol,735,"serum concentration, metabolism, hypotensive activities"
BETABLOK SDK 50 MG KONTROLLU SALIMLI 20 FTB,metoprolol,735,"serum concentration, metabolism, hypotensive activities"
BETABLOK SDK 50 MG KONTROLLU SALIMLI 30 FILM TABLET,metoprolol,735,"serum concentration, metabolism, hypotensive activities"
BETAKSIM 1 GR 1 FLK,cefotaxime,19,"nephrotoxic activities, anticoagulant activities, therapeutic efficacy"
BETAKSIM 500 MG 1 FLK,cefotaxime,19,"nephrotoxic activities, anticoagulant activities, therapeutic efficacy"
BETANORM 80 MG 100 TB,gliclazide,307,"hypoglycemic activities, therapeutic efficacy, metabolism"
BETANORM 80 MG 20 TB,gliclazide,307,"hypoglycemic activities, therapeutic efficacy, metabolism"
BETANORM 80 MG 60 TB,gliclazide,307,"hypoglycemic activities, therapeutic efficacy, metabolism"
BETANORM MR 30 MG 30 TB,gliclazide,307,"hypoglycemic activities, therapeutic efficacy, metabolism"
BETANORM MR 30 MG 60 TB,gliclazide,307,"hypoglycemic activities, therapeutic efficacy, metabolism"
BETANORM MR 30 MG 90 TB,gliclazide,307,"hypoglycemic activities, therapeutic efficacy, metabolism"
BETANORM MR 60 MG 30 TB,gliclazide,307,"hypoglycemic activities, therapeutic efficacy, metabolism"
BETANORM MR 60 MG 60 TB,gliclazide,307,"hypoglycemic activities, therapeutic efficacy, metabolism"
BETASALIC LOSYON 50 ML,betamethasone,313,"risk or severity of adverse effects, serum concentration, therapeutic efficacy"
BETASALIC MERHEM 30 GR,betamethasone,313,"risk or severity of adverse effects, serum concentration, therapeutic efficacy"
BETASERC 16 MG 30 TB,betahistine,158,"therapeutic efficacy, serum concentration, sedative activities"
BETASERC 24 MG 100 TB,betahistine,158,"therapeutic efficacy, serum concentration, sedative activities"
BETASERC 24 MG 20 TB,betahistine,158,"therapeutic efficacy, serum concentration, sedative activities"
BETASERC 24 MG 60 TB,betahistine,158,"therapeutic efficacy, serum concentration, sedative activities"
BETASERC 8 MG 30 TB,betahistine,158,"therapeutic efficacy, serum concentration, sedative activities"
BETMIGA 50 MG UZATILMIS SALIMLI 30 FILM TABLET,mirabegron,403,"metabolism, risk or severity of adverse effects, serum concentration"
BETNOVATE %0.1 20 ML LOSYON,betamethasone,313,"risk or severity of adverse effects, serum concentration, therapeutic efficacy"
BETNOVATE %0.1 30 GR KREM,betamethasone,313,"risk or severity of adverse effects, serum concentration, therapeutic efficacy"
BETNOVATE %0.1 30 GR POMAD,betamethasone,313,"risk or severity of adverse effects, serum concentration, therapeutic efficacy"
BETNOVATE %0.1 30 ML SAC LOSYONU,betamethasone,313,"risk or severity of adverse effects, serum concentration, therapeutic efficacy"
BETOPTIC 5.6 MG/ML 5 ML GOZ DAMLASI,betaxolol,646,"metabolism, hypotensive activities, antihypertensive activities"
BEXGRATIN 75 MG 100 YUMUSAK KAP,bexarotene,168,"metabolism, serum concentration, risk or severity of adverse effects"
BI-PROFENID 100 MG UZATILMIS SALIMLI CENTIKLI 20 TB,ketoprofen,397,"risk or severity of adverse effects, metabolism, therapeutic efficacy"
BI-PROFENID 150 MG 10 TB,ketoprofen,397,"risk or severity of adverse effects, metabolism, therapeutic efficacy"
BICNU 100 MG ENJEKSIYONLUK COZELTI ICIN TOZ,carmustine,45,"metabolism, risk or severity of adverse effects, serum concentration"
BIEMEFRIN 4 MG/4 ML IV INF ICIN ENJ COZ ICEREN 10 AMP,norepinephrine,188,"vasoconstricting activities, risk or severity of adverse effects, hypertensive activities"
"BIEMEXOL 300 MGI/ML IA, IV, INTRATEKAL ENJ ICIN COZ ICEREN 100 ML 1 FLK",iohexol,1,risk or severity of adverse effects
"BIEMEXOL 300 MGI/ML IA, IV, INTRATEKAL ENJ ICIN COZ ICEREN 50 ML 1 FLK",iohexol,1,risk or severity of adverse effects
"BIEMEXOL 350 MGI/ML IA, IV, INTRATEKAL ENJ ICIN COZ ICEREN 100 ML 1 FLK",iohexol,1,risk or severity of adverse effects
"BIEMEXOL 350 MGI/ML IA, IV, INTRATEKAL ENJ ICIN COZ ICEREN 200 ML 1 FLK",iohexol,1,risk or severity of adverse effects
"BIEMEXOL 350 MGI/ML IA, IV, INTRATEKAL ENJ ICIN COZICEREN 50 ML 1 FLK",iohexol,1,risk or severity of adverse effects
BILAXTEN 20 MG 20 TB,bilastine,12,"sedative activities, diagnostic agent, therapeutic efficacy"
"BIMATOCARE % 0.01 GOZ DAMLASI, COZELTI (2,5 ML)",bimatoprost,229,"hypotensive activities, therapeutic efficacy, antihypertensive activities"
BIOFENAC 100 MG FILM KAPLI TABLET (20 TABLET),aceclofenac,396,"risk or severity of adverse effects, metabolism, therapeutic efficacy"
BIOFLEKS %20 MANNITOL ENJ SOL 500 ML SETLI,mannitol,219,"risk or severity of adverse effects, hypotensive activities, nephrotoxic activities"
BIOFLEKS %20 MANNITOL ENJ SOL 500 ML SETSIZ,mannitol,219,"risk or severity of adverse effects, hypotensive activities, nephrotoxic activities"
BIOFLEX %1.5 GLISIN 3000 ML IRR SOL (BIOSEL SETSIZ TORBA),glycine,1,risk or severity of adverse effects
BIOFLEX %1.5 GLISIN 3000 ML IRR SOL (BIOSEL TORBA SETLI ),glycine,1,risk or severity of adverse effects
BIOXININ FORTE %5 DERI SPREYI 60 ML,minoxidil,239,"hypotensive activities, risk or severity of adverse effects, antihypertensive activities"
"BIRIGLO %0,15 GOZ DAMLASI, COZELTI (5 ML)",brimonidine,497,"central nervous system depressant (CNS depressant) activities, antihypertensive activities, risk or severity of adverse effects"
BIVOXA %5 OFTALMIK COZELTI 5 ML,moxifloxacin,371,"QTc-prolonging activities, neuroexcitatory activities, risk or severity of adverse effects"
BLEMISIN 15 MG LIYOFILIZE TOZ ICEREN FLK,bleomycin,17,"risk or severity of adverse effects, cardiotoxic activities, immunosuppressive activities"
BLEOMITU 15 MG ENJEKSIYONLUK/INFUZYONLUK COZELTI HAZIRLAMAK ICIN TOZ,bleomycin,17,"risk or severity of adverse effects, cardiotoxic activities, immunosuppressive activities"
BLOXER 5 MG 28 TB,nebivolol,523,"hypotensive activities, antihypertensive activities, serum concentration"
"BLİSSEL 50 MİKROGRAM/G VAJİNAL JEL , 10 G",estriol,162,"serum concentration, thrombogenic activities, anticoagulant activities"
BONEDRO 4 MG/5 ML IV INF. ICIN KONS. COZ. ICEREN 1 FLK,zoledronic acid,126,"risk or severity of adverse effects, serum concentration, hypocalcemic activities"
"BORCADE 3,5 MG IV/SC ENJEKSIYONLUK COZELTI HAZIRLAMAK ICIN LIYOFILIZE TOZ",bortezomib,787,"metabolism, serum concentration, risk or severity of adverse effects"
BOSULIF 500 MG 28 FILM TABLET,bosutinib,413,"serum concentration, cardiotoxic activities, excretion"
BOSULIF100 MG 28 FILM TABLET,bosutinib,413,"serum concentration, cardiotoxic activities, excretion"
BRADIKANT 30MG / 3ML COZELTI ICEREN KULLANIMA HAZIR ENJEKTOR,icatibant,322,"risk or severity of adverse effects, antihypertensive activities, therapeutic efficacy"
BRECUR 100 MCG OLCULU DOZLU INHALASYON SUSPANSIYONU (200 DOZ),salbutamol,204,"QTc-prolonging activities, risk or severity of adverse effects, vasoconstricting activities"
"BRECUR 2,5 MG 2,5 ML NEBULIZASYON ICIN INHALASYON COZELTISI 20 FLAKON",salbutamol,204,"QTc-prolonging activities, risk or severity of adverse effects, vasoconstricting activities"
BRETICASONE 2 MG/2 ML NEBULIZASYON SUSPANSIYONU,fluticasone,251,"risk or severity of adverse effects, serum concentration, hypokalemic activities"
BRILINTA 90 MG 56 FTB,ticagrelor,360,"metabolism, serum concentration, anticoagulant activities"
BRIMADEKS 200 MG/2ML IV ENJEKSIYONLUK COZELTI,sugammadex,43,"anticoagulant activities, serum concentration, therapeutic efficacy"
"BRIMOGUT %0,15 GOZ DAMLASI, COZELTI (5 ML)",brimonidine,497,"central nervous system depressant (CNS depressant) activities, antihypertensive activities, risk or severity of adverse effects"
"BRIMOLIX %0,15 GOZ DAMLASI- COZELTI",brimonidine,497,"central nervous system depressant (CNS depressant) activities, antihypertensive activities, risk or severity of adverse effects"
BRITIL % 1 5 ML GOZ DAMLASI,brinzolamide,103,"serum concentration, metabolism, risk or severity of adverse effects"
BRONKOLIN 200 MG RETARD 30 TB,theophylline,536,"metabolism, serum concentration, antihypertensive activities"
BRONKOLIN 300 MG DEGISTIRILMIS SALIMLI TABLET (50 TABLET),theophylline,536,"metabolism, serum concentration, antihypertensive activities"
"BRONOLAC 15 MG/5 ML PEDIATRIK ŞURUP ,100 ML",ambroxol,107,"metabolism, serum concentration, risk or severity of adverse effects"
BRUFEN 400 MG 20 FTB,ibuprofen,424,"risk or severity of adverse effects, metabolism, therapeutic efficacy"
BRUFEN 600 MG 20 FTB,ibuprofen,424,"risk or severity of adverse effects, metabolism, therapeutic efficacy"
BRUFEN RETARD 800 MG YAVAS SALIMLI 14 FTB,ibuprofen,424,"risk or severity of adverse effects, metabolism, therapeutic efficacy"
BRUPREX 200 MG / 5 ML SUSPANSIYON (100 ML),ibuprofen,424,"risk or severity of adverse effects, metabolism, therapeutic efficacy"
BRUS 100 MG/5 ML 100 ML PED SUSP,ibuprofen,424,"risk or severity of adverse effects, metabolism, therapeutic efficacy"
"BRİLİNTA 60 MG FILM KAPLI TABLET, 56 ADET",ticagrelor,360,"metabolism, serum concentration, anticoagulant activities"
"BRİMODER %0,33 JEL, 30 G",brimonidine,497,"central nervous system depressant (CNS depressant) activities, antihypertensive activities, risk or severity of adverse effects"
BUDENOFALK 3 MG 100 MIKROPELLET KAP,budesonide,305,"risk or severity of adverse effects, serum concentration, hypokalemic activities"
"BUDENOSIN 0,25 MG/1 ML NEBULIZASYON SUSPANSIYONU",budesonide,305,"risk or severity of adverse effects, serum concentration, hypokalemic activities"
"BUDENOSIN 0,5 MG/1 ML NEBULIZASYON SUSPANSIYONU (20 ADET)",budesonide,305,"risk or severity of adverse effects, serum concentration, hypokalemic activities"
BUDENOSIN DISCAIR 400 MCG INHALASYON ICIN TOZ (60 DOZ),budesonide,305,"risk or severity of adverse effects, serum concentration, hypokalemic activities"
BULSEF 1 G I.M. ENJEKSIYONLUK COZELTI ICIN TOZ ICEREN FLAKON (3 FLAKON+ 3 AMPUL),ceftriaxone,28,"nephrotoxic activities, risk or severity of adverse effects, anticoagulant activities"
BULSEF 1 GR IM ENJ. COZ. HAZ. ICIN TOZ ICEREN FLAKON,ceftriaxone,28,"nephrotoxic activities, risk or severity of adverse effects, anticoagulant activities"
"BUPIVON SPINAL HEAVY %0,5 ENJ COZ ICEREN 4 ML 5 AMP",bupivacaine,524,"risk or severity of adverse effects, metabolism, serum concentration"
BUPRAPAN 150 MG UZATILMIS SALIMLI TABLET (30 TABLET),bupropion,392,"metabolism, serum concentration, risk or severity of adverse effects"
BUPRAPAN 300 MG UZATILMIS SALIMLI TABLET (30 TABLET),bupropion,392,"metabolism, serum concentration, risk or severity of adverse effects"
"BURAZIN %0,025 PEDIATRIK DOZ AYARLI BURUN SPREYI",oxymetazoline,155,"vasoconstricting activities, atrioventricular blocking (AV block) activities, risk or severity of adverse effects"
"BURAZIN %0,05 BURUN SPREYI, COZELTI (10 ML)",oxymetazoline,155,"vasoconstricting activities, atrioventricular blocking (AV block) activities, risk or severity of adverse effects"
BUSCOPAN 10 MG 20 DRJ,butylscopolamine,119,"risk or severity of adverse effects, therapeutic efficacy, serum concentration"
BUSCOPAN 20 MG/ML 1 ML 6 AMP,butylscopolamine,119,"risk or severity of adverse effects, therapeutic efficacy, serum concentration"
BUSLERA 60 MG/10 ML IV INF ICIN KONS COZ ICEREN 1 FLK,busulfan,144,"serum concentration, metabolism, risk or severity of adverse effects"
BUSPON 5 MG 50 KAP,buspirone,477,"risk or severity of adverse effects, metabolism, serum concentration"
BUSULTU 6 MG/ML IV INFUZYON ICIN KONSANTRE COZELTI,busulfan,144,"serum concentration, metabolism, risk or severity of adverse effects"
BUTAFLY %1 KREM 15 G,butenafine,69,"therapeutic efficacy, serum concentration, metabolism"
BUTAFLY %1 KREM 30 G,butenafine,69,"therapeutic efficacy, serum concentration, metabolism"
BUTEFIN %1 KREM 15 G,butenafine,69,"therapeutic efficacy, serum concentration, metabolism"
BUTEFIN %1 KREM 30 G,butenafine,69,"therapeutic efficacy, serum concentration, metabolism"
BUTEFIN %1 SPREY COZELTI (30 ML),butenafine,69,"therapeutic efficacy, serum concentration, metabolism"
BUTOPAN 10 MG FILM KAPLI TABLET (20 ADET) (BUTOPAN 10 MG KAPLI TABLET (20 DRAJE)),butylscopolamine,119,"risk or severity of adverse effects, therapeutic efficacy, serum concentration"
BUTOPAN 20 MG/ML 1 ML 6 AMP,butylscopolamine,119,"risk or severity of adverse effects, therapeutic efficacy, serum concentration"
"BUVASIN %0,5 ENJ COZ ICEREN FLK 1X20 ML FLK KUTU",bupivacaine,524,"risk or severity of adverse effects, metabolism, serum concentration"
BUVASIN 5 MG/ML SPINAL HEAVY ENJ.COZ. ICEREN AMPUL,bupivacaine,524,"risk or severity of adverse effects, metabolism, serum concentration"
"BUVICAINE %0,5 ENJ COZ ICEREN FLK",bupivacaine,524,"risk or severity of adverse effects, metabolism, serum concentration"
BYANNLI 1000 MG ENJEKSIYONLUK UZATILMIS SALIMLI SUSPANSIYON ICEREN KULLANIMA HAZIR ENJEKTOR (1 ADET),paliperidone,580,"risk or severity of adverse effects, QTc-prolonging activities, antihypertensive activities"
BYANNLI 700 MG ENJEKSIYONLUK UZATILMIS SALIMLI SUSPANSIYON ICEREN KULLANIMA HAZIR ENJEKTOR,paliperidone,580,"risk or severity of adverse effects, QTc-prolonging activities, antihypertensive activities"
BYRETU 250 MG TABLET (120 TABLET),abiraterone,526,"serum concentration, metabolism, cardiotoxic activities"
"Baymela 3 mg Tablet, 30 ADET",melatonin,365,"risk or severity of adverse effects, metabolism, central nervous system depressant (CNS depressant) activities"
CABOMETYX 20 MG FILM KAPLI TABLET,cabozantinib,127,"metabolism, serum concentration, cardiotoxic activities"
CABOMETYX 40 MG FILM KAPLI TABLET,cabozantinib,127,"metabolism, serum concentration, cardiotoxic activities"
CABOMETYX 60 MG FILM KAPLI TABLET,cabozantinib,127,"metabolism, serum concentration, cardiotoxic activities"
CAELYX 20 MG/10 ML 1 FLK,doxorubicin,513,"serum concentration, metabolism, risk or severity of adverse effects"
CAJEX 1 MCG/ML IV ENJ. COZ. ICEREN 25 AMPUL,calcitriol,183,"metabolism, therapeutic efficacy, serum concentration"
CAJEX 2 MCG/ML IV ENJ. COZ. ICEREN 25 AMPUL,calcitriol,183,"metabolism, therapeutic efficacy, serum concentration"
CALBICOR 12.5 MG 30 TB,carvedilol,639,"antihypertensive activities, hypotensive activities, serum concentration"
CALBICOR 25 MG 30 TB,carvedilol,639,"antihypertensive activities, hypotensive activities, serum concentration"
CALBICOR 6.25 MG 30 TB,carvedilol,639,"antihypertensive activities, hypotensive activities, serum concentration"
CALCITRON 1MCG/ML IV ENJ. COZELTI ICEREN 25 AMPUL,calcitriol,183,"metabolism, therapeutic efficacy, serum concentration"
CALCITRON 2MCG/ML IV ENJ. COZELTI ICEREN 25 AMPUL,calcitriol,183,"metabolism, therapeutic efficacy, serum concentration"
CALDEROL 1 MCG/ML I.V. ENJEKSIYONLUK COZELTI ICEREN 25 AMP,calcitriol,183,"metabolism, therapeutic efficacy, serum concentration"
CALDEROL 2 MCG/ML I.V. ENJ COZ ICEREN 25 AMP,calcitriol,183,"metabolism, therapeutic efficacy, serum concentration"
CALES 3 MG/ML + 3 MG/ML ENJEKSIYONLUK SUSPANSIYON ICEREN AMPUL,betamethasone,313,"risk or severity of adverse effects, serum concentration, therapeutic efficacy"
CALIRA 10 MG FILM KAPLI TABLET (28 TABLET),dapagliflozin,377,"risk or severity of adverse effects, metabolism, hypoglycemic activities"
CALSIPAR 10 MCG/2 ML ENJEKSIYONLUK COZELTI ICEREN AMPUL (5 AMPUL),paricalcitol,123,"serum concentration, metabolism, risk or severity of adverse effects"
CAMILLA 90 MG FILM KAPLI TABLET (56 TABLET),ticagrelor,360,"metabolism, serum concentration, anticoagulant activities"
CANDIMAX 150 MG 2 KAP,fluconazole,679,"metabolism, serum concentration, QTc-prolonging activities"
CANDIMAX 200 MG 7 KAP,fluconazole,679,"metabolism, serum concentration, QTc-prolonging activities"
CANDISEPT 100MG/50 ML IV INF. ICIN COZ. ICEREN 1 FLK,fluconazole,679,"metabolism, serum concentration, QTc-prolonging activities"
CANESTEN %1 20 GR KREM,clotrimazole,758,"metabolism, serum concentration, therapeutic efficacy"
"CANOLEN %1 DERIYE UYGULANACAK SPREY, COZELTI (20 ML)",ciclopirox,69,"therapeutic efficacy, serum concentration, metabolism"
CANOLEN %1 KREM,ciclopirox,69,"therapeutic efficacy, serum concentration, metabolism"
"CAPCIAL % 0,075 KREM",capsaicin,192,"risk or severity of adverse effects, serum concentration, thrombogenic activities"
"CAPCIDERM %0,075 45 G KREM",capsaicin,192,"risk or severity of adverse effects, serum concentration, thrombogenic activities"
CAPETABIN 150 MG FILM KAPLI TABLET (60 TABLET),capecitabine,225,"metabolism, serum concentration, risk or severity of adverse effects"
CAPETABIN 500 MG 120 FTB,capecitabine,225,"metabolism, serum concentration, risk or severity of adverse effects"
CARBODEX 150 MG (10 MG/ML) 15 ML 1 FLK,carboplatin,39,"ototoxic activities, serum concentration, cardiotoxic activities"
CARBODEX 450 MG (10 MG/ML) 45 ML 1 FLK,carboplatin,39,"ototoxic activities, serum concentration, cardiotoxic activities"
CARBODEX 50 MG (10 MG/ML) 5 ML 1 FLK,carboplatin,39,"ototoxic activities, serum concentration, cardiotoxic activities"
CARBODEX 600 MG/60 ML IV INF. COZ. ICEREN FLAKON,carboplatin,39,"ototoxic activities, serum concentration, cardiotoxic activities"
CARBOPLATIN-KOCAK 150 MG/15 ML IV INFUZYON ICIN KONSANTRE SOLUSYON ICEREN 1 FLK,carboplatin,39,"ototoxic activities, serum concentration, cardiotoxic activities"
CARBOPLATIN-KOCAK 450 MG/45 ML IV INFUZYON ICIN KONSANTRE SOLUSYON ICEREN 1 FLK,carboplatin,39,"ototoxic activities, serum concentration, cardiotoxic activities"
CARBOPLATIN-KOCAK 50 MG/5 ML IV INFUZYON ICIN KONSANTRE SOLUSYON ICEREN 1 FLK,carboplatin,39,"ototoxic activities, serum concentration, cardiotoxic activities"
CARDENOR 25 MG/25 ML IV INF ICIN KONSANTRE COZ ICEREN 1 FLK,norepinephrine,188,"vasoconstricting activities, risk or severity of adverse effects, hypertensive activities"
CARDENOR 4 MG/4 ML IV INF ICIN KONS COZ ICEREN 10 AMP,norepinephrine,188,"vasoconstricting activities, risk or severity of adverse effects, hypertensive activities"
CARDIVEX 4 MG FILM KAPLI TABLET (30 TABLET),benidipine,199,"metabolism, risk or severity of hypotension, therapeutic efficacy"
CARDIVEX 8 MG FILM KAPLI TABLET (30 TABLET),benidipine,199,"metabolism, risk or severity of hypotension, therapeutic efficacy"
CARDOPAN 160 MG 28 FTB,valsartan,498,"metabolism, risk or severity of adverse effects, hypotensive activities"
CARDOPAN 320 MG 28 FTB,valsartan,498,"metabolism, risk or severity of adverse effects, hypotensive activities"
CARDOPAN 80 MG 28 FTB,valsartan,498,"metabolism, risk or severity of adverse effects, hypotensive activities"
CARDURA 2 MG 20 TB,doxazosin,438,"hypotensive activities, metabolism, vasoconstricting activities"
CARDURA 4 MG 20 TB,doxazosin,438,"hypotensive activities, metabolism, vasoconstricting activities"
CARDURA 4 MG 90 TB,doxazosin,438,"hypotensive activities, metabolism, vasoconstricting activities"
CARDURA XL 4 MG 30 KONT SALIM TB,doxazosin,438,"hypotensive activities, metabolism, vasoconstricting activities"
CARDURA XL 8 MG 30 KONT SALIM TB,doxazosin,438,"hypotensive activities, metabolism, vasoconstricting activities"
CARMETADIN MR 35 MG 60 MODIFIYE SALIM FTB,trimetazidine,1,risk or severity of adverse effects
CARPLATU 150 MG/15 ML INFUZYON COZELTISI ICEREN 1 FLAKON,carboplatin,39,"ototoxic activities, serum concentration, cardiotoxic activities"
CARPLATU 450 MG/45 ML INFUZYON COZELTISI ICEREN 1 FLAKON,carboplatin,39,"ototoxic activities, serum concentration, cardiotoxic activities"
CARPLATU 50 MG/5 ML I.V. INF COZ ICEREN FLK,carboplatin,39,"ototoxic activities, serum concentration, cardiotoxic activities"
CARTEOL LP %2 UZUN ETKILI GOZ DAMLASI COZELTISI 3 ML,carteolol,524,"hypotensive activities, antihypertensive activities, risk or severity of adverse effects"
CASODEX 150 MG 28 FTB,bicalutamide,130,"metabolism, serum concentration, risk or severity of adverse effects"
CASODEX 50 MG 28 FTB,bicalutamide,130,"metabolism, serum concentration, risk or severity of adverse effects"
CASOMID 50 MG 28 FTB,bicalutamide,130,"metabolism, serum concentration, risk or severity of adverse effects"
CASPOPOL 50 MG IV INF COZ HAZIRLAMAK ICIN LIYOF TOZ,caspofungin,112,"therapeutic efficacy, serum concentration, risk or severity of adverse effects"
CASPOPOL 70 MG IV INF COZ HAZIRLAMAK ICIN LIYOF TOZ,caspofungin,112,"therapeutic efficacy, serum concentration, risk or severity of adverse effects"
CATAFLAM 50 MG 20 DRJ,diclofenac,491,"risk or severity of adverse effects, metabolism, serum concentration"
CATOXFEN 100 MG / 2 ML IM ENJEKSIYONLUK COZELTI 6 AMPUL,ketoprofen,397,"risk or severity of adverse effects, metabolism, therapeutic efficacy"
"CAUPHE 45,5 MG/2 ML IM/IV ENJ. COZ. ICEREN 5 AMP",pheniramine,13,"sedative activities, therapeutic efficacy, diagnostic agent"
CEC 1000 MG 20 EFF TB,cefaclor,19,"nephrotoxic activities, anticoagulant activities, therapeutic efficacy"
CEC 500 MG 20 EFF TB,cefaclor,19,"nephrotoxic activities, anticoagulant activities, therapeutic efficacy"
CEDRINA 100 MG 30 FTB,quetiapine,708,"risk or severity of adverse effects, QTc-prolonging activities, serum concentration"
CEDRINA 150 MG 30 FTB,quetiapine,708,"risk or severity of adverse effects, QTc-prolonging activities, serum concentration"
CEDRINA 200 MG 30 FTB,quetiapine,708,"risk or severity of adverse effects, QTc-prolonging activities, serum concentration"
CEDRINA 25 MG 30 FTB,quetiapine,708,"risk or severity of adverse effects, QTc-prolonging activities, serum concentration"
CEDRINA 300 MG 30 FTB,quetiapine,708,"risk or severity of adverse effects, QTc-prolonging activities, serum concentration"
CEDRINA 400 MG 30 FTB,quetiapine,708,"risk or severity of adverse effects, QTc-prolonging activities, serum concentration"
CEDRINA 50 MG 30 FTB,quetiapine,708,"risk or severity of adverse effects, QTc-prolonging activities, serum concentration"
CEDRINA XR 150 MG UZATILMIS SALIMLI 30 TB,quetiapine,708,"risk or severity of adverse effects, QTc-prolonging activities, serum concentration"
CEDRINA XR 200 MG UZATILMIS SALIMLI 30 TB,quetiapine,708,"risk or severity of adverse effects, QTc-prolonging activities, serum concentration"
CEDRINA XR 300 MG UZATILMIS SALIMLI 30 TB,quetiapine,708,"risk or severity of adverse effects, QTc-prolonging activities, serum concentration"
CEDRINA XR 400 MG UZATILMIS SALIMLI 30 TB,quetiapine,708,"risk or severity of adverse effects, QTc-prolonging activities, serum concentration"
CEDRINA XR 50 MG UZATILMIS SALIMLI 30 TB,quetiapine,708,"risk or severity of adverse effects, QTc-prolonging activities, serum concentration"
CEFAKS 125 MG/5 ML 100 ML SUSP,cefuroxime,46,"serum concentration, absorption, nephrotoxic activities"
CEFAKS 125 MG/5 ML 50 ML SUSP,cefuroxime,46,"serum concentration, absorption, nephrotoxic activities"
CEFAKS 250 MG 10 FTB,cefuroxime,46,"serum concentration, absorption, nephrotoxic activities"
CEFAKS 250 MG 14 FTB,cefuroxime,46,"serum concentration, absorption, nephrotoxic activities"
CEFAKS 250 MG/5 ML 100 ML SUSP,cefuroxime,46,"serum concentration, absorption, nephrotoxic activities"
CEFAKS 500 MG 10 FTB,cefuroxime,46,"serum concentration, absorption, nephrotoxic activities"
CEFAKS 500 MG 14 FTB,cefuroxime,46,"serum concentration, absorption, nephrotoxic activities"
CEFAKS 500 MG 20 FTB,cefuroxime,46,"serum concentration, absorption, nephrotoxic activities"
CEFAKS 500 MG IM ENJ TOZ ICEREN FLK,cefuroxime,46,"serum concentration, absorption, nephrotoxic activities"
CEFAKS IM 250 MG ENJ TOZ ICEREN FLK,cefuroxime,46,"serum concentration, absorption, nephrotoxic activities"
CEFAKS IM 750 MG ENJ TOZ ICEREN FLK,cefuroxime,46,"serum concentration, absorption, nephrotoxic activities"
CEFAKS IV/IM 250 MG 1 FLK,cefuroxime,46,"serum concentration, absorption, nephrotoxic activities"
CEFAKS IV/IM 750 MG 1 FLK,cefuroxime,46,"serum concentration, absorption, nephrotoxic activities"
CEFDIFIX 125 MG/5 ML ORAL SUSPANSIYON ICIN TOZ (100 ML),cefdinir,21,"nephrotoxic activities, anticoagulant activities, serum concentration"
CEFDIFIX 250 MG/5 ML ORAL SUSPANSYON ICIN TOZ (100 ML),cefdinir,21,"nephrotoxic activities, anticoagulant activities, serum concentration"
CEFDIFIX 600 MG 10 FILM KAPLI TABLET,cefdinir,21,"nephrotoxic activities, anticoagulant activities, serum concentration"
CEFDIFIX 600 MG 14 FILM KAPLI TABLET,cefdinir,21,"nephrotoxic activities, anticoagulant activities, serum concentration"
CEFDIFIX 600 MG FILM KAPLI TABLET (7 ADET),cefdinir,21,"nephrotoxic activities, anticoagulant activities, serum concentration"
CEFEC 1000MG 20 EFERVESAN TABLET,cefaclor,19,"nephrotoxic activities, anticoagulant activities, therapeutic efficacy"
CEFEC 500 MG 20 EFERVESAN TABLET,cefaclor,19,"nephrotoxic activities, anticoagulant activities, therapeutic efficacy"
CEFEYE 50 MG INTRAKAMERAL ENJEKSIYONLUK COZELTI HAZIRLAMAK ICIN TOZ (10 FLAKON),cefuroxime,46,"serum concentration, absorption, nephrotoxic activities"
CEFIXIMA 400 MG FILM KAPLI TABLET (10 TABLET),cefixime,19,"nephrotoxic activities, anticoagulant activities, therapeutic efficacy"
CEFIXIMA 400 MG FILM KAPLI TABLET (5 TABLET),cefixime,19,"nephrotoxic activities, anticoagulant activities, therapeutic efficacy"
CEFORCE 1 G IV ENJEKSIYONLUK COZELTI HAZIRLAMAK ICIN TOZ VE COZUCU,ceftriaxone,28,"nephrotoxic activities, risk or severity of adverse effects, anticoagulant activities"
CEFORIST 125 MG/5 ML ORAL SUSPANSIYON HAZIRLAMAK ICIN TOZ (100 ML),cefdinir,21,"nephrotoxic activities, anticoagulant activities, serum concentration"
CEFORIST 250 MG /5 ML ORAL SUSPANSIYON HAZIRLAMAK ICIN TOZ (100 ML),cefdinir,21,"nephrotoxic activities, anticoagulant activities, serum concentration"
CEFORIST 300 MG SERT KAPSUL (10 KASUL),cefdinir,21,"nephrotoxic activities, anticoagulant activities, serum concentration"
CEFORIST 300 MG SERT KAPSUL (20 KAPSUL),cefdinir,21,"nephrotoxic activities, anticoagulant activities, serum concentration"
CEFORIST 600 MG FILM KAPLI TABLET (10 TABLET),cefdinir,21,"nephrotoxic activities, anticoagulant activities, serum concentration"
CEFORIST 600 MG FILM KAPLI TABLET (14 TABLET),cefdinir,21,"nephrotoxic activities, anticoagulant activities, serum concentration"
CEFRIDEM 1 GR IV ENJ ICIN TOZ ICEREN FLK,ceftriaxone,28,"nephrotoxic activities, risk or severity of adverse effects, anticoagulant activities"
CEFTINEX 125 MG/5 ML 100 ML ORAL SUSP,cefdinir,21,"nephrotoxic activities, anticoagulant activities, serum concentration"
CEFTINEX 250 MG/5 ML 100 ML ORAL SUSP ICIN KURU TOZ,cefdinir,21,"nephrotoxic activities, anticoagulant activities, serum concentration"
CEFTINEX 300 MG 10 FTB,cefdinir,21,"nephrotoxic activities, anticoagulant activities, serum concentration"
CEFTINEX 600 MG 10 FTB,cefdinir,21,"nephrotoxic activities, anticoagulant activities, serum concentration"
CEFTINEX 600 MG FILM KAPLI TABLET (14 TABLET),cefdinir,21,"nephrotoxic activities, anticoagulant activities, serum concentration"
CEFTINEX 600 MG FILM TABLET (7 TABLET),cefdinir,21,"nephrotoxic activities, anticoagulant activities, serum concentration"
CELEBREX 200 MG 30 KAPSUL,celecoxib,683,"metabolism, risk or severity of adverse effects, serum concentration"
CELESTON CHRONODOSE 3/3 MG 1 ML 1 AMP,betamethasone,313,"risk or severity of adverse effects, serum concentration, therapeutic efficacy"
"CELGYN 100 MG KAPSÜL, 20 KAPSÜL",celecoxib,683,"metabolism, risk or severity of adverse effects, serum concentration"
CELGYN 200 MG 30 KAPSUL,celecoxib,683,"metabolism, risk or severity of adverse effects, serum concentration"
CELLCEPT 250 MG 100 KAP,mycophenolic acid,410,"risk or severity of adverse effects, serum concentration, therapeutic efficacy"
CELLCEPT 500 MG 50 FTB,mycophenolic acid,410,"risk or severity of adverse effects, serum concentration, therapeutic efficacy"
CELPTU 250 MG FILM KAPLI TABLET (100 TABLET),mycophenolic acid,410,"risk or severity of adverse effects, serum concentration, therapeutic efficacy"
CELPTU 500 MG FILM KAPLI TABLET (50 TABLET),mycophenolic acid,410,"risk or severity of adverse effects, serum concentration, therapeutic efficacy"
CELSENTRI 150 MG FILM KAPLI TABLET (60 TABLET),maraviroc,88,"serum concentration, metabolism"
CELSENTRI 300 MG FILM KAPLI TABLET (60 TABLET),maraviroc,88,"serum concentration, metabolism"
CEMPES 125 MG/5ML 100 ML ORAL SUSPANSIYON ICIN TOZ,cefdinir,21,"nephrotoxic activities, anticoagulant activities, serum concentration"
CEMPES 250 MG/5ML 100 ML ORAL SUSP ICIN TOZ,cefdinir,21,"nephrotoxic activities, anticoagulant activities, serum concentration"
CEMPES 300 MG 10 KAP,cefdinir,21,"nephrotoxic activities, anticoagulant activities, serum concentration"
CEMPES 300 MG 20 KAP,cefdinir,21,"nephrotoxic activities, anticoagulant activities, serum concentration"
CEMPES 600 MG 10 FTB,cefdinir,21,"nephrotoxic activities, anticoagulant activities, serum concentration"
CEMPES 600 MG FILM KAPLI TABLET (14 TABLET),cefdinir,21,"nephrotoxic activities, anticoagulant activities, serum concentration"
CEMPES 600 MG FILM KAPLI TABLET (7 TABLET),cefdinir,21,"nephrotoxic activities, anticoagulant activities, serum concentration"
CEPHAXON 1 GR IV 1 FLK,ceftriaxone,28,"nephrotoxic activities, risk or severity of adverse effects, anticoagulant activities"
"CERAZETTE 75 MCG FİLM KAPLI TABLET, 28 ADET",desogestrel,111,"therapeutic efficacy, serum concentration, anticoagulant activities"
CERTICAN 0.25 MG 60 TB,everolimus,313,"serum concentration, therapeutic efficacy, risk or severity of adverse effects"
CERTICAN 0.25 MG SUDA COZ 60 TB,everolimus,313,"serum concentration, therapeutic efficacy, risk or severity of adverse effects"
CERTICAN 0.75 MG 60 TB,everolimus,313,"serum concentration, therapeutic efficacy, risk or severity of adverse effects"
CETEIX 250 MG SERT KAPSUL (100 KAPSUL),chenodeoxycholic acid,105,"metabolism, serum concentration, therapeutic efficacy"
CETRYN 10 MG 20 FTB,cetirizine,291,"risk or severity of adverse effects, central nervous system depressant (CNS depressant) activities, sedative activities"
CETRYN 5 MG/5 ML 200 ML SURUP,cetirizine,291,"risk or severity of adverse effects, central nervous system depressant (CNS depressant) activities, sedative activities"
CEZOL 1 GR IM 1 FLK,cefazolin,11,"anticoagulant activities, protein binding, serum concentration"
CEZOL 1 GR IM/IV 1 FLK,cefazolin,11,"anticoagulant activities, protein binding, serum concentration"
CEZOL 500 MG IM 1 FLK,cefazolin,11,"anticoagulant activities, protein binding, serum concentration"
"CHAMPIX 0,5 MG 11 + 1 MG 42 FILM KAPLI TABLET",varenicline,83,"risk or severity of adverse effects, serum concentration"
CHAMPIX 1 MG 56 FILM KAPLI TABLET,varenicline,83,"risk or severity of adverse effects, serum concentration"
CHOLVAST 10 MG 30 FILM KAPLI TABLET,atorvastatin,384,"risk or severity of adverse effects, serum concentration, metabolism"
CHOLVAST 20 MG 30 FILM KAPLI TABLET,atorvastatin,384,"risk or severity of adverse effects, serum concentration, metabolism"
CHOLVAST 40 MG 30 FILM KAPLI TABLET,atorvastatin,384,"risk or severity of adverse effects, serum concentration, metabolism"
"CIALIS 20 MG FILM KAPLI TABLET, 4 ADET",tadalafil,285,"antihypertensive activities, serum concentration, hypotensive activities"
"CIALIS 20 MG FILM KAPLI TABLET, 8 ADET",tadalafil,285,"antihypertensive activities, serum concentration, hypotensive activities"
"CIALIS 5 MG FILM KAPLI TABLET, 14 ADET",tadalafil,285,"antihypertensive activities, serum concentration, hypotensive activities"
"CIALIS 5 MG FILM KAPLI TABLET, 28 ADET",tadalafil,285,"antihypertensive activities, serum concentration, hypotensive activities"
CIBACEN 10 MG FILM KAPLI TABLET (28 TABLET),benazepril,394,"risk or severity of adverse effects, hypotensive activities, serum concentration"
CIFLOSIN 500 MG 10 FTB,ciprofloxacin,447,"QTc-prolonging activities, neuroexcitatory activities, risk or severity of adverse effects"
CIFLOSIN 750 MG 14 FTB,ciprofloxacin,447,"QTc-prolonging activities, neuroexcitatory activities, risk or severity of adverse effects"
CINESET 30 MG 28 FTB,cinacalcet,309,"metabolism, serum concentration, serum concentration of active metabolites"
CINESET 60 MG 28 FTB,cinacalcet,309,"metabolism, serum concentration, serum concentration of active metabolites"
CINKOVIT 15 MG/5 ML 100 ML SURUP,zinc sulfate,1,serum concentration
CINKOVIT FORT 30 MG/ 5 ML SURUP,zinc sulfate,1,serum concentration
CIPINTU 100 MG/100 ML INFUZYON ICIN 1 KONSANTRE COZELTI,cisplatin,212,"risk or severity of adverse effects, serum concentration, thrombogenic activities"
CIPINTU 25 MG / 25 ML INFUZYON ICIN KONSANTRE COZELTI,cisplatin,212,"risk or severity of adverse effects, serum concentration, thrombogenic activities"
CIPINTU 50 MG/50 ML INFUZYON ICIN 1 KONSANTRE COZELTI,cisplatin,212,"risk or severity of adverse effects, serum concentration, thrombogenic activities"
CIPRALEX 10 MG 28 FTB,escitalopram,733,"risk or severity of adverse effects, QTc-prolonging activities, metabolism"
CIPRALEX 10 MG 56 FTB,escitalopram,733,"risk or severity of adverse effects, QTc-prolonging activities, metabolism"
CIPRALEX 10 MG 84 FTB,escitalopram,733,"risk or severity of adverse effects, QTc-prolonging activities, metabolism"
CIPRALEX 20 MG 28 FTB,escitalopram,733,"risk or severity of adverse effects, QTc-prolonging activities, metabolism"
CIPRALEX 20 MG 56 FTB,escitalopram,733,"risk or severity of adverse effects, QTc-prolonging activities, metabolism"
CIPRALEX 20 MG 84 FTB,escitalopram,733,"risk or severity of adverse effects, QTc-prolonging activities, metabolism"
CIPRAM 20 MG 28 FTB,citalopram,799,"metabolism, risk or severity of adverse effects, serum concentration"
CIPRASID 500 MG 14 FTB,ciprofloxacin,447,"QTc-prolonging activities, neuroexcitatory activities, risk or severity of adverse effects"
CIPRASID 750 MG 14 FTB,ciprofloxacin,447,"QTc-prolonging activities, neuroexcitatory activities, risk or severity of adverse effects"
CIPRO 250 MG 14 FILM KAPLI TABLET,ciprofloxacin,447,"QTc-prolonging activities, neuroexcitatory activities, risk or severity of adverse effects"
CIPRO 500 MG 14 FILM KAPLI TABLET,ciprofloxacin,447,"QTc-prolonging activities, neuroexcitatory activities, risk or severity of adverse effects"
CIPRO 750 MG 14 FILM KAPLI TABLET,ciprofloxacin,447,"QTc-prolonging activities, neuroexcitatory activities, risk or severity of adverse effects"
CIPRONATIN 500 MG 14 FTB,ciprofloxacin,447,"QTc-prolonging activities, neuroexcitatory activities, risk or severity of adverse effects"
CIPRONATIN 750 MG 14 FTB,ciprofloxacin,447,"QTc-prolonging activities, neuroexcitatory activities, risk or severity of adverse effects"
CIPROPOL 2 MG/ML IV INF ICIN COZ 100 ML SETSIZ 1 TORBA,ciprofloxacin,447,"QTc-prolonging activities, neuroexcitatory activities, risk or severity of adverse effects"
CIPROPOL 2 MG/ML IV INF ICIN COZ 200 ML SETSIZ 1 TORBA,ciprofloxacin,447,"QTc-prolonging activities, neuroexcitatory activities, risk or severity of adverse effects"
CISPLATIN-KOCAK 10 MG/20 ML IV INFUZYON ICEREN 1 FLK,cisplatin,212,"risk or severity of adverse effects, serum concentration, thrombogenic activities"
CISPLATIN-KOCAK 25 MG/50 ML IV INFUZYON ICIN KONSANTRE SOLUSYON ICEREN FLK,cisplatin,212,"risk or severity of adverse effects, serum concentration, thrombogenic activities"
CISPLATIN-KOCAK 50 MG/100 ML IV INFUZYON ICIN KONSANTRE SOLUSYON ICEREN 1 FLK,cisplatin,212,"risk or severity of adverse effects, serum concentration, thrombogenic activities"
CITANEST %2 ENJEKSIYONLUK COZELTI,prilocaine,301,"risk or severity of adverse effects, central nervous system depressant (CNS depressant) activities, sedative activities"
CITOL 20 MG 28 FTB,citalopram,799,"metabolism, risk or severity of adverse effects, serum concentration"
CITOL 20 MG 56 FTB,citalopram,799,"metabolism, risk or severity of adverse effects, serum concentration"
CITOL 40 MG 28 FTB,citalopram,799,"metabolism, risk or severity of adverse effects, serum concentration"
CITOL 40 MG 56 FTB,citalopram,799,"metabolism, risk or severity of adverse effects, serum concentration"
CITOLES 10 MG 28 FTB,escitalopram,733,"risk or severity of adverse effects, QTc-prolonging activities, metabolism"
CITOLES 10 MG 56 FTB,escitalopram,733,"risk or severity of adverse effects, QTc-prolonging activities, metabolism"
CITOLES 10 MG/ML 15 ML ORAL DAMLA,escitalopram,733,"risk or severity of adverse effects, QTc-prolonging activities, metabolism"
CITOLES 15 MG FILM KAPLI TABLET (28 TABLET),escitalopram,733,"risk or severity of adverse effects, QTc-prolonging activities, metabolism"
CITOLES 20 MG 28 FTB,escitalopram,733,"risk or severity of adverse effects, QTc-prolonging activities, metabolism"
CITOLES 20 MG 56 FTB,escitalopram,733,"risk or severity of adverse effects, QTc-prolonging activities, metabolism"
CITOLES 5 MG 28 FTB,escitalopram,733,"risk or severity of adverse effects, QTc-prolonging activities, metabolism"
CITOVIR 450 MG FILM TABLET (60 TABLET),valganciclovir,12,"risk or severity of adverse effects, serum concentration, risk or severity of generalized seizure"
CLARICIDE 500 MG 14 FTB,clarithromycin,712,"metabolism, serum concentration, QTc-prolonging activities"
CLARISCAN 0.5 MMOL/ML ENJEKSIYONLUK COZELTI (1X10 ML FLAKON),gadoteric acid,1,absorption of reduced serum concentration and potentially
CLARISCAN 0.5 MMOL/ML ENJEKSIYONLUK COZELTI (1X15 ML FLAKON),gadoteric acid,1,absorption of reduced serum concentration and potentially
CLARISCAN 0.5 MMOL/ML ENJEKSIYONLUK COZELTI (1X20 ML FLAKON),gadoteric acid,1,absorption of reduced serum concentration and potentially
CLARITINE 10 MG 20 TB,loratadine,460,"risk or severity of adverse effects, metabolism, serum concentration"
CLASEM 125 MG/5ML 100 ML ORAL SUSP ICIN TOZ,cefdinir,21,"nephrotoxic activities, anticoagulant activities, serum concentration"
CLASEM 250 MG/5ML 100 ML ORAL SUSP ICIN TOZ,cefdinir,21,"nephrotoxic activities, anticoagulant activities, serum concentration"
CLASEM 600 MG 10 FTB,cefdinir,21,"nephrotoxic activities, anticoagulant activities, serum concentration"
CLASEM 600 MG FILM KAPLI TABLET (14 TABLET),cefdinir,21,"nephrotoxic activities, anticoagulant activities, serum concentration"
CLASEM 600 MG FILM KAPLI TABLET (7 TABLET),cefdinir,21,"nephrotoxic activities, anticoagulant activities, serum concentration"
CLAXOM 50 MG IV INFUZYONLUK COZELTI HAZIRLAMADA KULLANILACAK KONSANTRE ICIN LIYOFILIZE TOZ,caspofungin,112,"therapeutic efficacy, serum concentration, risk or severity of adverse effects"
CLEANOMISIN 500 MG 14 FTB,clarithromycin,712,"metabolism, serum concentration, QTc-prolonging activities"
CLENID 160 MCG INHALASYON ICIN OLCULU DOZLU AEROSOL 120 DOZ,ciclesonide,298,"risk or severity of adverse effects, metabolism, serum concentration"
CLENID 80 MCG INHALASYON ICIN OLCULU DOZLU AEROSOL 120 DOZ,ciclesonide,298,"risk or severity of adverse effects, metabolism, serum concentration"
CLEOCIN %2 40 GR VAG KREM,clindamycin,126,"metabolism, serum concentration, neuromuscular blocking activities"
CLEOCIN 150 MG 16 KAP,clindamycin,126,"metabolism, serum concentration, neuromuscular blocking activities"
CLEOCIN-T %1 30 ML TOPIKAL SOL,clindamycin,126,"metabolism, serum concentration, neuromuscular blocking activities"
CLIMARA 3.8 MG/12.5 CM2 4 FLASTER,estradiol,373,"serum concentration, metabolism, thrombogenic activities"
CLIMARA FORT 7.6 MG/25 CM2 4 FLASTER,estradiol,373,"serum concentration, metabolism, thrombogenic activities"
CLIN 150 MG 16 KAP,clindamycin,126,"metabolism, serum concentration, neuromuscular blocking activities"
CLIN 300 MG/2 ML ENJEKSIYONLUK COZELTI (1 AMPUL),clindamycin,126,"metabolism, serum concentration, neuromuscular blocking activities"
CLIN 600 MG/4 ML ENJEKSIYONLUK COZELTI (1 AMPUL),clindamycin,126,"metabolism, serum concentration, neuromuscular blocking activities"
"CLODIFEN %0,1 GOZ DAMLASI, COZELTI (5 ML)",diclofenac,491,"risk or severity of adverse effects, metabolism, serum concentration"
CLODIFEN %5 JEL 45 GR,diclofenac,491,"risk or severity of adverse effects, metabolism, serum concentration"
CLOGAN 75 MG 28 FTB,clopidogrel,321,"metabolism, serum concentration, therapeutic efficacy"
CLONEX 100 MG 50 TB,clozapine,858,"risk or severity of adverse effects, metabolism, serum concentration"
CLONEX 25 MG 50 TB,clozapine,858,"risk or severity of adverse effects, metabolism, serum concentration"
CLOPIXOL 2 MG 50 TB,zuclopenthixol,591,"risk or severity of adverse effects, QTc-prolonging activities, serum concentration"
CLOPIXOL 20 MG/ML 20 ML DAMLA,zuclopenthixol,591,"risk or severity of adverse effects, QTc-prolonging activities, serum concentration"
CLOPIXOL ACUPHASE 50 MG/ML 1 AMP,zuclopenthixol,591,"risk or severity of adverse effects, QTc-prolonging activities, serum concentration"
CLOPIXOL DEPOT 200 MG/ML 1 AMP,zuclopenthixol,591,"risk or severity of adverse effects, QTc-prolonging activities, serum concentration"
CLOPRA 75 MG 28 FTB,clopidogrel,321,"metabolism, serum concentration, therapeutic efficacy"
"CLOVATE %0,05 50 G KREM",clobetasol,251,"risk or severity of adverse effects, serum concentration, hypokalemic activities"
"CLOVATE %0,05 50 G MERHEM",clobetasol,251,"risk or severity of adverse effects, serum concentration, hypokalemic activities"
"CLOVATE %0,05 COZELTI (25 ML)",clobetasol,251,"risk or severity of adverse effects, serum concentration, hypokalemic activities"
COBALEX 1000 MCG/1 ML IM 5 AMP,cyanocobalamin,2,"therapeutic efficacy, serum concentration"
"CODERMO %0,1 30 ML LOSYON",mometasone,254,"risk or severity of adverse effects, serum concentration, hypokalemic activities"
CODERMO %0.1 30 GR KREM,mometasone,254,"risk or severity of adverse effects, serum concentration, hypokalemic activities"
CODERMO %0.1 30 GR MERHEM,mometasone,254,"risk or severity of adverse effects, serum concentration, hypokalemic activities"
COGITO 10 MG 100 FTB,memantine,182,"risk or severity of adverse effects, therapeutic efficacy, bradycardic activities"
COGITO 10 MG 30 FTB,memantine,182,"risk or severity of adverse effects, therapeutic efficacy, bradycardic activities"
COGITO 20 MG 30 FTB,memantine,182,"risk or severity of adverse effects, therapeutic efficacy, bradycardic activities"
COGITO 20 MG 90 FTB,memantine,182,"risk or severity of adverse effects, therapeutic efficacy, bradycardic activities"
COGITO 5 MG/BASIS 50 G ORAL SOLUSYON,memantine,182,"risk or severity of adverse effects, therapeutic efficacy, bradycardic activities"
COLASTIN-L 10 MG 30 FTB,atorvastatin,384,"risk or severity of adverse effects, serum concentration, metabolism"
COLASTIN-L 10 MG 90 FTB,atorvastatin,384,"risk or severity of adverse effects, serum concentration, metabolism"
COLASTIN-L 20 MG 30 FTB,atorvastatin,384,"risk or severity of adverse effects, serum concentration, metabolism"
COLASTIN-L 20 MG 90 FTB,atorvastatin,384,"risk or severity of adverse effects, serum concentration, metabolism"
COLASTIN-L 40 MG 30 FTB,atorvastatin,384,"risk or severity of adverse effects, serum concentration, metabolism"
COLASTIN-L 80 MG 30 FTB,atorvastatin,384,"risk or severity of adverse effects, serum concentration, metabolism"
"COLCHICUM DISPERT 0,5 MG FILM TB (50 TB)",colchicine,304,"serum concentration, myopathic rhabdomyolysis activities, risk or severity of adverse effects"
COLCIOSPA 4MG/2ML IM ENJ. ICIN COZELTI ICEREN 6 AMP,thiocolchicoside,1,therapeutic efficacy
COLIDUR 200 MG 12 FTB,rifaximin,368,"serum concentration, risk or severity of hypotension, metabolism"
COLIDUR FORT 550 MG FILM KAPLI TABLET (42 TABLET),rifaximin,368,"serum concentration, risk or severity of hypotension, metabolism"
COLIMYCIN 4.500.000 IU IM/IV ENJ. VE INHALASYON ICIN LIYOF TOZ ICEREN FLK,colistin,1,therapeutic efficacy
COLITIM 150 MG IM/IV ENJEKSIYONLUK VE INHALASYONLUK COZELTI HAZIRLAMAK ICIN LIYOFILIZE TOZ VE COZUCU,colistin,1,therapeutic efficacy
COLNAR 10 MG 28 FTB,rosuvastatin,356,"serum concentration, metabolism, risk or severity of rhabdomyolysis"
COLNAR 20 MG 28 FTB,rosuvastatin,356,"serum concentration, metabolism, risk or severity of rhabdomyolysis"
COLNAR 40 MG 28 FTB,rosuvastatin,356,"serum concentration, metabolism, risk or severity of rhabdomyolysis"
COLNAR 5 MG 28 FTB,rosuvastatin,356,"serum concentration, metabolism, risk or severity of rhabdomyolysis"
"COMBO 100 MG FİLM KAPLI TABLET, 4 ADET",sildenafil,763,"metabolism, serum concentration, antihypertensive activities"
CONBİSOPROL 5 MG FILM KAPLI TABLET (30 TABLET) (RIZOPROL 5 MG FILM KAPLI TABLET (30 FILM TABLET)),bisoprolol,568,"hypotensive activities, metabolism, antihypertensive activities"
CONCERTA 18 MG 30 KONT SALIM TB,methylphenidate,310,"antihypertensive activities, risk or severity of adverse effects, metabolism"
CONCERTA 27 MG 30 KONTROLLU SALIM TB,methylphenidate,310,"antihypertensive activities, risk or severity of adverse effects, metabolism"
CONCERTA 36 MG 30 KONT SALIM TB,methylphenidate,310,"antihypertensive activities, risk or severity of adverse effects, metabolism"
CONCERTA 54 MG 30 KONT SALIM TB,methylphenidate,310,"antihypertensive activities, risk or severity of adverse effects, metabolism"
CONCOR 10 MG FILM KAPLI TABLET (30 TABLET),bisoprolol,568,"hypotensive activities, metabolism, antihypertensive activities"
CONCOR 5 MG FILM KAPLI TABLET (30 TABLET),bisoprolol,568,"hypotensive activities, metabolism, antihypertensive activities"
"CONJITEN % 0,025 STERIL GOZ DAMLASI 5 ML",ketotifen,12,"sedative activities, diagnostic agent, therapeutic efficacy"
CONTRAMAL 100 MG 30 RETARD TB,tramadol,545,"risk or severity of adverse effects, serum concentration, therapeutic efficacy"
CONTRAMAL 100 MG/2 ML 5 AMP,tramadol,545,"risk or severity of adverse effects, serum concentration, therapeutic efficacy"
CONTRAMAL 100 MG/ML10 ML DAMLA,tramadol,545,"risk or severity of adverse effects, serum concentration, therapeutic efficacy"
CONTRAMAL 50 MG 20 KAP,tramadol,545,"risk or severity of adverse effects, serum concentration, therapeutic efficacy"
CONVULEX 50 MG/ML 100 ML PED SURUP,valproic acid,574,"risk or severity of adverse effects, metabolism, serum concentration"
CORALAN 5 MG 56 FTB,ivabradine,194,"serum concentration, QTc-prolonging activities, bradycardic activities"
CORALAN 7.5 MG 56 FTB,ivabradine,194,"serum concentration, QTc-prolonging activities, bradycardic activities"
CORASPIN 100 MG 30 TB,acetylsalicylic acid,421,"risk or severity of adverse effects, metabolism, therapeutic efficacy"
CORASPIN 300 MG 30 TB,acetylsalicylic acid,421,"risk or severity of adverse effects, metabolism, therapeutic efficacy"
CORBINAL 250 MG 14 TB,terbinafine,397,"metabolism, serum concentration, therapeutic efficacy"
CORDARONE 200 MG 30 TB,amiodarone,1034,"metabolism, serum concentration, therapeutic efficacy"
"COREDEM % 5 SODYUM KLORÜR TEK DOZLUK HİPERTONİK OFTALMİK ÇÖZELTİ, 20 ADET",sodium chloride,1,risk or severity of adverse effects
CORELAR 10 MG/2 ML IV INFUZYONLUK COZELTI (4 AMPUL),ibuprofen,424,"risk or severity of adverse effects, metabolism, therapeutic efficacy"
CORLTO 5 MG TABLET (20 TABLET),prednisolone,365,"risk or severity of adverse effects, serum concentration, therapeutic efficacy"
"CORONIS 12,5 MG 28 TB",carvedilol,639,"antihypertensive activities, hypotensive activities, serum concentration"
CORONIS 25 MG 28 TB,carvedilol,639,"antihypertensive activities, hypotensive activities, serum concentration"
"CORONIS 6,25 MG 28 TB",carvedilol,639,"antihypertensive activities, hypotensive activities, serum concentration"
"CORTAIR 0,25 MG/ML NEBULIZASYON ICIN TEK DOZLUK INHALASYON SUSPANSIYONU ICEREN FLAKON (20 FLAKON)",budesonide,305,"risk or severity of adverse effects, serum concentration, hypokalemic activities"
"CORTAIR 0,5 MG/ML NEBULIZASYON ICIN TEK DOZLUK INHALASYON SUSPANSIYONU ICEREN FLAKON (20 FLAKON)",budesonide,305,"risk or severity of adverse effects, serum concentration, hypokalemic activities"
CORTIMYCINE %1 5 GR GOZ POMADI,hydrocortisone,368,"risk or severity of adverse effects, serum concentration, metabolism"
CORTIPOL 20 MG I.M./I.V. ENJEKSIYONLUK/INFUZYONLUK COZELTI HAZIRLAMAK ICIN TOZ VE COZUCU,methylprednisolone,361,"risk or severity of adverse effects, serum concentration, therapeutic efficacy"
CORTIPOL 250 MG IV/IM ENJEKSIYONLUK COZELTI HAZIRLAMAK ICIN TOZ VE COZUCU,methylprednisolone,361,"risk or severity of adverse effects, serum concentration, therapeutic efficacy"
CORTIPOL 40 MG I.M./I.V. ENJEKSIYONLUK/INFUZYONLUK COZELTI HAZIRLAMAK ICIN TOZ VE COZUCU,methylprednisolone,361,"risk or severity of adverse effects, serum concentration, therapeutic efficacy"
"CORTİMENT MMX 9 MG UZATILMIŞ SALIMLI TABLET, 30 ADET",budesonide,305,"risk or severity of adverse effects, serum concentration, hypokalemic activities"
COTELLIC 20 MG 63 FTB,cobimetinib,85,"serum concentration, cardiotoxic activities, risk or severity of adverse effects"
COVERSYL 10 MG 30 TB,perindopril,409,"risk or severity of adverse effects, hypotensive activities, serum concentration"
"COVERSYL 2,5 MG 30 FTB",perindopril,409,"risk or severity of adverse effects, hypotensive activities, serum concentration"
COVERSYL 5 MG 30 TB,perindopril,409,"risk or severity of adverse effects, hypotensive activities, serum concentration"
COZAAR 100 MG 28 FTB,losartan,630,"metabolism, risk or severity of adverse effects, hypotensive activities"
COZAAR 50 MG 28 FTB,losartan,630,"metabolism, risk or severity of adverse effects, hypotensive activities"
"COZYMEL 3 MG TABLET, 30 TABLET",melatonin,365,"risk or severity of adverse effects, metabolism, central nervous system depressant (CNS depressant) activities"
"COZYMEL 3 MG TABLET, 60 TABLET",melatonin,365,"risk or severity of adverse effects, metabolism, central nervous system depressant (CNS depressant) activities"
CRALIUM 200 MG TABLET (30 TABLET),modafinil,256,"metabolism, serum concentration, risk or severity of adverse effects"
CREBROS 5 MG 20 FTB,levocetirizine,363,"risk or severity of adverse effects, metabolism, serum concentration"
CREBROS 5 MG 40 FTB,levocetirizine,363,"risk or severity of adverse effects, metabolism, serum concentration"
CRESTOR 10 MG 28 FTB,rosuvastatin,356,"serum concentration, metabolism, risk or severity of rhabdomyolysis"
CRESTOR 20 MG 28 FTB,rosuvastatin,356,"serum concentration, metabolism, risk or severity of rhabdomyolysis"
CUTIVATE %0.005 30 GR POMAD,fluticasone,251,"risk or severity of adverse effects, serum concentration, hypokalemic activities"
CYCLADOL 20 MG 10 TB,piroxicam,405,"risk or severity of adverse effects, metabolism, therapeutic efficacy"
"CYMBALTA 30 MG GASTRO-REZİSTAN SERT KAPSÜL, 28 ADET",duloxetine,740,"risk or severity of adverse effects, metabolism, orthostatic hypotensive activities"
"CYMBALTA 60 MG GASTRO-REZİSTAN SERT KAPSÜL, 28 ADET",duloxetine,740,"risk or severity of adverse effects, metabolism, orthostatic hypotensive activities"
CYNACAL 30 MG 28 FILM TABLET,cinacalcet,309,"metabolism, serum concentration, serum concentration of active metabolites"
CYNACAL 60 MG 28 FILM TABLET,cinacalcet,309,"metabolism, serum concentration, serum concentration of active metabolites"
CYNACAL 90 MG 28 FTB,cinacalcet,309,"metabolism, serum concentration, serum concentration of active metabolites"
CYTOTEC 200 MCG 28 TB,misoprostol,100,"therapeutic efficacy, risk or severity of adverse effects"
CYTU 1000 MG 10 ML ENJ COZ ICEREN 1 FLK,cytarabine,104,"metabolism, serum concentration, risk or severity of adverse effects"
DACOGEN 50 MG ENJ SOL ICIN TOZ 10 ML 1 FLK,decitabine,11,"cardiotoxic activities, risk or severity of adverse effects, risk or severity of myelosuppression"
DAFANIB 100 MG FILM KAPLI TABLET (30 TABLET),dasatinib,666,"serum concentration, anticoagulant activities, absorption"
DAFANIB 50 MG FILM KAPLI TABLET (60 TABLET),dasatinib,666,"serum concentration, anticoagulant activities, absorption"
DAFANIB 70 MG FILM KAPLI TABLET (60 TABLET),dasatinib,666,"serum concentration, anticoagulant activities, absorption"
DAKARBAZ 100 MG IV/IA INF ICIN LIYO TOZ ICEREN 10 FLK,dacarbazine,46,"metabolism, serum concentration, risk or severity of adverse effects"
DAKARBAZ 200 MG IV/IA INF ICIN LIYO TOZ ICEREN 10 FLK,dacarbazine,46,"metabolism, serum concentration, risk or severity of adverse effects"
"DALMAN AQ 50 MCG/100 MG NAZAL SPREY, SUSPANSIYON",fluticasone,251,"risk or severity of adverse effects, serum concentration, hypokalemic activities"
DANASIN 100 MG 100 KAP,danazol,122,"fluid retaining activities, therapeutic efficacy, risk or severity of adverse effects"
DANASIN 200 MG 100 KAP,danazol,122,"fluid retaining activities, therapeutic efficacy, risk or severity of adverse effects"
DANASIN 50 MG 100 KAP,danazol,122,"fluid retaining activities, therapeutic efficacy, risk or severity of adverse effects"
DANIPTA 10 MG FILM KAPLI TABLET (28 ADET),dapagliflozin,377,"risk or severity of adverse effects, metabolism, hypoglycemic activities"
DAPADAP 10 MG FILM KAPLI TABLET (28 TABLET),dapagliflozin,377,"risk or severity of adverse effects, metabolism, hypoglycemic activities"
DAPGEON 10 MG FILM KAPLI TABLET (28 TB),dapagliflozin,377,"risk or severity of adverse effects, metabolism, hypoglycemic activities"
DAPITUS 10 MG FILM KAPLI TABLET (28 TABLET),dapagliflozin,377,"risk or severity of adverse effects, metabolism, hypoglycemic activities"
DAPLIG 10 MG FILM KAPLI TABLET (28 TABLET),dapagliflozin,377,"risk or severity of adverse effects, metabolism, hypoglycemic activities"
DARABIN 50 MG/ML IV ENJ./INF. ICIN LIYOFILIZE TOZ ICEREN 5 FLK,fludarabine,19,"risk or severity of adverse effects, cardiotoxic activities, immunosuppressive activities"
DAROB 80 MG 50 TB,sotalol,537,"risk or severity of adverse effects, QTc-prolonging activities, antihypertensive activities"
"DARZOX SR 1,5 MG UZATILMIS SALIMLI TABLET",indapamide,647,"hypotensive activities, therapeutic efficacy, risk or severity of adverse effects"
DASIKAM 100 MG FILM KAPLI TABLET (30 TABLET),dasatinib,666,"serum concentration, anticoagulant activities, absorption"
DASIKAM 20 MG FILM KAPLI TABLET (60 TABLET),dasatinib,666,"serum concentration, anticoagulant activities, absorption"
DASIKAM 50 MG FILM KAPLI TABLET (60 TABLET),dasatinib,666,"serum concentration, anticoagulant activities, absorption"
DASIKAM 70 MG FILM KAPLI TABLET (60 TABLET),dasatinib,666,"serum concentration, anticoagulant activities, absorption"
DAUNOSIN 20 MG I.V. ENJEKSIYON ICIN LIYOFILIZE TOZ,daunorubicin,161,"metabolism, serum concentration, risk or severity of adverse effects"
DEBRIDAT 100 MG 40 TB,trimebutine,132,"risk or severity of hypotension, therapeutic efficacy, metabolism"
DEBRIDAT FORT 200 MG 20 TB,trimebutine,132,"risk or severity of hypotension, therapeutic efficacy, metabolism"
DEBRIDAT FORT 200 MG 40 TB,trimebutine,132,"risk or severity of hypotension, therapeutic efficacy, metabolism"
DEFEJACT 500 MG DAGILABILIR TABLET (28 TABLET),deferasirox,714,"serum concentration, risk or severity of adverse effects, absorption"
DEFIRINAL 500 MG DAGILABILIR TABLET (28 TABLET),deferasirox,714,"serum concentration, risk or severity of adverse effects, absorption"
DEGASTROL 15 MG 28 MIKROPELLET KAP,lansoprazole,218,"metabolism, serum concentration, risk or severity of adverse effects"
DEGASTROL 30 MG 14 MIKROPELLET KAP,lansoprazole,218,"metabolism, serum concentration, risk or severity of adverse effects"
DEGASTROL 30 MG 28 MIKROPELLET KAP,lansoprazole,218,"metabolism, serum concentration, risk or severity of adverse effects"
"DEGRA 100 MG FILM KAPLI TABLET, 4 ADET",sildenafil,763,"metabolism, serum concentration, antihypertensive activities"
"DEGRA 50 MG FILM KAPLI TABLET, 4 ADET",sildenafil,763,"metabolism, serum concentration, antihypertensive activities"
DEKLARIT 500 MG 14 FTB,clarithromycin,712,"metabolism, serum concentration, QTc-prolonging activities"
DEKORT %0.1 5 ML GOZ KULAK DAMLASI,dexamethasone,389,"risk or severity of adverse effects, serum concentration, metabolism"
DEKORT 0.5 MG 20 TB,dexamethasone,389,"risk or severity of adverse effects, serum concentration, metabolism"
DEKORT 0.75 MG 20 TB,dexamethasone,389,"risk or severity of adverse effects, serum concentration, metabolism"
DEKORT 4 MG 20 TABLET,dexamethasone,389,"risk or severity of adverse effects, serum concentration, metabolism"
DEKORT 4 MG/ML 2 ML 1 AMP (DEVA),dexamethasone,389,"risk or severity of adverse effects, serum concentration, metabolism"
DEKORT 8 MG 20 TABLET,dexamethasone,389,"risk or severity of adverse effects, serum concentration, metabolism"
DEKSAMET 8 MG/2 ML 1 AMP (BIOSEL),dexamethasone,389,"risk or severity of adverse effects, serum concentration, metabolism"
DEKSOLEX 25 MG FILM KAPLI TABLET (20 TABLET),dexketoprofen,217,"risk or severity of adverse effects, thrombogenic activities, antiplatelet activities"
DEKSTOMID 200 MCG / 2 ML I.V. KONSANTRE INF COZ ICEREN 5 FLK,dexmedetomidine,462,"risk or severity of adverse effects, atrioventricular blocking (AV block) activities, central nervous system depressant (CNS depressant) activities"
DELIX 2.5 MG 28 TB,ramipril,394,"risk or severity of adverse effects, hypotensive activities, serum concentration"
DELIX 5 MG 28 TB,ramipril,394,"risk or severity of adverse effects, hypotensive activities, serum concentration"
DELIX PROTECT 10 MG 28 TB,ramipril,394,"risk or severity of adverse effects, hypotensive activities, serum concentration"
"DELODAY 0,5 MG/ML 150 ML SURUP",desloratadine,392,"risk or severity of adverse effects, serum concentration, therapeutic efficacy"
DELODAY 5 MG 20 FTB,desloratadine,392,"risk or severity of adverse effects, serum concentration, therapeutic efficacy"
DELTACORTRIL 5 MG 20 TB,prednisolone,365,"risk or severity of adverse effects, serum concentration, therapeutic efficacy"
DEMAX 10 MG 100 FTB,memantine,182,"risk or severity of adverse effects, therapeutic efficacy, bradycardic activities"
DEMAX 10 MG 30 FTB,memantine,182,"risk or severity of adverse effects, therapeutic efficacy, bradycardic activities"
DEMAX 20 MG 28 FTB,memantine,182,"risk or severity of adverse effects, therapeutic efficacy, bradycardic activities"
DEMAX EASYTAB 10 MG 100 AGIZDA DAGILAN TB,memantine,182,"risk or severity of adverse effects, therapeutic efficacy, bradycardic activities"
DEMAX EASYTAB 10 MG 30 AGIZDA DAGILAN TB,memantine,182,"risk or severity of adverse effects, therapeutic efficacy, bradycardic activities"
DEMAX TEDAVI BASLANGIC PAKETI 28 TABLET,memantine,182,"risk or severity of adverse effects, therapeutic efficacy, bradycardic activities"
DEMENT 10 MG 28 FTB,donepezil,314,"metabolism, risk or severity of adverse effects, bradycardic activities"
DEMENT 5 MG 14 TB,donepezil,314,"metabolism, risk or severity of adverse effects, bradycardic activities"
DEMENT 5 MG 28 FTB,donepezil,314,"metabolism, risk or severity of adverse effects, bradycardic activities"
DEMEPRAZOL 20 MG 14 KAP,omeprazole,421,"metabolism, serum concentration, risk or severity of adverse effects"
"DEMOXIF %0,5 STERIL OFTALMIK COZ 5 ML",moxifloxacin,371,"QTc-prolonging activities, neuroexcitatory activities, risk or severity of adverse effects"
DEPAKIN 200 MG/ML 40 ML SOL,valproic acid,574,"risk or severity of adverse effects, metabolism, serum concentration"
DEPAKIN CHRONO BT 500 MG 30 FTB,valproic acid,574,"risk or severity of adverse effects, metabolism, serum concentration"
DEPAKIN SURUP 150 ML,valproic acid,574,"risk or severity of adverse effects, metabolism, serum concentration"
DEPALEX XR 300 MG UZUN ETKILI 30 FILM TABLET,valproic acid,574,"risk or severity of adverse effects, metabolism, serum concentration"
DEPALEX XR 500 MG UZUN ETKILI 30 FTB,valproic acid,574,"risk or severity of adverse effects, metabolism, serum concentration"
DEPARTON 20 MG FILM KAPLI TABLET (60 ADET),tadalafil,285,"antihypertensive activities, serum concentration, hypotensive activities"
DEPO-MEDROL 40 MG/ML 1 ML 1FLK,methylprednisolone,361,"risk or severity of adverse effects, serum concentration, therapeutic efficacy"
DEPREKS 20 MG 24 KAP,fluoxetine,794,"metabolism, risk or severity of adverse effects, serum concentration"
DERMABEL %0.05 30 GR DERI KREMI,betamethasone,313,"risk or severity of adverse effects, serum concentration, therapeutic efficacy"
DERMABEL %0.05 30 GR DERI MERHEMI,betamethasone,313,"risk or severity of adverse effects, serum concentration, therapeutic efficacy"
DERMACUTAN %0.1 JEL (30 GR),dimetindene,12,"sedative activities, diagnostic agent, therapeutic efficacy"
DERMATOP 2.5 MG/GR 30 GR KREM,prednicarbate,251,"risk or severity of adverse effects, serum concentration, hypokalemic activities"
DERMATOP 2.5 MG/GR 30 GR POM,prednicarbate,251,"risk or severity of adverse effects, serum concentration, hypokalemic activities"
"DERMIFIN % 1 SPREY, COZELTI (20 ML)",naftifine,381,"risk or severity of adverse effects, therapeutic efficacy, antihypertensive activities"
DERMIFIN %1 30 GR KREM,naftifine,381,"risk or severity of adverse effects, therapeutic efficacy, antihypertensive activities"
DERMO-REST %1 20 GR KREM,tioconazole,102,"therapeutic efficacy, serum concentration, risk or severity of adverse effects"
DERMO-REST %28 5 ML TIRNAK SOL,tioconazole,102,"therapeutic efficacy, serum concentration, risk or severity of adverse effects"
DERMO-TROSYD %1 20 GR KREM,tioconazole,102,"therapeutic efficacy, serum concentration, risk or severity of adverse effects"
DERMO-TROSYD %28 5 ML TIRNAK SOL,tioconazole,102,"therapeutic efficacy, serum concentration, risk or severity of adverse effects"
DERMOVATE %0.05 50 GR KREM,clobetasol,251,"risk or severity of adverse effects, serum concentration, hypokalemic activities"
DERMOVATE %0.05 50 GR POM,clobetasol,251,"risk or severity of adverse effects, serum concentration, hypokalemic activities"
DERMOVATE 25 ML SAC LOSYONU,clobetasol,251,"risk or severity of adverse effects, serum concentration, hypokalemic activities"
DESAL 40 MG 12 TABLET,furosemide,443,"risk or severity of adverse effects, therapeutic efficacy, hypokalemic activities"
DESAL 40 MG 50 TB,furosemide,443,"risk or severity of adverse effects, therapeutic efficacy, hypokalemic activities"
DESEFIN 1 GR IM 1 FLK,ceftriaxone,28,"nephrotoxic activities, risk or severity of adverse effects, anticoagulant activities"
DESEFIN 1 GR IV 1 FLK,ceftriaxone,28,"nephrotoxic activities, risk or severity of adverse effects, anticoagulant activities"
DESEFIN 500 MG IM 1 FLK,ceftriaxone,28,"nephrotoxic activities, risk or severity of adverse effects, anticoagulant activities"
DESFERAL 500 MG FLK,deferoxamine,3,"risk or severity of adverse effects, absorption"
DESIBEM 50 MG INFUZYONLUK COZELTI HAZIRLAMADA KULLANILACAK KONSANTRE ICIN TOZ (1 FLAKON),decitabine,11,"cardiotoxic activities, risk or severity of adverse effects, risk or severity of myelosuppression"
"DESIRETT 75 MCG FILM KAPLI TABLET ,28 ADET",desogestrel,111,"therapeutic efficacy, serum concentration, anticoagulant activities"
DESITU 50 MG INFUZYONLUK COZELTI HAZIRLAMADA KULLANILACAK KONSANTRE ICIN TOZ,decitabine,11,"cardiotoxic activities, risk or severity of adverse effects, risk or severity of myelosuppression"
"DESLODIN 2,5 MG/5 ML 150 ML SURUP",desloratadine,392,"risk or severity of adverse effects, serum concentration, therapeutic efficacy"
DESLODIN 5 MG 20 FTB,desloratadine,392,"risk or severity of adverse effects, serum concentration, therapeutic efficacy"
"DESLORAN 2,5 MG/5 ML 150 ML SUR",desloratadine,392,"risk or severity of adverse effects, serum concentration, therapeutic efficacy"
"DESMOVITAL %0,1 MG/ML 6 ML BURUN SPREY",desmopressin,143,"risk or severity of adverse effects, therapeutic efficacy"
DESYREL 100 MG 30 TB,trazodone,590,"risk or severity of adverse effects, metabolism, vasoconstricting activities"
DESYREL 50 MG 30 TB,trazodone,590,"risk or severity of adverse effects, metabolism, vasoconstricting activities"
"DESYREL XL 150 MG UZATILMIŞ SALIMLI FİLM TABLET , 30 TABLET",trazodone,590,"risk or severity of adverse effects, metabolism, vasoconstricting activities"
"DESYREL XL 300 MG UZATILMIŞ SALIMLI FİLM TABLET , 30 TABLET",trazodone,590,"risk or severity of adverse effects, metabolism, vasoconstricting activities"
"DETOFEN % 0,025 GOZ DAMLASI 5 ML",ketotifen,12,"sedative activities, diagnostic agent, therapeutic efficacy"
DETRUSITOL 1 MG 56 FTB,tolterodine,321,"metabolism, risk or severity of adverse effects, serum concentration"
DETRUSITOL 2 MG 56 FTB,tolterodine,321,"metabolism, risk or severity of adverse effects, serum concentration"
DETRUSITOL SR 4 MG 28 KAP,tolterodine,321,"metabolism, risk or severity of adverse effects, serum concentration"
DEVAMOX 1 GR 16 TB,amoxicillin,74,"metabolism, serum concentration, therapeutic efficacy"
DEX-FORTE 50 MG 30 FTB,dexketoprofen,217,"risk or severity of adverse effects, thrombogenic activities, antiplatelet activities"
DEXA-SINE 1 MG/ML 5 ML GOZ DAMLASI,dexamethasone,389,"risk or severity of adverse effects, serum concentration, metabolism"
"DEXAWORLD % 0.1 GOZ VE KULAK DAMLASI, COZELTI (1 SISE) (MEDEXOL %0,1 GOZ VE KULAK DAMLASI, COZELTI 1 MG/ML, 5ML)",dexamethasone,389,"risk or severity of adverse effects, serum concentration, metabolism"
DEXDAY 50 MG 30 EFF TB,dexketoprofen,217,"risk or severity of adverse effects, thrombogenic activities, antiplatelet activities"
DEXIREN 25 MG 20 FTB,dexketoprofen,217,"risk or severity of adverse effects, thrombogenic activities, antiplatelet activities"
DEXIREN 50 MG/2 ML IM/IV ENJ VE INF ICIN COZ ICEREN 6 AMP,dexketoprofen,217,"risk or severity of adverse effects, thrombogenic activities, antiplatelet activities"
DEXOFEN 25 MG 20 FTB,dexketoprofen,217,"risk or severity of adverse effects, thrombogenic activities, antiplatelet activities"
DEXOFEN 50 MG FILM KAPLI TABLET (30 TABLET),dexketoprofen,217,"risk or severity of adverse effects, thrombogenic activities, antiplatelet activities"
DEXOJECT 8 MG/2 ML IM/IV ENJ. COZ. ICEREN 2 ML 1 AMP,dexamethasone,389,"risk or severity of adverse effects, serum concentration, metabolism"
DEXTROCIN %2 15 G KREM,mupirocin,1,therapeutic efficacy
DEXTROCIN %2 15 G POMAD,mupirocin,1,therapeutic efficacy
"DEXTROME % 1,25 JEL (60 G/TUP)",dexketoprofen,217,"risk or severity of adverse effects, thrombogenic activities, antiplatelet activities"
DEZIRA 10 MG 28 FTB,donepezil,314,"metabolism, risk or severity of adverse effects, bradycardic activities"
DEZIRA 5 MG 14 FTB,donepezil,314,"metabolism, risk or severity of adverse effects, bradycardic activities"
DEZIRA 5 MG 28 FTB,donepezil,314,"metabolism, risk or severity of adverse effects, bradycardic activities"
DIAFORMIN 1000 MG 100 FTB,metformin,202,"therapeutic efficacy, hypoglycemic activities, serum concentration"
DIAFORMIN 850 MG 100 FTB,metformin,202,"therapeutic efficacy, hypoglycemic activities, serum concentration"
DIAKSI 10 MG /2.5 ML REKTAL COZELTI,diazepam,442,"risk or severity of adverse effects, metabolism, serum concentration"
DIAKSI 5 MG /2.5 ML REKTAL COZELTI,diazepam,442,"risk or severity of adverse effects, metabolism, serum concentration"
DIAMICRON MR 60 MG 30 TB,gliclazide,307,"hypoglycemic activities, therapeutic efficacy, metabolism"
DIAMICRON MR 60 MG 60 TB,gliclazide,307,"hypoglycemic activities, therapeutic efficacy, metabolism"
DIAMICRON-MR 30 MG 30 TB,gliclazide,307,"hypoglycemic activities, therapeutic efficacy, metabolism"
DIAMICRON-MR 30 MG 60 TB,gliclazide,307,"hypoglycemic activities, therapeutic efficacy, metabolism"
DIAMOND 125 MG 56 FTB,bosentan,701,"serum concentration, hypotensive activities, metabolism"
DIAMOND 32 MG DAGILABILIR TABLET (56 TABLET),bosentan,701,"serum concentration, hypotensive activities, metabolism"
"DIAMOND 62,5 MG 56 FTB",bosentan,701,"serum concentration, hypotensive activities, metabolism"
DIASITOL 10 MCG/2 ML I.V. ENJEKSIYONLUK COZELTI,paricalcitol,123,"serum concentration, metabolism, risk or severity of adverse effects"
DIASITOL 5 MCG/ML IV ENJEKSIYONLUK COZELTI ICEREN AMPUL (5 AMPUL),paricalcitol,123,"serum concentration, metabolism, risk or severity of adverse effects"
DIAZEM 10 MG 25 KAP,diazepam,442,"risk or severity of adverse effects, metabolism, serum concentration"
DIAZEM 10 MG IV/IM 2 ML 10 AMP,diazepam,442,"risk or severity of adverse effects, metabolism, serum concentration"
DIAZEM 2 MG 25 KAP,diazepam,442,"risk or severity of adverse effects, metabolism, serum concentration"
DIAZEM 5 MG 25 KAP,diazepam,442,"risk or severity of adverse effects, metabolism, serum concentration"
DIAZEPAM DESITIN 10 MG 5 RECTAL TUP,diazepam,442,"risk or severity of adverse effects, metabolism, serum concentration"
DIAZEPAM DESITIN 5 MG 5 RECTAL TUP,diazepam,442,"risk or severity of adverse effects, metabolism, serum concentration"
DIAZEPAM-KOCAK 10 MG/2 ML I.M./I.V. ENJEKSIYONLUK COZELTI (10 AMPUL),diazepam,442,"risk or severity of adverse effects, metabolism, serum concentration"
DIAZOMID 250 MG 10 TB,acetazolamide,98,"risk or severity of adverse effects, serum concentration, excretion rate of higher serum level"
DICETEL 100 MG 40 FILM TABLET,pinaverium,132,"risk or severity of hypotension, therapeutic efficacy, metabolism"
DICETEL 100 MG 80 FILM TABLET,pinaverium,132,"risk or severity of hypotension, therapeutic efficacy, metabolism"
DICETEL 50 MG 40 FTB,pinaverium,132,"risk or severity of hypotension, therapeutic efficacy, metabolism"
DICETEL 50 MG 80 FILM TABLET,pinaverium,132,"risk or severity of hypotension, therapeutic efficacy, metabolism"
DICLACTIVE %1 JEL 50 GR,diclofenac,491,"risk or severity of adverse effects, metabolism, serum concentration"
DICLOFLAM 50 MG 20 DRJ,diclofenac,491,"risk or severity of adverse effects, metabolism, serum concentration"
DICLOGESIC 50 MG KAPLI TABLET (20 TABLET),diclofenac,491,"risk or severity of adverse effects, metabolism, serum concentration"
DICLOMEC 11.6 MG/GR 50 GR JEL,diclofenac,491,"risk or severity of adverse effects, metabolism, serum concentration"
DICLOMEC 75 MG/3 ML 10 AMP,diclofenac,491,"risk or severity of adverse effects, metabolism, serum concentration"
DICLOMEC 75 MG/3 ML 4 AMP,diclofenac,491,"risk or severity of adverse effects, metabolism, serum concentration"
DICLOMEC FORT %2.32 JEL (50 G),diclofenac,491,"risk or severity of adverse effects, metabolism, serum concentration"
DICLOMEC SR 100 MG 10 TB,diclofenac,491,"risk or severity of adverse effects, metabolism, serum concentration"
DICLOMEC SR 75 MG 10 TB,diclofenac,491,"risk or severity of adverse effects, metabolism, serum concentration"
DICLOPONAC 50 MG KAPLI TABLET (20 TABLET),diclofenac,491,"risk or severity of adverse effects, metabolism, serum concentration"
DICOL JEL %1 50 GR,diclofenac,491,"risk or severity of adverse effects, metabolism, serum concentration"
DIDERAL 40 MG 50 TB,propranolol,606,"hypotensive activities, metabolism, antihypertensive activities"
DIENOMET 2 MG 28 TB,dienogest,187,"serum concentration, therapeutic efficacy, metabolism"
DIFENAK 100 MG 10 ENTERIK TB,diclofenac,491,"risk or severity of adverse effects, metabolism, serum concentration"
DIFENAK JEL %1 50 GR,diclofenac,491,"risk or severity of adverse effects, metabolism, serum concentration"
DIFENJECT 75 MG/3 ML IM ENJ. 10 AMP,diclofenac,491,"risk or severity of adverse effects, metabolism, serum concentration"
"DIFESTOL %1,2+%2 JEL 30 GR",lidocaine,572,"metabolism, risk or severity of adverse effects, serum concentration"
"DIFFERIN % 0.1 JEL, 30 G",adapalene,351,"risk or severity of adverse effects, therapeutic efficacy, antihypertensive activities"
"DIGOXIN - ASSOS 0,5 MG /2 ML IV ENJ COZ 5 AMP",digoxin,559,"serum concentration, cardiotoxic activities, bradycardic activities"
"DIGOXIN ASSOS 0,5 MG/ML ORAL DAMLA, COZ (1 SISE)",digoxin,559,"serum concentration, cardiotoxic activities, bradycardic activities"
"DIGOXIN- ASSOS 0,25 MG 50 TABLET",digoxin,559,"serum concentration, cardiotoxic activities, bradycardic activities"
DIKLOFAR %1 JEL 50 GR,diclofenac,491,"risk or severity of adverse effects, metabolism, serum concentration"
DIKLOJIK 75 MG/3 ML IM ENJ COZ ICEREN 3 ML 10 AMP,diclofenac,491,"risk or severity of adverse effects, metabolism, serum concentration"
DIKLOJIK 75 MG/3 ML IM ENJ COZ ICEREN 3 ML 4 AMP,diclofenac,491,"risk or severity of adverse effects, metabolism, serum concentration"
DIKLORON %5 JEL (50 G),diclofenac,491,"risk or severity of adverse effects, metabolism, serum concentration"
DIKLORON 11.6 MG/GR 50 GR JEL,diclofenac,491,"risk or severity of adverse effects, metabolism, serum concentration"
DIKLORON 25 MG 30 TB,diclofenac,491,"risk or severity of adverse effects, metabolism, serum concentration"
DIKLORON 50 MG 20 ENT FTB,diclofenac,491,"risk or severity of adverse effects, metabolism, serum concentration"
DIKLORON 75 MG 3 ML IM 10 AMP,diclofenac,491,"risk or severity of adverse effects, metabolism, serum concentration"
DIKLORON 75 MG 3 ML IM 4 AMP,diclofenac,491,"risk or severity of adverse effects, metabolism, serum concentration"
DIKLORON RETARD 100 MG 10 FTB,diclofenac,491,"risk or severity of adverse effects, metabolism, serum concentration"
DIKLORON SR 75 MG 10 FILM TABLET,diclofenac,491,"risk or severity of adverse effects, metabolism, serum concentration"
"DILAPROST 5 MG FILM KAPLI TABLET, 30 ADET",finasteride,84,"metabolism, serum concentration"
DILATREND 12.5 MG 30 TB,carvedilol,639,"antihypertensive activities, hypotensive activities, serum concentration"
DILATREND 25 MG 30 TB,carvedilol,639,"antihypertensive activities, hypotensive activities, serum concentration"
"DILATREND 3,125 MG TABLET (28 TABLET)",carvedilol,639,"antihypertensive activities, hypotensive activities, serum concentration"
DILATREND 6.25 MG 30 TB,carvedilol,639,"antihypertensive activities, hypotensive activities, serum concentration"
DILOXOL 75 MG 28 FTB,clopidogrel,321,"metabolism, serum concentration, therapeutic efficacy"
DILTIZEM 25 MG 1 AMP,diltiazem,851,"metabolism, serum concentration, hypotensive activities"
DILTIZEM 30 MG 48 TB,diltiazem,851,"metabolism, serum concentration, hypotensive activities"
DILTIZEM 60 MG 48 TB,diltiazem,851,"metabolism, serum concentration, hypotensive activities"
DILTIZEM-SR 120 MG 48 TB,diltiazem,851,"metabolism, serum concentration, hypotensive activities"
DILTIZEM-SR 90 MG 48 TB,diltiazem,851,"metabolism, serum concentration, hypotensive activities"
DIOVAN 160 MG 28 FTB,valsartan,498,"metabolism, risk or severity of adverse effects, hypotensive activities"
DIOVAN 320 MG 28 FTB,valsartan,498,"metabolism, risk or severity of adverse effects, hypotensive activities"
DIOVAN 80 MG 28 FTB,valsartan,498,"metabolism, risk or severity of adverse effects, hypotensive activities"
DIPROMED ENJ ICIN SUSP ICEREN AMP,betamethasone,313,"risk or severity of adverse effects, serum concentration, therapeutic efficacy"
DIPROSPAN 5 MG+2MG/ 1 ML ENJEKSIYONLUK SUSPANSIYON (1 AMPUL),betamethasone,313,"risk or severity of adverse effects, serum concentration, therapeutic efficacy"
DIPROVER 2 MG + 5 MG/ML ENJEKSIYONLUK SUSPANSIYON,betamethasone,313,"risk or severity of adverse effects, serum concentration, therapeutic efficacy"
DISAVER 50 MG 40 FILM KAPLI TABLET,pinaverium,132,"risk or severity of hypotension, therapeutic efficacy, metabolism"
DISAVER 50 MG 80 FILM KAPLI TABLET,pinaverium,132,"risk or severity of hypotension, therapeutic efficacy, metabolism"
DISPARI 3 GR SASE,fosfomycin,1,therapeutic efficacy
DITERIN 100 MG COZUNEBILIR 30 TABLET,sapropterin,12,"hypotensive activities, serum concentration, risk or severity of adverse effects"
DIVATOR 10 MG 30 FILM KAPLI TABLET,atorvastatin,384,"risk or severity of adverse effects, serum concentration, metabolism"
DIVATOR 20 MG 30 FILM KAPLI TABLET,atorvastatin,384,"risk or severity of adverse effects, serum concentration, metabolism"
DIYATIX 50 MG TABLET (56 TABLET),vildagliptin,172,"therapeutic efficacy, serum concentration, hypoglycemic activities"
DOBCARD 250 MG / 20 ML IV INF KONS 10 AMP,dobutamine,174,"risk or severity of adverse effects, vasoconstricting activities, hypokalemic activities"
DOCETU 20 MG IV INF COZ. ICEREN 1 FLK,docetaxel,363,"risk or severity of adverse effects, metabolism, serum concentration"
DOCETU 80 MG/ 4ML IV INF ICIN KONS. COZ ICEREN 1 FLK (10 ML),docetaxel,363,"risk or severity of adverse effects, metabolism, serum concentration"
DODEX 1000 MCG 1 ML 5 AMP,cyanocobalamin,2,"therapeutic efficacy, serum concentration"
DOENZA 10 MG 28 FTB,donepezil,314,"metabolism, risk or severity of adverse effects, bradycardic activities"
DOENZA 5 MG 28 FTB,donepezil,314,"metabolism, risk or severity of adverse effects, bradycardic activities"
DOENZA ODT 10 MG 28 AGIZDA DAGILAN TB,donepezil,314,"metabolism, risk or severity of adverse effects, bradycardic activities"
DOENZA ODT 5 MG 28 AGIZDA DAGILAN TB,donepezil,314,"metabolism, risk or severity of adverse effects, bradycardic activities"
DOLARIT 300 MG 10 FTB,etodolac,397,"risk or severity of adverse effects, metabolism, therapeutic efficacy"
DOLARIT 400 MG 14 FTB,etodolac,397,"risk or severity of adverse effects, metabolism, therapeutic efficacy"
DOLELAC 500 MG FILM KAPLI TABLET (14 TABLET),etodolac,397,"risk or severity of adverse effects, metabolism, therapeutic efficacy"
DOLGIT %5 KREM (50 G),ibuprofen,424,"risk or severity of adverse effects, metabolism, therapeutic efficacy"
DOLINE 100 MG/ML 50 ML SPREY,etofenamate,319,"risk or severity of adverse effects, therapeutic efficacy, antihypertensive activities"
DOLINE 50 MG/GR 40 GR JEL,etofenamate,319,"risk or severity of adverse effects, therapeutic efficacy, antihypertensive activities"
DOLOREX %1 JEL (50 G),diclofenac,491,"risk or severity of adverse effects, metabolism, serum concentration"
DOLOREX 50 MG 20 DRJ,diclofenac,491,"risk or severity of adverse effects, metabolism, serum concentration"
DOLPHIN 500 MG 10 FTB,diflunisal,405,"risk or severity of adverse effects, therapeutic efficacy, antihypertensive activities"
"DOLTE %0,5 GOZ DAMLASI 5ML 1 ADET",loteprednol,251,"risk or severity of adverse effects, serum concentration, hypokalemic activities"
DOLVEN 100 MG/5 ML 100 ML PED SURUP,ibuprofen,424,"risk or severity of adverse effects, metabolism, therapeutic efficacy"
DOPADREN 200 MG/5 ML IV INFUZYON ICIN KONSANTRE SOL ICEREN 5 AMP,dopamine,176,"metabolism, risk or severity of adverse effects, serum concentration"
DOPASEL 200 MG/5ML IV INF ICIN SOL ICEREN 5 AMP,dopamine,176,"metabolism, risk or severity of adverse effects, serum concentration"
DORAMYCIN 3000000 IU 10 FILM KAPLI TABLET,spiramycin,103,"metabolism, serum concentration, risk or severity of rhabdomyolysis"
"DORAMYCİN 3.000.000 IU FİLM TABLET, 10 ADET",spiramycin,103,"metabolism, serum concentration, risk or severity of rhabdomyolysis"
"DORANIT 2,5 MG/5 ML 150 ML SURUP",desloratadine,392,"risk or severity of adverse effects, serum concentration, therapeutic efficacy"
DORIFEN 400 MG/100 ML IV INFUZYONLUK COZELTI 1 FLAKON,ibuprofen,424,"risk or severity of adverse effects, metabolism, therapeutic efficacy"
"DORZAMED %2 GÖZ DAMLASI ,1 ŞIŞE",dorzolamide,274,"hypotensive activities, metabolism, serum concentration"
DOSTINEX 0.5 MG 2 TB,cabergoline,511,"risk or severity of adverse effects, serum concentration, hypertensive and vasoconstricting activities"
DOSTINEX 0.5 MG 8 TB,cabergoline,511,"risk or severity of adverse effects, serum concentration, hypertensive and vasoconstricting activities"
"DOXAFIN 2,5 MG/5 ML 150 ML SURUP",desloratadine,392,"risk or severity of adverse effects, serum concentration, therapeutic efficacy"
DOXAFIN 5 MG 20 FTB,desloratadine,392,"risk or severity of adverse effects, serum concentration, therapeutic efficacy"
DOXEL READY 80 MG/4 ML IV INF ICIN KONS COZ ICEREN FLK,docetaxel,363,"risk or severity of adverse effects, metabolism, serum concentration"
DOXITAX TEC 160 MG/8 ML IV INFUZYONLUK COZELTI,docetaxel,363,"risk or severity of adverse effects, metabolism, serum concentration"
DOXITAX TEC 20 MG/1 ML IV INFUZYONLUK COZELTI,docetaxel,363,"risk or severity of adverse effects, metabolism, serum concentration"
DOXITAX TEC 40 MG/2 ML IV INFUZYONLUK COZELTI,docetaxel,363,"risk or severity of adverse effects, metabolism, serum concentration"
DOXITAX TEC 80 MG/4 ML IV INFUZYONLUK COZELTI,docetaxel,363,"risk or severity of adverse effects, metabolism, serum concentration"
DOXORUBICIN KOCAK 10 MG IV/INTRAVESIKAL INF ICIN LIYOFILIZE TOZ ICEREN 1 FLK+1 AMP,doxorubicin,513,"serum concentration, metabolism, risk or severity of adverse effects"
DOXORUBICIN KOCAK 50 MG IV/INTRAVESIKAL INF ICIN LIYOFILIZE TOZ ICEREN 1 FLK+1 AMP,doxorubicin,513,"serum concentration, metabolism, risk or severity of adverse effects"
DOXTU 10 MG/5 ML IV/INTRAVESIKAL KONS INF COZ ICEREN FLK,doxorubicin,513,"serum concentration, metabolism, risk or severity of adverse effects"
DOXTU 50 MG/25 ML IV/INTRAVESIKAL KONS INF COZ ICEREN FLK,doxorubicin,513,"serum concentration, metabolism, risk or severity of adverse effects"
DOZYL 10 MG 28 FTB,donepezil,314,"metabolism, risk or severity of adverse effects, bradycardic activities"
DOZYL 5 MG 14 FTB,donepezil,314,"metabolism, risk or severity of adverse effects, bradycardic activities"
DOZYL 5 MG 28 FTB,donepezil,314,"metabolism, risk or severity of adverse effects, bradycardic activities"
DOZYL EASY 10 MG AGIZDA DAGILAN 28 TB,donepezil,314,"metabolism, risk or severity of adverse effects, bradycardic activities"
DOZYL EASY 5 MG AGIZDA DAGILAN 28 TB,donepezil,314,"metabolism, risk or severity of adverse effects, bradycardic activities"
DRAMAMINE 50 MG 12 TB,dimenhydrinate,297,"risk or severity of adverse effects, central nervous system depressant (CNS depressant) activities, sedative activities"
DRAMAMINE 50 MG/ML 1 ML 5 AMP,dimenhydrinate,297,"risk or severity of adverse effects, central nervous system depressant (CNS depressant) activities, sedative activities"
"DRASOTER %0,004 GOZ DAMLASI, COZELTI (2,5 ML)",travoprost,229,"hypotensive activities, therapeutic efficacy, antihypertensive activities"
DROPIA 15 MG 30 TB,pioglitazone,375,"metabolism, therapeutic efficacy, hypoglycemic activities"
DROPIA 30 MG 30 TB,pioglitazone,375,"metabolism, therapeutic efficacy, hypoglycemic activities"
DROPIA 45 MG 30 TB,pioglitazone,375,"metabolism, therapeutic efficacy, hypoglycemic activities"
DULESTER 30 MG 28 KAP,duloxetine,740,"risk or severity of adverse effects, metabolism, orthostatic hypotensive activities"
DULESTER 60 MG 28 KAP,duloxetine,740,"risk or severity of adverse effects, metabolism, orthostatic hypotensive activities"
DULOXX 30 MG 28 KAP,duloxetine,740,"risk or severity of adverse effects, metabolism, orthostatic hypotensive activities"
DULOXX 60 MG 28 KAP,duloxetine,740,"risk or severity of adverse effects, metabolism, orthostatic hypotensive activities"
DUOCID 250 MG/5ML 100 ML SUSP,sultamicillin,27,"serum concentration, therapeutic efficacy, anticoagulant activities"
DUOCID 375 MG 10 FTB,sultamicillin,27,"serum concentration, therapeutic efficacy, anticoagulant activities"
DUOCID 375 MG 20 FTB,sultamicillin,27,"serum concentration, therapeutic efficacy, anticoagulant activities"
"DUOPHEAL 0,5 MG FILM KAPLI TABLET (42 ADET)",riociguat,377,"hypotensive activities, serum concentration, risk or severity of adverse effects"
DUOPHEAL 1 MG FILM KAPLI TABLET (42 ADET),riociguat,377,"hypotensive activities, serum concentration, risk or severity of adverse effects"
"DUOPHEAL 1,5 MG FILM KAPLI TABLET (42 ADET)",riociguat,377,"hypotensive activities, serum concentration, risk or severity of adverse effects"
DUOPHEAL 2 MG FILM KAPLI TABLET (42 ADET),riociguat,377,"hypotensive activities, serum concentration, risk or severity of adverse effects"
"DUOPHEAL 2,5 MG FILM KAPLI TABLET (42 ADET)",riociguat,377,"hypotensive activities, serum concentration, risk or severity of adverse effects"
DUPATIN % 0.1 STERIL OFT COZ (1 SISE) 5 ML,olopatadine,670,"risk or severity of adverse effects, metabolism, therapeutic efficacy"
"DUPATIN %0,2 STERIL OFTALMIK COZELTI (2,5 ML)",olopatadine,670,"risk or severity of adverse effects, metabolism, therapeutic efficacy"
DUPHALAC 670 MG/ML 300 ML SURUP,lactulose,1,therapeutic efficacy
DUPHASTON 10 MG 20 TB,dydrogesterone,23,therapeutic efficacy
DUROGESIC TRANSDERMAL 100 MCG/SAAT 5 FLASTER,fentanyl,568,"risk or severity of adverse effects, serum concentration, bradycardic activities"
DUROGESIC TRANSDERMAL 12 MCG 5 FLASTER,fentanyl,568,"risk or severity of adverse effects, serum concentration, bradycardic activities"
DUROGESIC TRANSDERMAL 25 MCG/SAAT 5 FLASTER,fentanyl,568,"risk or severity of adverse effects, serum concentration, bradycardic activities"
DUROGESIC TRANSDERMAL 50 MCG/SAAT 5 FLASTER,fentanyl,568,"risk or severity of adverse effects, serum concentration, bradycardic activities"
DUROGESIC TRANSDERMAL 75 MCG/SAAT 5 FLASTER,fentanyl,568,"risk or severity of adverse effects, serum concentration, bradycardic activities"
DURUMEX %3 MERHEM (20 G),tetracycline,200,"metabolism, serum concentration, therapeutic efficacy"
DURUMEX %3 MERHEM (50 G),tetracycline,200,"metabolism, serum concentration, therapeutic efficacy"
DUSKONAL 200 MG RETARD 30 KAPSUL,mebeverine,5,"therapeutic efficacy, serum concentration"
DUSPATALIN 100 MG 50 DRJ,mebeverine,5,"therapeutic efficacy, serum concentration"
DUSPATALIN RETARD 200 MG 30 KAP,mebeverine,5,"therapeutic efficacy, serum concentration"
"DUTAPROS 0,5 MG 30 YUMUSAK KAP",dutasteride,84,"serum concentration, metabolism"
DUXALTA 30 MG 28 KAP,duloxetine,740,"risk or severity of adverse effects, metabolism, orthostatic hypotensive activities"
DUXALTA 60 MG 28 KAP,duloxetine,740,"risk or severity of adverse effects, metabolism, orthostatic hypotensive activities"
DUXET 30 MG GASTRO-REZISTAN SERT KAPSUL (28 KAPSUL),duloxetine,740,"risk or severity of adverse effects, metabolism, orthostatic hypotensive activities"
DUXET 60 MG GASTRO-REZISTAN SERT KAPSUL (28 KAPSUL),duloxetine,740,"risk or severity of adverse effects, metabolism, orthostatic hypotensive activities"
DYLOXIA 30 MG 28 KAP,duloxetine,740,"risk or severity of adverse effects, metabolism, orthostatic hypotensive activities"
DYLOXIA 60 MG 28 KAP,duloxetine,740,"risk or severity of adverse effects, metabolism, orthostatic hypotensive activities"
DYNABAC 250 MG 10 ENTERIK TB,dirithromycin,9,"risk or severity of rhabdomyolysis, therapeutic efficacy"
"Diormin 500 mg Film Kaplı Tablet, 60 ADET",metformin,202,"therapeutic efficacy, hypoglycemic activities, serum concentration"
"Diormin 850 mg Film Kaplı Tablet, 60 ADET",metformin,202,"therapeutic efficacy, hypoglycemic activities, serum concentration"
"DİCLASİL 5 MG FİLM TABLET, 14 ADET",tadalafil,285,"antihypertensive activities, serum concentration, hypotensive activities"
"DİCLASİL 5 MG FİLM TABLET, 28 ADET",tadalafil,285,"antihypertensive activities, serum concentration, hypotensive activities"
"DİCLASİL 5 MG FİLM TABLET, 56 ADET",tadalafil,285,"antihypertensive activities, serum concentration, hypotensive activities"
E.S. ENEMA TIBBI LAKSATIF 135 ML LAVMAN,sodium phosphate,185,"nephrotoxic activities, absorption, risk or severity of adverse effects"
E.S. ENEMA TIBBI LAKSATIF 210 ML LAVMAN,sodium phosphate,185,"nephrotoxic activities, absorption, risk or severity of adverse effects"
"E.S. ENEMA TIBBI LAKSATIF 67,5 ML LAVMAN",sodium phosphate,185,"nephrotoxic activities, absorption, risk or severity of adverse effects"
EBAFIT 10 MG 20 FILM KAPLI TABLET,ebastine,15,"sedative activities, serum concentration, diagnostic agent"
EBAFIT 20 MG 20 FILM KAPLI TABLET,ebastine,15,"sedative activities, serum concentration, diagnostic agent"
EBIXA 10 MG 100 FTB,memantine,182,"risk or severity of adverse effects, therapeutic efficacy, bradycardic activities"
EBIXA 10 MG 50 FTB,memantine,182,"risk or severity of adverse effects, therapeutic efficacy, bradycardic activities"
EBIXA 20 MG 28 FTB,memantine,182,"risk or severity of adverse effects, therapeutic efficacy, bradycardic activities"
EBIXA 20 MG 84 FTB,memantine,182,"risk or severity of adverse effects, therapeutic efficacy, bradycardic activities"
ECOPIRIN 100 MG 30 TB,acetylsalicylic acid,421,"risk or severity of adverse effects, metabolism, therapeutic efficacy"
ECOPIRIN 150 MG 30 ENTERIK TB,acetylsalicylic acid,421,"risk or severity of adverse effects, metabolism, therapeutic efficacy"
ECOPIRIN 300 MG 30 ENTERIK KAPLI TB,acetylsalicylic acid,421,"risk or severity of adverse effects, metabolism, therapeutic efficacy"
ECOPIRIN PRO 81 MG 30 ENTERIK KAPLI TB,acetylsalicylic acid,421,"risk or severity of adverse effects, metabolism, therapeutic efficacy"
EDOLAR 300 MG 10 FTB,etodolac,397,"risk or severity of adverse effects, metabolism, therapeutic efficacy"
EDOLAR 500 MG 14 FTB,etodolac,397,"risk or severity of adverse effects, metabolism, therapeutic efficacy"
EDOLAR 600 MG 14 FTB,etodolac,397,"risk or severity of adverse effects, metabolism, therapeutic efficacy"
EDOLAR FORT 400 MG FILM KAPLI TABLET (14 TABLET),etodolac,397,"risk or severity of adverse effects, metabolism, therapeutic efficacy"
EDOXTRA 30 MG FILM KAPLI TABLET (28 TABLET),edoxaban,406,"serum concentration, anticoagulant activities, therapeutic efficacy"
EDOXTRA 60 MG FILM KAPLI TABLET (28 TABLET),edoxaban,406,"serum concentration, anticoagulant activities, therapeutic efficacy"
EDRONAX 4 MG 60 TB,reboxetine,103,"metabolism, serum concentration, serum concentration of active metabolites"
EDURANT 25 MG 30 TAB,rilpivirine,436,"serum concentration, QTc-prolonging activities, risk or severity of adverse effects"
EFAMAT JEL %5 40 G,etofenamate,319,"risk or severity of adverse effects, therapeutic efficacy, antihypertensive activities"
EFEDRIN HCL 50 MG/1 ML 100 AMP (BIOSEL),ephedrine,113,"vasoconstricting activities, risk or severity of adverse effects, arrhythmogenic activities"
EFERCAL 1000 MG 40 EFF TAB,calcium carbonate,252,"absorption, therapeutic efficacy, bioavailability"
EFERMAG 365 MG 30 EFF TB,magnesium oxide,236,"absorption, bioavailability, serum concentration"
EFEXOR XR 150 MG 28 MIKROPELLET KAP,venlafaxine,970,"metabolism, risk or severity of adverse effects, serum concentration"
EFEXOR XR 37.5 MG 14 MIKROPELLET KAP,venlafaxine,970,"metabolism, risk or severity of adverse effects, serum concentration"
EFEXOR XR 75 MG 28 MIKROPELLET KAP,venlafaxine,970,"metabolism, risk or severity of adverse effects, serum concentration"
EFFIENT 10 MG 28 FTB,prasugrel,204,"metabolism, anticoagulant activities, serum concentration"
EFIKAS MR 60 MG DEGISTIRILMIS SALIMLI BOLUNEBILIR 30 TB,gliclazide,307,"hypoglycemic activities, therapeutic efficacy, metabolism"
EFIKAS MR 60 MG DEGISTIRILMIS SALIMLI BOLUNEBILIR 60 TB,gliclazide,307,"hypoglycemic activities, therapeutic efficacy, metabolism"
EFUDIX %5 KREM 20 G,fluorouracil,268,"metabolism, serum concentration, risk or severity of adverse effects"
EKIPERTA 1G IM/IV ENJ ICIN LIYO TOZ,ertapenem,4,"serum concentration, therapeutic efficacy"
EKIPIM 1000 MG IM/IV ENJEKTABL TOZ ICEREN 1 FLK,cefepime,19,"nephrotoxic activities, anticoagulant activities, serum concentration"
EKIPIM 500 MG IM/IV ENJEKTABL TOZ ICEREN 1 FLK,cefepime,19,"nephrotoxic activities, anticoagulant activities, serum concentration"
EKLIPS 100 MG 28 FTB,losartan,630,"metabolism, risk or severity of adverse effects, hypotensive activities"
EKLIPS 50 MG 28 TB,losartan,630,"metabolism, risk or severity of adverse effects, hypotensive activities"
EKSOFED 30 MG/5 ML 150 ML SURUP,pseudoephedrine,360,"sedative activities, metabolism, stimulatory activities"
EKZOFINEX %1 KREM (30 G),naftifine,381,"risk or severity of adverse effects, therapeutic efficacy, antihypertensive activities"
"ELDOPAQUE KREM %2, 14,2 g",tretinoin,340,"risk or severity of adverse effects, metabolism, serum concentration"
"ELEKTRA %1,25 JEL 60 GR",dexketoprofen,217,"risk or severity of adverse effects, thrombogenic activities, antiplatelet activities"
ELEKTRA 25 MG 20 FTB,dexketoprofen,217,"risk or severity of adverse effects, thrombogenic activities, antiplatelet activities"
ELEKTRA FORT 50 MG 30 FTB,dexketoprofen,217,"risk or severity of adverse effects, thrombogenic activities, antiplatelet activities"
ELEPSI 100 MG 56 FTB,lacosamide,82,"atrioventricular blocking (AV block) activities, serum concentration, therapeutic efficacy"
ELEPSI 150 MG 56 FTB,lacosamide,82,"atrioventricular blocking (AV block) activities, serum concentration, therapeutic efficacy"
ELEPSI 200 MG 56 FTB,lacosamide,82,"atrioventricular blocking (AV block) activities, serum concentration, therapeutic efficacy"
ELEPSI 50 MG 14 FTB,lacosamide,82,"atrioventricular blocking (AV block) activities, serum concentration, therapeutic efficacy"
ELFENOR %5 JEL 50 G,diclofenac,491,"risk or severity of adverse effects, metabolism, serum concentration"
"ELFENOR %5 JEL, 100 GRAM",diclofenac,491,"risk or severity of adverse effects, metabolism, serum concentration"
ELIDEL %1 30 GR KREM,pimecrolimus,481,"risk or severity of adverse effects, metabolism, therapeutic efficacy"
"ELIQUIS 2,5 MG FILM KAPLI 56 TABLET",apixaban,351,"serum concentration, anticoagulant activities, metabolism"
ELIQUIS 5 MG FILM KAPLI 56 TABLET,apixaban,351,"serum concentration, anticoagulant activities, metabolism"
"ELLA 30 MG FİLM KAPLI TABLET, 1 TABLET",ulipristal,163,"serum concentration, therapeutic efficacy, metabolism"
ELNAGLIP 5 MG FILM KAPLI TABLET (30 FILM KAPLI TABLET),linagliptin,227,"serum concentration, therapeutic efficacy, risk or severity of adverse effects"
"ELOCON % 0,1 MERHEM (30 GRAM)",mometasone,254,"risk or severity of adverse effects, serum concentration, hypokalemic activities"
"ELOCON %0,1 KREM, 30 GR",mometasone,254,"risk or severity of adverse effects, serum concentration, hypokalemic activities"
"ELOCON %0,1 LOSYON, 30 ML",mometasone,254,"risk or severity of adverse effects, serum concentration, hypokalemic activities"
EMADINE %0.05 5 ML GOZ DAMLASI,emedastine,12,"sedative activities, diagnostic agent, therapeutic efficacy"
EMEDUR 100/20 MG 5 SUPP,trimethobenzamide,1,central nervous system depressant (CNS depressant) activities
EMEDUR 200 MG 20 FTB,trimethobenzamide,1,central nervous system depressant (CNS depressant) activities
EMEDUR 200 MG/2 ML 6 AMP,trimethobenzamide,1,central nervous system depressant (CNS depressant) activities
"EMEKSAT % 0,05 GOZ DAMLASI, COZELTISI",emedastine,12,"sedative activities, diagnostic agent, therapeutic efficacy"
EMEND 125/80/80 MG 3 KAP,aprepitant,674,"serum concentration, metabolism, risk or severity of adverse effects"
EMOJECT 10 MG/2 ML ENJ COZ ICEREN 2 ML 5 AMP,metoclopramide,370,"risk or severity of adverse effects, QTc-prolonging activities, therapeutic efficacy"
EMPACROS 10 MG FILM KAPLI TABLET,empagliflozin,326,"risk or severity of adverse effects, hypoglycemic activities, therapeutic efficacy"
EMPACROS 25 MG FILM KAPLI TABLET,empagliflozin,326,"risk or severity of adverse effects, hypoglycemic activities, therapeutic efficacy"
EMPAFEL 10 MG FILM KAPLI TABLET (30 TABLET),empagliflozin,326,"risk or severity of adverse effects, hypoglycemic activities, therapeutic efficacy"
EMPAFEL 25 MG FILM KAPLI TABLET (30 TABLET),empagliflozin,326,"risk or severity of adverse effects, hypoglycemic activities, therapeutic efficacy"
EMSELEX 15 MG 28 TB,darifenacin,405,"metabolism, risk or severity of adverse effects, serum concentration"
EMSELEX 7.5 MG 28 TB,darifenacin,405,"metabolism, risk or severity of adverse effects, serum concentration"
EMULID PLUS % 1 + % 5 JEL 50 G,nimesulide,494,"risk or severity of adverse effects, therapeutic efficacy, risk or severity of hypotension"
ENAPRIL 10 MG 20 TB,enalapril,472,"risk or severity of adverse effects, hypotensive activities, serum concentration"
ENAPRIL 20 MG 20 TB,enalapril,472,"risk or severity of adverse effects, hypotensive activities, serum concentration"
ENAPRIL 5 MG 20 TB,enalapril,472,"risk or severity of adverse effects, hypotensive activities, serum concentration"
"ENAXIL 0,2 MG/ ML ENJEKSIYONLUK COZELTI (5 AMPUL)",isoprenaline,174,"risk or severity of adverse effects, vasoconstricting activities, hypokalemic activities"
ENAXIL 1 MG/ 5 ML ENJEKSIYONLUK COZELTI (1 AMPUL),isoprenaline,174,"risk or severity of adverse effects, vasoconstricting activities, hypokalemic activities"
ENCEF 125 MG/5ML 100 ML ORAL SUSP ICIN TOZ,cefdinir,21,"nephrotoxic activities, anticoagulant activities, serum concentration"
ENCEF 250 MG/5ML 100 ML ORAL SUSP ICIN KURU TOZ,cefdinir,21,"nephrotoxic activities, anticoagulant activities, serum concentration"
ENCEF 300 MG 10 KAP,cefdinir,21,"nephrotoxic activities, anticoagulant activities, serum concentration"
ENCEF 300 MG 20 KAP,cefdinir,21,"nephrotoxic activities, anticoagulant activities, serum concentration"
ENCEF 600 MG FILM KAPLI TABLET (10 TABLET),cefdinir,21,"nephrotoxic activities, anticoagulant activities, serum concentration"
ENCEF 600 MG FILM KAPLI TABLET (14 TABLET),cefdinir,21,"nephrotoxic activities, anticoagulant activities, serum concentration"
ENDOXAN 1G IV INFUZYONLUK COZELTI TOZU ICEREN FLAKON,cyclophosphamide,455,"cardiotoxic activities, metabolism, serum concentration"
ENDOXAN 50 MG KAPLI TABLET (50 TABLET),cyclophosphamide,455,"cardiotoxic activities, metabolism, serum concentration"
ENDOXAN 500 MG IV INFUZYONLUK COZELTI TOZU ICEREN FLAKON,cyclophosphamide,455,"cardiotoxic activities, metabolism, serum concentration"
ENFEROX 125 MG SUDA DAGILABILEN TABLET (28 TABLET),deferasirox,714,"serum concentration, risk or severity of adverse effects, absorption"
ENFEROX 250 MG SUDA DAGILABILEN TABLET (28 TABLET),deferasirox,714,"serum concentration, risk or severity of adverse effects, absorption"
ENFEROX 500 MG SUDA DAGILABILEN TABLET (28 TABLET),deferasirox,714,"serum concentration, risk or severity of adverse effects, absorption"
ENFEROX EASY 180 MG FILM KAPLI TABLET (30 FILM KAPLI TABLET),deferasirox,714,"serum concentration, risk or severity of adverse effects, absorption"
ENFEROX EASY 360 MG FILM KAPLI TABLET (30 FILM KAPLI TABLET),deferasirox,714,"serum concentration, risk or severity of adverse effects, absorption"
ENFEROX EASY 90 MG FILM KAPLI TABLET (30 FILM KAPLI TABLET),deferasirox,714,"serum concentration, risk or severity of adverse effects, absorption"
ENFEXIA 250 MG 10 FTB,cefuroxime,46,"serum concentration, absorption, nephrotoxic activities"
ENFEXIA 500 MG 10 FTB,cefuroxime,46,"serum concentration, absorption, nephrotoxic activities"
ENFEXIA 500 MG 14 FTB,cefuroxime,46,"serum concentration, absorption, nephrotoxic activities"
ENFEXIA 500 MG 20 FTB,cefuroxime,46,"serum concentration, absorption, nephrotoxic activities"
"ENFLUAT %0,4 STERIL GOZ DAMLASI 5 ML",ketorolac,347,"risk or severity of adverse effects, therapeutic efficacy, antihypertensive activities"
ENFLUVIR 12 MG/ML 30 GR ORAL SUSP TOZU,oseltamivir,1,serum concentration of active metabolites
ENFLUVIR 75 MG 10 KAP,oseltamivir,1,serum concentration of active metabolites
ENORNO 365 MG EFERVESAN TABLET (30 ADET),magnesium oxide,236,"absorption, bioavailability, serum concentration"
ENZAFLU 75 MG SERT KAPSUL (10 KAPSUL),oseltamivir,1,serum concentration of active metabolites
EPAMOR 20 MG/2 ML ENJEKSIYONLUK COZELTI ICEREN AMPUL (5 AMPUL),apomorphine,323,"risk or severity of adverse effects, QTc-prolonging activities, therapeutic efficacy"
EPAMOR 30 MG/3ML ENJEKSIYONLUK COZELTI (5 KARTUS),apomorphine,323,"risk or severity of adverse effects, QTc-prolonging activities, therapeutic efficacy"
EPAMOR 50 MG/5 ML ENJEKSIYONLUK COZELTI ICEREN AMPUL (5 AMPUL),apomorphine,323,"risk or severity of adverse effects, QTc-prolonging activities, therapeutic efficacy"
EPANUTIN 100 MG 100 KAP,phenytoin,939,"metabolism, serum concentration, risk or severity of adverse effects"
EPDANTOIN 100 MG 100 TB,phenytoin,939,"metabolism, serum concentration, risk or severity of adverse effects"
EPILEM 500 MG/5 ML KONS INF COZ ICEREN 10 FLK,levetiracetam,380,"risk or severity of adverse effects, therapeutic efficacy, risk or severity of hypotension"
EPIRITU 10 MG/5 ML IV INTRAVESIKAL INF. ICIN KONS COZ ICEREN 1 FLK,epirubicin,18,"risk or severity of adverse effects, cardiotoxic activities, immunosuppressive activities"
EPIRITU 50 MG/25 ML IV INTRAVEZIKAL INF ICIN KONS COZ ICEREN 1 FLK,epirubicin,18,"risk or severity of adverse effects, cardiotoxic activities, immunosuppressive activities"
EPIRUBICIN KOCAK 100 MG/50 ML IV INF HAZ ICIN KONS COZ ICEREN FLK,epirubicin,18,"risk or severity of adverse effects, cardiotoxic activities, immunosuppressive activities"
EPITAM 1000 MG 50 FTB,levetiracetam,380,"risk or severity of adverse effects, therapeutic efficacy, risk or severity of hypotension"
EPITAM 250 MG 50 TB,levetiracetam,380,"risk or severity of adverse effects, therapeutic efficacy, risk or severity of hypotension"
EPITAM 500 MG 50 TB,levetiracetam,380,"risk or severity of adverse effects, therapeutic efficacy, risk or severity of hypotension"
EPITAM XR 500 MG 50 FILM KAPLI TABLET,levetiracetam,380,"risk or severity of adverse effects, therapeutic efficacy, risk or severity of hypotension"
EPITAM XR 750 MG 50 FILM KAPLI TABLET,levetiracetam,380,"risk or severity of adverse effects, therapeutic efficacy, risk or severity of hypotension"
EPITOIN 250 MG/5 ML 5 AMP,phenytoin,939,"metabolism, serum concentration, risk or severity of adverse effects"
EPIVIR 10 MG/ML 240 ML ORAL SOL,lamivudine,16,"serum concentration, risk or severity of adverse effects, excretion rate of higher serum level"
EPIVIR 150 MG 60 FTB,lamivudine,16,"serum concentration, risk or severity of adverse effects, excretion rate of higher serum level"
EPIXX 100 MG/ML ORAL COZ. 150 ML + 1ML ENJ,levetiracetam,380,"risk or severity of adverse effects, therapeutic efficacy, risk or severity of hypotension"
EPIXX 100 MG/ML ORAL COZ. 150 ML + 3ML ENJ,levetiracetam,380,"risk or severity of adverse effects, therapeutic efficacy, risk or severity of hypotension"
EPIXX 100 MG/ML ORAL SOLUSYON 300 ML,levetiracetam,380,"risk or severity of adverse effects, therapeutic efficacy, risk or severity of hypotension"
EPIXX 1000 MG 50 TB,levetiracetam,380,"risk or severity of adverse effects, therapeutic efficacy, risk or severity of hypotension"
EPIXX 250 MG 50 TB,levetiracetam,380,"risk or severity of adverse effects, therapeutic efficacy, risk or severity of hypotension"
EPIXX 500 MG 50 TB,levetiracetam,380,"risk or severity of adverse effects, therapeutic efficacy, risk or severity of hypotension"
EPIXX 750 MG 50 TB,levetiracetam,380,"risk or severity of adverse effects, therapeutic efficacy, risk or severity of hypotension"
EPIXX XR 500 MG 50 FTB,levetiracetam,380,"risk or severity of adverse effects, therapeutic efficacy, risk or severity of hypotension"
EPIXX XR 750 MG 50 FTB,levetiracetam,380,"risk or severity of adverse effects, therapeutic efficacy, risk or severity of hypotension"
EPIZONYA 100 MG KAPSUL (100 KAPSUL),zonisamide,434,"risk or severity of adverse effects, metabolism, therapeutic efficacy"
EPLEDAY 25 MG 30 FTB,eplerenone,378,"risk or severity of adverse effects, antihypertensive activities, serum concentration"
EQICEFT 1 GR IM 1 FLK,ceftriaxone,28,"nephrotoxic activities, risk or severity of adverse effects, anticoagulant activities"
EQICEFT 1 GR IV 1 FLK,ceftriaxone,28,"nephrotoxic activities, risk or severity of adverse effects, anticoagulant activities"
EQICEFT 500 MG IM 1 FLK,ceftriaxone,28,"nephrotoxic activities, risk or severity of adverse effects, anticoagulant activities"
EQICEFT 500 MG IV 1 FLK,ceftriaxone,28,"nephrotoxic activities, risk or severity of adverse effects, anticoagulant activities"
EQITAX 500 MG IM/IV 1 FLK,cefotaxime,19,"nephrotoxic activities, anticoagulant activities, therapeutic efficacy"
EQITAX IV/IM 1 GR 1 FLK,cefotaxime,19,"nephrotoxic activities, anticoagulant activities, therapeutic efficacy"
EQIZOLIN 1 GR IM 1 FLK,cefazolin,11,"anticoagulant activities, protein binding, serum concentration"
EQIZOLIN 1 GR IM/IV 1 FLK,cefazolin,11,"anticoagulant activities, protein binding, serum concentration"
EQIZOLIN 500 MG IM/IV 1 FLK,cefazolin,11,"anticoagulant activities, protein binding, serum concentration"
ERAXIS 100 MG INF COZ ICIN TOZ ICEREN 1 FLK VE COZUCU,anidulafungin,69,"therapeutic efficacy, serum concentration, metabolism"
"ERBINOL % 1 KREM ,1 TÜP",terbinafine,397,"metabolism, serum concentration, therapeutic efficacy"
ERIGIB 150 MG SERT KAPSUL,vismodegib,130,"metabolism, serum concentration, cardiotoxic activities"
ERIVEDGE 150 MG 28 SERT KAP,vismodegib,130,"metabolism, serum concentration, cardiotoxic activities"
ERLEADA 60 MG FILM KAPLI TABLET (120 TABLET),apalutamide,752,"serum concentration, metabolism"
ERMETIN 3 MG TABLET (10 TABLET),ivermectin,121,"metabolism, serum concentration, risk or severity of rhabdomyolysis"
ERMETIN 3 MG TABLET (4 TABLET),ivermectin,121,"metabolism, serum concentration, risk or severity of rhabdomyolysis"
"ERTES 72 1.5 MG TABLET, 1 ADET",levonorgestrel,169,"therapeutic efficacy, serum concentration, metabolism"
ERTINOB 100 MG 30 FTB,erlotinib,209,"serum concentration, metabolism, risk or severity of adverse effects"
ERTINOB 150 MG 30 FTB,erlotinib,209,"serum concentration, metabolism, risk or severity of adverse effects"
ESBRIET 267 MG 90 FILM KAPLI TABLET,pirfenidone,350,"risk or severity of adverse effects, therapeutic efficacy, antihypertensive activities"
ESBRIET 801 MG 90 FILM KAPLI TABLET,pirfenidone,350,"risk or severity of adverse effects, therapeutic efficacy, antihypertensive activities"
ESEMEPROL 40 MG IV INF / ENJ ICIN LIYOF TOZ ICEREN 1 FLK,esomeprazole,277,"metabolism, serum concentration, therapeutic efficacy"
ESMAX 10 MG 28 FTB,escitalopram,733,"risk or severity of adverse effects, QTc-prolonging activities, metabolism"
ESMAX 10 MG 56 FTB,escitalopram,733,"risk or severity of adverse effects, QTc-prolonging activities, metabolism"
ESMAX 15 MG FILM KAPLI TABLET (28 FILM TABLET),escitalopram,733,"risk or severity of adverse effects, QTc-prolonging activities, metabolism"
ESMAX 20 MG 28 FTB,escitalopram,733,"risk or severity of adverse effects, QTc-prolonging activities, metabolism"
ESMAX 20 MG 56 FTB,escitalopram,733,"risk or severity of adverse effects, QTc-prolonging activities, metabolism"
ESMAX 5 MG FILM KAPLI TABLET (28 FILM TABLET),escitalopram,733,"risk or severity of adverse effects, QTc-prolonging activities, metabolism"
ESMOBLOC 10 MG / ML IV INF. ICIN COZ (250 ML SETSIZ),esmolol,426,"risk or severity of adverse effects, antihypertensive activities, orthostatic hypotensive activities"
ESOBLOK 40 MG IV ENJ VE INF ICIN TOZ ICEREN 1 FLK,esomeprazole,277,"metabolism, serum concentration, therapeutic efficacy"
ESODAX 400 MG 14 FTB,etodolac,397,"risk or severity of adverse effects, metabolism, therapeutic efficacy"
ESOM 40 MG 28 ENTERIK KAPLI MIKROPELLET KAP,esomeprazole,277,"metabolism, serum concentration, therapeutic efficacy"
ESOPRAL 40 MG 28 KAPSUL,esomeprazole,277,"metabolism, serum concentration, therapeutic efficacy"
ESOPRO 40 MG 28 KAPSUL,esomeprazole,277,"metabolism, serum concentration, therapeutic efficacy"
ESPLUS 10 MG 28 FTB,escitalopram,733,"risk or severity of adverse effects, QTc-prolonging activities, metabolism"
ESPLUS 20 MG 28 FTB,escitalopram,733,"risk or severity of adverse effects, QTc-prolonging activities, metabolism"
ESPOVIL 40 MG IV ENJEKSIYON VE INFUZYON ICIN LIYOFILIZE TOZ ICEREN FLAKON (1 FLAKON) (POMPEZO 40 MG IV ENJEKSIYON VE INFUZYON ICIN LIYOFILIZE TOZ ICEREN FLAKON),esomeprazole,277,"metabolism, serum concentration, therapeutic efficacy"
ESRAM 20 MG 28 FTB,escitalopram,733,"risk or severity of adverse effects, QTc-prolonging activities, metabolism"
ESSIUM 40MG IV ENJEKSIYONLUK/INFUZYONLUK COZELTI HAZIRLAMAK ICIN TOZ (1 FLAKON),esomeprazole,277,"metabolism, serum concentration, therapeutic efficacy"
ESTRACYT 140 MG 100 KAP,estramustine,120,"metabolism, serum concentration, absorption"
"ESTRIOL VAJINAL KREM, 50 G",estriol,162,"serum concentration, thrombogenic activities, anticoagulant activities"
ESTROFEM 2 MG 28 FTB,estradiol,373,"serum concentration, metabolism, thrombogenic activities"
ETAMIVIR 75 MG 10 SERT KAPSUL,oseltamivir,1,serum concentration of active metabolites
ETINIB 150 MG FILM KAPLI TABLET (30 TABLET),erlotinib,209,"serum concentration, metabolism, risk or severity of adverse effects"
ETKINIA 1 MG 30 TB,rasagiline,475,"risk or severity of adverse effects, hypotensive activities, hypertensive activities"
ETOL FORT 400 MG 14 FTB,etodolac,397,"risk or severity of adverse effects, metabolism, therapeutic efficacy"
ETOL SR 600 MG 10 UZATILMIS SALIMLI TAB,etodolac,397,"risk or severity of adverse effects, metabolism, therapeutic efficacy"
ETOPEX 100 MG/5 ML IV INF. ICIN KON.COZ.ICEREN FLAKON,etoposide,168,"serum concentration, metabolism, risk or severity of adverse effects"
ETOSID 100 MG/5 ML INF.ICIN KONS. SOL.ICEREN 1 FLK,etoposide,168,"serum concentration, metabolism, risk or severity of adverse effects"
"ETOSID 50 MG/2,5 ML IV INF ICIN KONS. COZ. ICEREN FLK",etoposide,168,"serum concentration, metabolism, risk or severity of adverse effects"
ETOTAC SR 600 MG UZATILMIS SALIMLI FILM KAPLI TABLET (10 UZATILMIS SALIMLI FILM KAPLI TABLET),etodolac,397,"risk or severity of adverse effects, metabolism, therapeutic efficacy"
ETOVER 100 MG/ML 50 ML SPREY,etofenamate,319,"risk or severity of adverse effects, therapeutic efficacy, antihypertensive activities"
ETRANG 25 MG FILM KAPLI TABLET (14 TABLET),eltrombopag,167,"serum concentration, metabolism"
ETRANG 50 MG FILM KAPLI TABLET (14 TABLET),eltrombopag,167,"serum concentration, metabolism"
EUMOVATE %0.05 50 GR KREM,clobetasone,251,"risk or severity of adverse effects, serum concentration, hypokalemic activities"
EUMOVATE %0.05 50 GR POMAD,clobetasone,251,"risk or severity of adverse effects, serum concentration, hypokalemic activities"
EVASIF 245 MG 30 FTB,tenofovir disoproxil,271,"metabolism, risk or severity of adverse effects, serum concentration"
EVOLTU 20MG/20ML INFUZYONLUK COZELTI HAZIRLAMAK ICIN KONSANTRE,clofarabine,194,"risk or severity of adverse effects, hypotensive activities, cardiotoxic activities"
"EXANAFIN %1 DERIYE UYGULANACAK SPREY, COZELTI (20 ML)",naftifine,381,"risk or severity of adverse effects, therapeutic efficacy, antihypertensive activities"
EXANAFIN %1 KREM (30 G),naftifine,381,"risk or severity of adverse effects, therapeutic efficacy, antihypertensive activities"
EXCEGRAN 100 MG 100 KAP,zonisamide,434,"risk or severity of adverse effects, metabolism, therapeutic efficacy"
EXELDERM %1 30 GR KREM,naftifine,381,"risk or severity of adverse effects, therapeutic efficacy, antihypertensive activities"
EXELDERM %1 SPREY (20 ML),naftifine,381,"risk or severity of adverse effects, therapeutic efficacy, antihypertensive activities"
EXELON 1.5 MG 28 KAP,rivastigmine,193,"risk or severity of adverse effects, bradycardic activities, therapeutic efficacy"
EXELON 2 MG/ML 120 ML ORAL SOL,rivastigmine,193,"risk or severity of adverse effects, bradycardic activities, therapeutic efficacy"
EXELON 3 MG 28 KAP,rivastigmine,193,"risk or severity of adverse effects, bradycardic activities, therapeutic efficacy"
EXELON 4.5 MG 28 KAP,rivastigmine,193,"risk or severity of adverse effects, bradycardic activities, therapeutic efficacy"
EXELON 6 MG 28 KAP,rivastigmine,193,"risk or severity of adverse effects, bradycardic activities, therapeutic efficacy"
EXEN FORT 15 MG 10 TB,meloxicam,454,"risk or severity of adverse effects, metabolism, therapeutic efficacy"
EXETU 25 MG 30 FTB,exemestane,111,"metabolism, serum concentration, therapeutic efficacy"
EXIFIN %1 KREM (30G),naftifine,381,"risk or severity of adverse effects, therapeutic efficacy, antihypertensive activities"
EXJADE 125 MG SUDA DAGILABILEN 28 TB,deferasirox,714,"serum concentration, risk or severity of adverse effects, absorption"
EXJADE 250 MG SUDA DAGILABILEN 28 TB,deferasirox,714,"serum concentration, risk or severity of adverse effects, absorption"
EXJADE 500 MG SUDA DAGILABILEN 28 TB,deferasirox,714,"serum concentration, risk or severity of adverse effects, absorption"
EXOCIN %0.3 5 ML GOZ DAMLASI,ofloxacin,366,"QTc-prolonging activities, neuroexcitatory activities, risk or severity of adverse effects"
"EXODERIL % 1 SPREY, COZELTI",naftifine,381,"risk or severity of adverse effects, therapeutic efficacy, antihypertensive activities"
EXODERIL10 MG/GR 30 GR KREM,naftifine,381,"risk or severity of adverse effects, therapeutic efficacy, antihypertensive activities"
"EXPAFTYN %1 DERIYE UYGULANACAK SPREY, COZELTI 20 ML",naftifine,381,"risk or severity of adverse effects, therapeutic efficacy, antihypertensive activities"
"EYE VISOL % 0,05 GOZ DAMLASI, COZELTI (5 ML)",tetryzoline,132,"vasoconstricting activities, risk or severity of adverse effects, hypertensive activities"
EZETEC 10 MG 28 TB,ezetimibe,38,"serum concentration, risk or severity of adverse effects"
EZETEC 10 MG 84 TB,ezetimibe,38,"serum concentration, risk or severity of adverse effects"
EZETROL 10 MG 28 TB,ezetimibe,38,"serum concentration, risk or severity of adverse effects"
"Erexfil 20 mg Film Kaplı Tablet, 4 ADET",tadalafil,285,"antihypertensive activities, serum concentration, hypotensive activities"
"Erexfil 5 mg Film Kaplı Tablet, 28 ADET",tadalafil,285,"antihypertensive activities, serum concentration, hypotensive activities"
FAMODIN 20 MG 60 FTB,famotidine,144,"QTc-prolonging activities, metabolism, serum concentration"
FAMODIN 40 MG 30 FTB,famotidine,144,"QTc-prolonging activities, metabolism, serum concentration"
FAMOSER 40 MG 30 FILM KAPLI TABLET,famotidine,144,"QTc-prolonging activities, metabolism, serum concentration"
FASLODEX 250 MG/ 5 ML X 2 ENJ COZ.,fulvestrant,93,"metabolism, serum concentration, cardiotoxic activities"
FASTJEL %2.5 50 GR JEL,ketoprofen,397,"risk or severity of adverse effects, metabolism, therapeutic efficacy"
FAVERIN 100 MG 30 FTB,fluvoxamine,934,"metabolism, risk or severity of adverse effects, serum concentration"
FEBIND 500 MG SUDA DAGILABILEN 28 TABLET,deferasirox,714,"serum concentration, risk or severity of adverse effects, absorption"
FEBIND-F 180 MG FILM KAPLI TABLET (30 TABLET),deferasirox,714,"serum concentration, risk or severity of adverse effects, absorption"
FEBIND-F 360 MG FILM KAPLI TABLET (30 TABLET),deferasirox,714,"serum concentration, risk or severity of adverse effects, absorption"
FEBIND-F 90 MG FILM KAPLI TABLET (30 TABLET),deferasirox,714,"serum concentration, risk or severity of adverse effects, absorption"
"FEKSINE 120 MG FILM KAPLI TABLET, 20 ADET",fexofenadine,335,"risk or severity of adverse effects, serum concentration, central nervous system depressant (CNS depressant) activities"
"FEKSINE 180 MG FILM KAPLI TABLET, 20 ADET",fexofenadine,335,"risk or severity of adverse effects, serum concentration, central nervous system depressant (CNS depressant) activities"
FELDEN FLASH 20 MG 10 TB,piroxicam,405,"risk or severity of adverse effects, metabolism, therapeutic efficacy"
FEMARA 2.5 MG 30 FTB,letrozole,97,"metabolism, serum concentration, cardiotoxic activities"
FENISTIL % 0.1 JEL,dimetindene,12,"sedative activities, diagnostic agent, therapeutic efficacy"
"FENOFRIN % 2.5 GOZ DAMLASI, COZELTI",phenylephrine,135,"vasoconstricting activities, risk or severity of adverse effects, hypertensive activities"
FENOGAL 267 MG SERT KAPSUL (30 KAPSUL),fenofibrate,115,"metabolism, serum concentration, hypoglycemic activities"
FENOGAL 267 MG SERT KAPSUL (90 KAPSUL),fenofibrate,115,"metabolism, serum concentration, hypoglycemic activities"
FEPATIL 267 MG SERT KAPSUL (30 KAPSUL),fenofibrate,115,"metabolism, serum concentration, hypoglycemic activities"
FEPATIL 267 MG SERT KAPSUL (90 KAPSUL),fenofibrate,115,"metabolism, serum concentration, hypoglycemic activities"
FEROUT 180 MG 30 FILM KAPLI TABLET,deferasirox,714,"serum concentration, risk or severity of adverse effects, absorption"
FEROUT 360 MG 30 FILM KAPLI TABLET,deferasirox,714,"serum concentration, risk or severity of adverse effects, absorption"
FEROUT 90 MG 30 FILM KAPLI TABLET,deferasirox,714,"serum concentration, risk or severity of adverse effects, absorption"
FEROUT S 125 MG SUDA DAGILABILEN 28 TABLET,deferasirox,714,"serum concentration, risk or severity of adverse effects, absorption"
FEROUT S 250 MG SUDA DAGILABILEN 28 TABLET,deferasirox,714,"serum concentration, risk or severity of adverse effects, absorption"
FEROUT S 500 MG SUDA DAGILABILEN 28 TABLET,deferasirox,714,"serum concentration, risk or severity of adverse effects, absorption"
FERRIPROX 100 MG/ML 500 ML SURUP,deferiprone,29,"serum concentration, absorption"
FERRIPROX 500 MG 100 FTB,deferiprone,29,"serum concentration, absorption"
FESOR 500 MG DAGILABILIR TABLET (28 TABLET),deferasirox,714,"serum concentration, risk or severity of adverse effects, absorption"
FEVERE 25 MG/ML ORAL COZELTI (50 ML 1 SISE),diclofenac,491,"risk or severity of adverse effects, metabolism, serum concentration"
FEXADYNE 120 MG 20 FTB,fexofenadine,335,"risk or severity of adverse effects, serum concentration, central nervous system depressant (CNS depressant) activities"
FEXADYNE 180 MG 20 FTB,fexofenadine,335,"risk or severity of adverse effects, serum concentration, central nervous system depressant (CNS depressant) activities"
FEXOFEN 120 MG 20 FTB,fexofenadine,335,"risk or severity of adverse effects, serum concentration, central nervous system depressant (CNS depressant) activities"
FEXOFEN 180 MG 20 FTB,fexofenadine,335,"risk or severity of adverse effects, serum concentration, central nervous system depressant (CNS depressant) activities"
FILINSEL 24 MG/ML IV INFUZYON ICIN SOLUSYON ICEREN 10 ML 3 AMP,aminophylline,246,"serum concentration, metabolism, therapeutic efficacy"
"FINDEL 0,5 MG 28 KAP",fingolimod,314,"immunosuppressive activities, metabolism, bradycardic activities"
FINGOLITU 0.5 MG SERT KAPSUL (28 ADET),fingolimod,314,"immunosuppressive activities, metabolism, bradycardic activities"
"FINGYA 0,5 MG 28 KAPSUL",fingolimod,314,"immunosuppressive activities, metabolism, bradycardic activities"
"FINHAIR 1 MG FİLM KAPLI TABLET, 28 TABLET",finasteride,84,"metabolism, serum concentration"
FIX-AT 475 MG 180 FTB,calcium acetate,128,"therapeutic efficacy, absorption, serum concentration"
FIX-AT 950 MG 180 FTB,calcium acetate,128,"therapeutic efficacy, absorption, serum concentration"
FIXATOM 10 MG SERT KAPSUL (28 KAPSUL),atomoxetine,697,"metabolism, serum concentration, QTc-prolonging activities"
FIXATOM 18 MG SERT KAPSUL (28 KAPSUL),atomoxetine,697,"metabolism, serum concentration, QTc-prolonging activities"
FIXATOM 25 MG SERT KAPSUL (28 KAPSUL),atomoxetine,697,"metabolism, serum concentration, QTc-prolonging activities"
FIXATOM 40 MG SERT KAPSUL (28 KAPSUL),atomoxetine,697,"metabolism, serum concentration, QTc-prolonging activities"
FIXATOM 60 MG SERT KAPSUL (28 KAPSUL),atomoxetine,697,"metabolism, serum concentration, QTc-prolonging activities"
FIXEF 100 MG/5 ML 100 ML SUSP,cefixime,19,"nephrotoxic activities, anticoagulant activities, therapeutic efficacy"
FIXEF 100 MG/5 ML 50 ML SUSP,cefixime,19,"nephrotoxic activities, anticoagulant activities, therapeutic efficacy"
FIXEF 400 MG 10 FTB,cefixime,19,"nephrotoxic activities, anticoagulant activities, therapeutic efficacy"
FIXEF 400 MG 5 FTB,cefixime,19,"nephrotoxic activities, anticoagulant activities, therapeutic efficacy"
FLAGYL 125 MG/5 ML 120 ML ORAL SUSP,metronidazole,211,"metabolism, QTc-prolonging activities, serum concentration"
FLAGYL 500 MG 20 TB,metronidazole,211,"metabolism, QTc-prolonging activities, serum concentration"
FLAGYL ENJEKTABL %0.5 IV 100 ML SOL (ECZ SETLI),metronidazole,211,"metabolism, QTc-prolonging activities, serum concentration"
FLAGYL ENJEKTABL %0.5 IV 100 ML SOL (ECZ SETSIZ),metronidazole,211,"metabolism, QTc-prolonging activities, serum concentration"
FLANTADIN 30 MG 10 TB,deflazacort,301,"risk or severity of adverse effects, metabolism, serum concentration"
FLANTADIN 6 MG 20 TB,deflazacort,301,"risk or severity of adverse effects, metabolism, serum concentration"
FLAREX %0.1 5 ML GOZ DAMLASI,fluorometholone,300,"risk or severity of adverse effects, metabolism, serum concentration"
FLESSI 10 MG FILM KAPLI TABLET (30 TABLET),cyclobenzaprine,433,"risk or severity of adverse effects, metabolism, serum concentration"
FLESSI 5 MG FILM KAPLI TABLET (30 TABLET),cyclobenzaprine,433,"risk or severity of adverse effects, metabolism, serum concentration"
FLEXO 50 MG/GR 40 GR JEL,etofenamate,319,"risk or severity of adverse effects, therapeutic efficacy, antihypertensive activities"
FLEXO TOPIKAL SPREY,etofenamate,319,"risk or severity of adverse effects, therapeutic efficacy, antihypertensive activities"
"FLIXAIR 0,5 MG/2 ML NEBULIZASYON ICIN TEK DOZLUK INH SUSP ICEREN 10 FLK",fluticasone,251,"risk or severity of adverse effects, serum concentration, hypokalemic activities"
FLIXAIR 2 MG/2 ML NEBULIZASYON ICIN TEK DOZLUK INH SUSP ICEREN FLK (10 FLK),fluticasone,251,"risk or severity of adverse effects, serum concentration, hypokalemic activities"
FLIXON 50 MCG INHALASYON COZELTISI ICEREN AEROSOL (120 DOZ),fluticasone,251,"risk or severity of adverse effects, serum concentration, hypokalemic activities"
FLIXON INHALER 125 MCG 120 DOZ INH,fluticasone,251,"risk or severity of adverse effects, serum concentration, hypokalemic activities"
FLIXONASE AQUEUS 50 MCG/DOZ 120 DOZ NAZAL SPREY,fluticasone,251,"risk or severity of adverse effects, serum concentration, hypokalemic activities"
FLIXOTIDE 125 MCG/DOZ 120 DOZ INH,fluticasone,251,"risk or severity of adverse effects, serum concentration, hypokalemic activities"
FLIXOTIDE 50 MCG/DOZ 120 DOZ INH,fluticasone,251,"risk or severity of adverse effects, serum concentration, hypokalemic activities"
FLIXOTIDE DISKUS 100 MCG 60 DOZ 28 BLISTER,fluticasone,251,"risk or severity of adverse effects, serum concentration, hypokalemic activities"
FLIXOTIDE DISKUS 250 MCG 60 DOZ 28 BLISTER,fluticasone,251,"risk or severity of adverse effects, serum concentration, hypokalemic activities"
FLIXOTIDE NEBULES 0.5 MG 10 NEBUL,fluticasone,251,"risk or severity of adverse effects, serum concentration, hypokalemic activities"
FLIXOTIDE NEBULES 2 MG 10 NEBUL,fluticasone,251,"risk or severity of adverse effects, serum concentration, hypokalemic activities"
"FLOBEN 0,5 MG/2 ML NEBULIZASYON SUSPANSIYONU",fluticasone,251,"risk or severity of adverse effects, serum concentration, hypokalemic activities"
FLOBEN 2 MG/2 ML NEBULIZASYON SUSPANSIYONU 10 FLK,fluticasone,251,"risk or severity of adverse effects, serum concentration, hypokalemic activities"
FLOCIP %0.05 MERHEM (30 G),diflorasone,251,"risk or severity of adverse effects, serum concentration, hypokalemic activities"
"FLOMAX MR 0,4 MG KAPSUL, 30 ADET",tamsulosin,405,"risk or severity of adverse effects, vasoconstricting activities, serum concentration"
FLOPROST MR 0.4 MG DEGISTIRILMIS SALIMLI 30 SERT KAP,tamsulosin,405,"risk or severity of adverse effects, vasoconstricting activities, serum concentration"
FLOTIC 200 MG/100 ML IV INF. COZ. ICEREN FLK,ciprofloxacin,447,"QTc-prolonging activities, neuroexcitatory activities, risk or severity of adverse effects"
FLOTIC 400 MG/200 ML IV INF. COZ. ICEREN FLK,ciprofloxacin,447,"QTc-prolonging activities, neuroexcitatory activities, risk or severity of adverse effects"
FLOXAPEN 500 MG FILM KAPLI TABLET (16 TABLET),flucloxacillin,32,"serum concentration, therapeutic efficacy, anticoagulant activities"
FLOXILEVO 500 MG 7 FTB,levofloxacin,411,"QTc-prolonging activities, neuroexcitatory activities, risk or severity of adverse effects"
FLOXILEVO 750 MG 7 FTB,levofloxacin,411,"QTc-prolonging activities, neuroexcitatory activities, risk or severity of adverse effects"
FLUANXOL 3 MG 50 FILM KAPLI TABLET,flupentixol,555,"risk or severity of adverse effects, QTc-prolonging activities, vasoconstricting activities"
FLUANXOL DEPOT 20 MG/ML 1 ML 1 AMP,flupentixol,555,"risk or severity of adverse effects, QTc-prolonging activities, vasoconstricting activities"
FLUBEST SR 1.5 MG 30 UZATILMIS SALIMLI TB,indapamide,647,"hypotensive activities, therapeutic efficacy, risk or severity of adverse effects"
FLUCAN 150 MG 1 KAP,fluconazole,679,"metabolism, serum concentration, QTc-prolonging activities"
FLUCAN 150 MG 2 KAP,fluconazole,679,"metabolism, serum concentration, QTc-prolonging activities"
FLUDEX SR 1.5 MG 30 TB,indapamide,647,"hypotensive activities, therapeutic efficacy, risk or severity of adverse effects"
FLUDIN 2.5 MG 30 FTB,indapamide,647,"hypotensive activities, therapeutic efficacy, risk or severity of adverse effects"
FLUJECT 100 MG/50 ML IV INF COZ ICEREN 1 FLK,fluconazole,679,"metabolism, serum concentration, QTc-prolonging activities"
FLUKOL 100 MG/50 ML IV INF COZ ICEREN 1 FLK,fluconazole,679,"metabolism, serum concentration, QTc-prolonging activities"
"FLUKOPOL % 0,9 SODYUM KLORUR IV INF ICIN COZ 50 ML SETSIZ",fluconazole,679,"metabolism, serum concentration, QTc-prolonging activities"
FLUNIGEN 14 MG FILM KAPLI TABLET (28 TABLET),teriflunomide,605,"serum concentration, risk or severity of adverse effects, metabolism"
FLUOROURACIL-KOCAK 1000 MG/20 ML IV ENJEKSIYON ICIN SOLUSYON ICEREN 1 FLK,fluorouracil,268,"metabolism, serum concentration, risk or severity of adverse effects"
FLUOROURASIL-KOCAK 500 MG/10 ML IV ENJEKSIYON ICIN SOLUSYON ICEREN 1 FLK,fluorouracil,268,"metabolism, serum concentration, risk or severity of adverse effects"
FLUPAMID 2.5 MG 60 FTB,indapamide,647,"hypotensive activities, therapeutic efficacy, risk or severity of adverse effects"
FLUPAMID-SR 1.5 MG 30 TB,indapamide,647,"hypotensive activities, therapeutic efficacy, risk or severity of adverse effects"
"FLUPRONAT 125 MCG AEROSOL INHALASYONU, SUSPANSIYON (120 DOZ)",fluticasone,251,"risk or severity of adverse effects, serum concentration, hypokalemic activities"
FLUPRONAT 2 MG/2 ML NEBULIZASYON SUSPANSIYONU (10 FLAKON),fluticasone,251,"risk or severity of adverse effects, serum concentration, hypokalemic activities"
"FLUPRONAT 250 MCG AEROSOL INHALASYONU, SUSPANSİYON 120 DOZ",fluticasone,251,"risk or severity of adverse effects, serum concentration, hypokalemic activities"
FLURO-5 DEVA 1000 MG/20 ML IV/IA ENJEKSIYONLUK COZELTI ICEREN FLK,fluorouracil,268,"metabolism, serum concentration, risk or severity of adverse effects"
FLUTEL 50 MCG BURUN SPREYI 120 DOZ SUSPANSIYON,fluticasone,251,"risk or severity of adverse effects, serum concentration, hypokalemic activities"
"FLUTEL-F 27,5 MCG BURUN SPREYI, SUSPANSIYON",fluticasone furoate,298,"risk or severity of adverse effects, metabolism, serum concentration"
FLUZAMED 150 MG 12 KAPSUL,fluconazole,679,"metabolism, serum concentration, QTc-prolonging activities"
FLUZAMED 200 MG 7 KAP,fluconazole,679,"metabolism, serum concentration, QTc-prolonging activities"
FLUZAVIR 12 MG/ML ORAL SUSPANSIYON HAZIRLAMAK ICIN TOZ (75 ML),oseltamivir,1,serum concentration of active metabolites
FLUZAVIR 75 MG SERT KAPSUL (10 KAPSUL),oseltamivir,1,serum concentration of active metabolites
FLUZOLE 100 MG 7 KAPSUL,fluconazole,679,"metabolism, serum concentration, QTc-prolonging activities"
FLUZOLE 150 MG 1 KAP,fluconazole,679,"metabolism, serum concentration, QTc-prolonging activities"
FLUZOLE 150 MG 2 KAPSUL,fluconazole,679,"metabolism, serum concentration, QTc-prolonging activities"
FLUZOLE 200 MG SERT KAPSUL (7 KAPSUL),fluconazole,679,"metabolism, serum concentration, QTc-prolonging activities"
"FLYNTA 20 MG FİLM KAPLI TABLET, 4 ADET",tadalafil,285,"antihypertensive activities, serum concentration, hypotensive activities"
"FLYNTA 5 MG FİLM KAPLI TABLET, 28 ADET",tadalafil,285,"antihypertensive activities, serum concentration, hypotensive activities"
FML LIQUIFILM %0.1 5 ML GOZ DAMLASI,fluorometholone,300,"risk or severity of adverse effects, metabolism, serum concentration"
FOLAS 5 MG 50 TABLET,folic acid,97,"therapeutic efficacy, serum concentration, metabolism"
FOLBETAKE 5 MG 50 TABLET,folic acid,97,"therapeutic efficacy, serum concentration, metabolism"
FOLBIOL 5 MG 50 TB,folic acid,97,"therapeutic efficacy, serum concentration, metabolism"
FOLFULL 5 MG TABLET (50 TABLET),folic acid,97,"therapeutic efficacy, serum concentration, metabolism"
FOLIGANCE 5 MG TABLET (50 TABLET),folic acid,97,"therapeutic efficacy, serum concentration, metabolism"
FOLSET 5 MG TABLET (50 TABLET),folic acid,97,"therapeutic efficacy, serum concentration, metabolism"
FONKSERA 10 MG 28 FILM KAPLI TABLET,vortioxetine,465,"risk or severity of adverse effects, metabolism, serum concentration"
FONKSERA 20 MG 28 FILM KAPLI TABLET,vortioxetine,465,"risk or severity of adverse effects, metabolism, serum concentration"
FONKSERA 5 MG 14 FILM KAPLI TABLET,vortioxetine,465,"risk or severity of adverse effects, metabolism, serum concentration"
FONKSERA 5 MG 28 FILM KAPLI TABLET,vortioxetine,465,"risk or severity of adverse effects, metabolism, serum concentration"
FORSEF IM 0.5 GR 1FLK,ceftriaxone,28,"nephrotoxic activities, risk or severity of adverse effects, anticoagulant activities"
FORSEF IM 1 GR 1 FLK,ceftriaxone,28,"nephrotoxic activities, risk or severity of adverse effects, anticoagulant activities"
"FORTEVIR 0,5 MG 30 FILM KAPLI TABLET",entecavir,3,"risk or severity of adverse effects, hepatotoxic activities"
FORTEVIR 1 MG 30 FILM KAPLI TABLET,entecavir,3,"risk or severity of adverse effects, hepatotoxic activities"
FORTINE 100 MG 15 FTB,flurbiprofen,396,"risk or severity of adverse effects, metabolism, therapeutic efficacy"
FORZIGA 10 MG 28 FTB,dapagliflozin,377,"risk or severity of adverse effects, metabolism, hypoglycemic activities"
FOSAMAX 70 MG 4 TB,alendronic acid,125,"risk or severity of adverse effects, serum concentration, hypocalcemic activities"
FOSEMAZON 150 MG I.V. INFUZYONLUK COZELTI HAZIRLAMADA KULLANILACAK KONSANTRE ICIN TOZ,aprepitant,674,"serum concentration, metabolism, risk or severity of adverse effects"
FOSETAZ 4 MG UZATILMIS SALIMLI FILM KAPLI TABLET (28 TABLET),fesoterodine,381,"serum concentration of active metabolites, risk or severity of adverse effects, serum concentration"
FOSETAZ 8 MG UZATILMIS SALIMLI FILM KAPLI TABLET (28 TABLET),fesoterodine,381,"serum concentration of active metabolites, risk or severity of adverse effects, serum concentration"
FOSFAT-EX 700 MG 100 FTB,calcium acetate,128,"therapeutic efficacy, absorption, serum concentration"
"FOSFAVER 2,4 G + 0,9 G/ 5 ML ORAL COZELTI",sodium phosphate,185,"nephrotoxic activities, absorption, risk or severity of adverse effects"
FOSIT 1 G IV PERF. ICIN LIYO. TOZ ICEREN 1 FLAKON,fosfomycin,1,therapeutic efficacy
FOSIT 4 G IV PERF. ICIN LIYO. TOZ ICEREN 1 FLAKON,fosfomycin,1,therapeutic efficacy
FOTEROL 12 MCG INH ICIN TOZ ICEREN 60 KAP,formoterol,291,"metabolism, QTc-prolonging activities, vasoconstricting activities"
FRENAG %1 30 GR TOPIKAL JEL,nimesulide,494,"risk or severity of adverse effects, therapeutic efficacy, risk or severity of hypotension"
FRENAG FORT JEL % 3 30 GR JEL,nimesulide,494,"risk or severity of adverse effects, therapeutic efficacy, risk or severity of hypotension"
FRENAG PLUS %1 + %5 SPREY 50 ML SISE,nimesulide,494,"risk or severity of adverse effects, therapeutic efficacy, risk or severity of hypotension"
FRENAG PLUS JEL 50 GR,nimesulide,494,"risk or severity of adverse effects, therapeutic efficacy, risk or severity of hypotension"
FUARTE 125 MG SUDA DAGILABILEN 28 TB,deferasirox,714,"serum concentration, risk or severity of adverse effects, absorption"
FUARTE 250 MG SUDA DAGILABILEN 28 TB,deferasirox,714,"serum concentration, risk or severity of adverse effects, absorption"
FUARTE 500 MG SUDA DAGILABILEN 28 TB,deferasirox,714,"serum concentration, risk or severity of adverse effects, absorption"
FUARTE NEO 180 MG FILM KAPLI TABLET (30 FILM KAPLI TABLET),deferasirox,714,"serum concentration, risk or severity of adverse effects, absorption"
FUARTE NEO 360 MG FILM KAPLI TABLET (30 FILM KAPLI TABLET),deferasirox,714,"serum concentration, risk or severity of adverse effects, absorption"
FUARTE NEO 90 MG FILM KAPLI TABLET (30 FILM KAPLI TABLET),deferasirox,714,"serum concentration, risk or severity of adverse effects, absorption"
FUCIDIN %2 20 GR KREM,fusidic acid,538,"serum concentration, excretion rate of higher serum level, risk or severity of adverse effects"
FUCIDIN %2 20 GR POM,fusidic acid,538,"serum concentration, excretion rate of higher serum level, risk or severity of adverse effects"
FUCITEC %2 20 G KREM,fusidic acid,538,"serum concentration, excretion rate of higher serum level, risk or severity of adverse effects"
FUCITEC %2 20 GR POMAD,fusidic acid,538,"serum concentration, excretion rate of higher serum level, risk or severity of adverse effects"
FUCITHALMIC VISKOZ %1 5 ML GOZ DAMLASI,fusidic acid,538,"serum concentration, excretion rate of higher serum level, risk or severity of adverse effects"
FULMOREX 10 MG FILM KAPLI TABLET (28 TABLET),macitentan,249,"hypotensive activities, serum concentration, metabolism"
FULSAC 20 MG 24 KAP,fluoxetine,794,"metabolism, risk or severity of adverse effects, serum concentration"
FUMAST 1 MG TABLET,ketotifen,12,"sedative activities, diagnostic agent, therapeutic efficacy"
FUMAST 1 MG/5 ML SURUP 100 ML,ketotifen,12,"sedative activities, diagnostic agent, therapeutic efficacy"
"FUNDERYL % 1 SPREY, COZELTI (20 ML)",naftifine,381,"risk or severity of adverse effects, therapeutic efficacy, antihypertensive activities"
FUNDERYL %1 30 GR KREM,naftifine,381,"risk or severity of adverse effects, therapeutic efficacy, antihypertensive activities"
FUNGAJEN %1 30 G KREM,isoconazole,71,"therapeutic efficacy, serum concentration, metabolism"
FUNGIDAS 50 MG INFUZYON ICIN LIYOFILIZE TOZ 1 FLK,caspofungin,112,"therapeutic efficacy, serum concentration, risk or severity of adverse effects"
FUNGIDAS 70 MG INFUZYON ICIN LIYOFILIZE TOZ 1 FLK,caspofungin,112,"therapeutic efficacy, serum concentration, risk or severity of adverse effects"
"FUNGINAIL %5 TIRNAK CILASI, COZELTI (2,5 ML)",amorolfine,70,"therapeutic efficacy, serum concentration, metabolism"
FUNGOSTATIN 100.000 U / ML ORAL SUSPANSIYON ICIN TOZ 50 ML,nystatin,78,"therapeutic efficacy, serum concentration, risk or severity of rhabdomyolysis"
FUNIT 100 MG 15 KAP,itraconazole,698,"metabolism, serum concentration, therapeutic efficacy"
FUNIT 100 MG 30 KAP,itraconazole,698,"metabolism, serum concentration, therapeutic efficacy"
FUNIT 100 MG 4 KAP,itraconazole,698,"metabolism, serum concentration, therapeutic efficacy"
"FURACEPT %0,2 MERHEM",nitrofural,69,"metabolism, serum concentration"
FURACIN %0.2 56 GR POMAD,nitrofural,69,"metabolism, serum concentration"
FURADERM %0.2 56 GR POMAD,nitrofural,69,"metabolism, serum concentration"
FUROJECT 20MG/2 ML IM/IV ENJ. COZ. ICEREN 5 AMP,furosemide,443,"risk or severity of adverse effects, therapeutic efficacy, hypokalemic activities"
FUROMID 20 MG IV/IM 2 ML 5 AMP,furosemide,443,"risk or severity of adverse effects, therapeutic efficacy, hypokalemic activities"
FUROSON 20 MG/2 ML IV/IM 5 AMP,furosemide,443,"risk or severity of adverse effects, therapeutic efficacy, hypokalemic activities"
FUSIDAS %2 20 G KREM,fusidic acid,538,"serum concentration, excretion rate of higher serum level, risk or severity of adverse effects"
FUSIX %1 VISKOZ GOZ DAMLASI,fusidic acid,538,"serum concentration, excretion rate of higher serum level, risk or severity of adverse effects"
FUSIX DERMA % 2 MERHEM (20 G),fusidic acid,538,"serum concentration, excretion rate of higher serum level, risk or severity of adverse effects"
FUSIX DERMA %2 KREM (20 G),fusidic acid,538,"serum concentration, excretion rate of higher serum level, risk or severity of adverse effects"
FUZO PLUS LIKIT JEL (50 G),nimesulide,494,"risk or severity of adverse effects, therapeutic efficacy, risk or severity of hypotension"
"FİXFLOW 27.5 MCG BURUN SPREYİ, SÜSPANSİYON, 120 DOZ",fluticasone furoate,298,"risk or severity of adverse effects, metabolism, serum concentration"
GABASET 100 MG 20 KAP,gabapentin,389,"risk or severity of adverse effects, therapeutic efficacy, risk or severity of hypotension"
GABASET 300 MG 50 KAP,gabapentin,389,"risk or severity of adverse effects, therapeutic efficacy, risk or severity of hypotension"
GABASET 400 MG 50 KAP,gabapentin,389,"risk or severity of adverse effects, therapeutic efficacy, risk or severity of hypotension"
GABASET 600 MG 50 FILM KAPLI TABLET,gabapentin,389,"risk or severity of adverse effects, therapeutic efficacy, risk or severity of hypotension"
GABASET 800 MG 50 FILM KAPLI TABLET,gabapentin,389,"risk or severity of adverse effects, therapeutic efficacy, risk or severity of hypotension"
GADEXON 8 MG/2 ML 2 ML 1 AMP,dexamethasone,389,"risk or severity of adverse effects, serum concentration, metabolism"
GALARA 150 MG 56 KAP,pregabalin,345,"therapeutic efficacy, risk or severity of heart failure, central nervous system depressant (CNS depressant) activities"
GALARA 300 MG 56 KAPSÜL,pregabalin,345,"therapeutic efficacy, risk or severity of heart failure, central nervous system depressant (CNS depressant) activities"
GALVUS 50 MG 56 TAB,vildagliptin,172,"therapeutic efficacy, serum concentration, hypoglycemic activities"
GASTEROL 40 MG FILM KAPLI TABLET (30 ADET),famotidine,144,"QTc-prolonging activities, metabolism, serum concentration"
GASTROFAM 40 MG 30 FTB,famotidine,144,"QTc-prolonging activities, metabolism, serum concentration"
GELTRO 25 MG FILM KAPLI TABLET (14 FILM KAPLI TABLET),eltrombopag,167,"serum concentration, metabolism"
GELTRO 25 MG FILM KAPLI TABLET (28 TABLET),eltrombopag,167,"serum concentration, metabolism"
GELTRO 50 MG FILM KAPLI TABLET (14 FILM KAPLI TABLET),eltrombopag,167,"serum concentration, metabolism"
GELTRO 50 MG FILM KAPLI TABLET (28 TABLET),eltrombopag,167,"serum concentration, metabolism"
GEMKO 1000 MG IV INF. ICIN LIYOFILIZE TOZ ICEREN FLAKON,gemcitabine,26,"serum concentration, risk or severity of adverse effects, cardiotoxic activities"
GEMKO 1400 MG IV INF. ICIN LIYOFILIZE TOZ ICEREN FLAKON,gemcitabine,26,"serum concentration, risk or severity of adverse effects, cardiotoxic activities"
GEMKO 200 MG IV INF. ICIN LIYOFILIZE TOZ ICEREN FLAKON,gemcitabine,26,"serum concentration, risk or severity of adverse effects, cardiotoxic activities"
GEMKO 2000 MG IV INF ICIN LIYOFILIZE TOZ ICEREN FLK,gemcitabine,26,"serum concentration, risk or severity of adverse effects, cardiotoxic activities"
GEMTU 1000 MG/10 ML ENJEKSIYONLUK SOLUSYON 1 FLK,gemcitabine,26,"serum concentration, risk or severity of adverse effects, cardiotoxic activities"
GEMTU 200 MG/2 ML KONSANTRE INFUZYON COZELTESI 1 FLAKON,gemcitabine,26,"serum concentration, risk or severity of adverse effects, cardiotoxic activities"
GEMTU 2000 MG/20 ML ENJ SOL (1 FLK),gemcitabine,26,"serum concentration, risk or severity of adverse effects, cardiotoxic activities"
GEMYSETIN %1 5 GR OFTALMIK POM,chloramphenicol,238,"metabolism, serum concentration, risk or severity of adverse effects"
GENIUM 40MG IV INFUZYON VE ENJEKSIYON ICIN LIYOFILIZE TOZ ICEREN 1 FLAKON,esomeprazole,277,"metabolism, serum concentration, therapeutic efficacy"
GENKORT 10 MG 60 TB,hydrocortisone,368,"risk or severity of adverse effects, serum concentration, metabolism"
GENMISIN 80 MG IM/IV 2 ML 1AMP,gentamicin,185,"excretion rate of higher serum level, serum concentration, nephrotoxic activities"
GENTA %0.3 5 ML GOZ KULAK DAMLASI,gentamicin,185,"excretion rate of higher serum level, serum concentration, nephrotoxic activities"
GENTA 120 MG/2 ML ENJEKSIYONLUK COZELTI,gentamicin,185,"excretion rate of higher serum level, serum concentration, nephrotoxic activities"
GENTA 160 MG/2 ML ENJEKSIYONLUK COZELTI,gentamicin,185,"excretion rate of higher serum level, serum concentration, nephrotoxic activities"
GENTA 20 MG/ML ENJEKSIYONLUK COZELTI,gentamicin,185,"excretion rate of higher serum level, serum concentration, nephrotoxic activities"
GENTA 40 MG/ML ENJEKSIYONLUK COZELTI,gentamicin,185,"excretion rate of higher serum level, serum concentration, nephrotoxic activities"
GENTA 80 MG/2 ML ENJEKSIYONLUK COZELTI,gentamicin,185,"excretion rate of higher serum level, serum concentration, nephrotoxic activities"
"GENTAGUT % 0,3 GOZ VE KULAK DAMLASI, COZELTI (5 ML)",gentamicin,185,"excretion rate of higher serum level, serum concentration, nephrotoxic activities"
GENTHAVER 160 MG/2 ML 1 AMP,gentamicin,185,"excretion rate of higher serum level, serum concentration, nephrotoxic activities"
GENTHAVER 80 MG/2 ML 1 AMP,gentamicin,185,"excretion rate of higher serum level, serum concentration, nephrotoxic activities"
GEROFEN %5 60 GR JEL,ibuprofen,424,"risk or severity of adverse effects, metabolism, therapeutic efficacy"
GILOMID 0.5 MG KAPSUL (28 KAPSUL),fingolimod,314,"immunosuppressive activities, metabolism, bradycardic activities"
GIOTRIF 20 MG 28 FILM KAPLI TABLET,afatinib,247,"serum concentration, cardiotoxic activities, excretion"
GIOTRIF 30 MG 28 FILM KAPLI TABLET,afatinib,247,"serum concentration, cardiotoxic activities, excretion"
GIOTRIF 40 MG 28 FILM KAPLI TABLET,afatinib,247,"serum concentration, cardiotoxic activities, excretion"
GLAZONE 10 MG FILM KAPLI TABLET (28 TABLET),dapagliflozin,377,"risk or severity of adverse effects, metabolism, hypoglycemic activities"
"GLEDIS 0,5 MG 28 SERT KAPSUL",fingolimod,314,"immunosuppressive activities, metabolism, bradycardic activities"
GLIFIX 15 MG 30 TB,pioglitazone,375,"metabolism, therapeutic efficacy, hypoglycemic activities"
GLIFIX 15 MG 90 TB,pioglitazone,375,"metabolism, therapeutic efficacy, hypoglycemic activities"
GLIFIX 30 MG 30 TB,pioglitazone,375,"metabolism, therapeutic efficacy, hypoglycemic activities"
GLIFIX 30 MG 90 TB,pioglitazone,375,"metabolism, therapeutic efficacy, hypoglycemic activities"
GLIFIX 45 MG 30 TB,pioglitazone,375,"metabolism, therapeutic efficacy, hypoglycemic activities"
GLIFIX 45 MG 90 TB,pioglitazone,375,"metabolism, therapeutic efficacy, hypoglycemic activities"
GLIFLOMED 10 MG FILM KAPLI TABLET (30 TABLET),empagliflozin,326,"risk or severity of adverse effects, hypoglycemic activities, therapeutic efficacy"
GLIFLOMED 25 MG FILM KAPLI TABLET (30 TABLET),empagliflozin,326,"risk or severity of adverse effects, hypoglycemic activities, therapeutic efficacy"
GLIFOR 1000 MG 100 FTB,metformin,202,"therapeutic efficacy, hypoglycemic activities, serum concentration"
GLIFOR 850 MG 100 FTB,metformin,202,"therapeutic efficacy, hypoglycemic activities, serum concentration"
GLIMATINE 400 MG FILM KAPLI TABLET (30 TABLET),imatinib,622,"metabolism, serum concentration, risk or severity of adverse effects"
GLIMAX 1 MG 30 TB,glimepiride,299,"hypoglycemic activities, therapeutic efficacy, metabolism"
GLIMAX 2 MG 30 TB,glimepiride,299,"hypoglycemic activities, therapeutic efficacy, metabolism"
GLIMAX 3 MG 30 TB,glimepiride,299,"hypoglycemic activities, therapeutic efficacy, metabolism"
GLIMAX 4 MG 30 TB,glimepiride,299,"hypoglycemic activities, therapeutic efficacy, metabolism"
GLIOTIN 100 MG SERT KAPSUL (120 KAPSUL),imatinib,622,"metabolism, serum concentration, risk or severity of adverse effects"
GLIOTIN 400 MG SERT KAPSUL (30 KAPSUL),imatinib,622,"metabolism, serum concentration, risk or severity of adverse effects"
GLIVEC 100 MG 120 FILM TABLET,imatinib,622,"metabolism, serum concentration, risk or severity of adverse effects"
GLIVEC 400 MG 30 FILM KAPLI TABLET,imatinib,622,"metabolism, serum concentration, risk or severity of adverse effects"
GLIVIDIN 50 MG TABLET (56 TABLET),vildagliptin,172,"therapeutic efficacy, serum concentration, hypoglycemic activities"
GLIVON 200 MG 60 FTB,imatinib,622,"metabolism, serum concentration, risk or severity of adverse effects"
GLIVON 400 MG 30 FILM KAPLI TABLET,imatinib,622,"metabolism, serum concentration, risk or severity of adverse effects"
GLOGER % 0.15 GOZ DAMLASI 5 ML COZELTI,brimonidine,497,"central nervous system depressant (CNS depressant) activities, antihypertensive activities, risk or severity of adverse effects"
GLUCOBAY 100 MG 30 TB,acarbose,173,"therapeutic efficacy, hypoglycemic activities, serum concentration"
GLUCOBAY 100 MG 90 TB,acarbose,173,"therapeutic efficacy, hypoglycemic activities, serum concentration"
GLUCOBAY 50 MG 30 TB,acarbose,173,"therapeutic efficacy, hypoglycemic activities, serum concentration"
GLUCOBAY 50 MG 90 TB,acarbose,173,"therapeutic efficacy, hypoglycemic activities, serum concentration"
GLUCOTARD 1000 MG 100 FTB,metformin,202,"therapeutic efficacy, hypoglycemic activities, serum concentration"
GLUCOTROL-XL 10 MG 20 TABLET,glipizide,340,"hypoglycemic activities, metabolism, therapeutic efficacy"
GLUKOFEN 1000 MG 100 FTB,metformin,202,"therapeutic efficacy, hypoglycemic activities, serum concentration"
GLUKOFEN RETARD 850 MG 100 FTB,metformin,202,"therapeutic efficacy, hypoglycemic activities, serum concentration"
"GLYNETIL %0.3 GOZ DAMLASI, COZELTI",netilmicin,185,"excretion rate of higher serum level, serum concentration, nephrotoxic activities"
GLYPRESSIN 1 MG 1 FLK,terlipressin,154,"hypotensive activities, antihypertensive activities, QTc-prolonging activities"
GLYXAR 10 MG FILM KAPLI TABLET,dapagliflozin,377,"risk or severity of adverse effects, metabolism, hypoglycemic activities"
"GONAPEPTYL 0,1 MG/ML ENJEKSİYONLUK ÇÖZELTİ, 1 ADET",triptorelin,109,"QTc-prolonging activities, therapeutic efficacy, cardiotoxic activities"
GOPTEN 0.5 MG 20 KP,trandolapril,394,"risk or severity of adverse effects, hypotensive activities, serum concentration"
GOPTEN 2 MG 28 KAP,trandolapril,394,"risk or severity of adverse effects, hypotensive activities, serum concentration"
GOPTEN FORTE 4 MG 28 KAP (GOPTEN 4 MG 28 KAP),trandolapril,394,"risk or severity of adverse effects, hypotensive activities, serum concentration"
GRANEXA 1 MG FILM KAPLI TABLET (10 TABLET),granisetron,269,"QTc-prolonging activities, metabolism, serotonergic activities"
GRANEXA 2 MG FILM KAPLI TABLET (5 TABLET),granisetron,269,"QTc-prolonging activities, metabolism, serotonergic activities"
GRANITRON 1 MG 10 FTB,granisetron,269,"QTc-prolonging activities, metabolism, serotonergic activities"
GRANITRON 2 MG 5 FTB,granisetron,269,"QTc-prolonging activities, metabolism, serotonergic activities"
GRANITRON 3 MG/ 3 ML IV ENJEKSIYONLUK COZELTI ICEREN AMPUL (5 AMPUL),granisetron,269,"QTc-prolonging activities, metabolism, serotonergic activities"
"GRELINE 0,5 MG SERT KAPSUL",anagrelide,258,"QTc-prolonging activities, anticoagulant activities, risk or severity of QTc prolongation"
GROT 50 MG/2 ML I.M./I.V. ENJ COZ ICEREN 6 AMP,dexketoprofen,217,"risk or severity of adverse effects, thrombogenic activities, antiplatelet activities"
GUAGO 1 MG UZATILMIS SALIMLI TABLET (28 TABLET),guanfacine,601,"risk or severity of adverse effects, hypotensive activities, metabolism"
GUAGO 2 MG UZATILMIS SALIMLI TABLET (28 TABLET),guanfacine,601,"risk or severity of adverse effects, hypotensive activities, metabolism"
GUAGO 3 MG UZATILMIS SALIMLI TABLET (28 TABLET),guanfacine,601,"risk or severity of adverse effects, hypotensive activities, metabolism"
GUAGO 4 MG UZATILMIS SALIMLI TABLET (28 TABLET),guanfacine,601,"risk or severity of adverse effects, hypotensive activities, metabolism"
GYNO CANESTEN 500 MG 1 VAJINAL TB,clotrimazole,758,"metabolism, serum concentration, therapeutic efficacy"
GYNO-TRAVOGEN 600 MG 1 OVUL,isoconazole,71,"therapeutic efficacy, serum concentration, metabolism"
"GYNOFERON DEPO 80/0,35 MG KAPLI TABLET (30 KAPLI TABLET)",ferrous sulfate,1,absorption of reduced serum concentration and potentially
GYNOFLOR 12 VAJINAL TB,estriol,162,"serum concentration, thrombogenic activities, anticoagulant activities"
"GYNOTARDYFERON 80 MG/0,35 MG UZATILMIS SALIMLI KAPLI TABLET",ferrous sulfate,1,absorption of reduced serum concentration and potentially
GYREX 100 MG 30 FTB,quetiapine,708,"risk or severity of adverse effects, QTc-prolonging activities, serum concentration"
GYREX 200 MG 30 FTB,quetiapine,708,"risk or severity of adverse effects, QTc-prolonging activities, serum concentration"
GYREX 200 MG 60 FTB,quetiapine,708,"risk or severity of adverse effects, QTc-prolonging activities, serum concentration"
GYREX 25 MG 30 FTB,quetiapine,708,"risk or severity of adverse effects, QTc-prolonging activities, serum concentration"
GYREX 300 MG 30 FTB,quetiapine,708,"risk or severity of adverse effects, QTc-prolonging activities, serum concentration"
GYREX 300 MG 60 FTB,quetiapine,708,"risk or severity of adverse effects, QTc-prolonging activities, serum concentration"
GYREX 400 MG 30 FTB,quetiapine,708,"risk or severity of adverse effects, QTc-prolonging activities, serum concentration"
GYREX 400 MG 60 FTB,quetiapine,708,"risk or severity of adverse effects, QTc-prolonging activities, serum concentration"
GYREX 50 MG 30 FTB,quetiapine,708,"risk or severity of adverse effects, QTc-prolonging activities, serum concentration"
"Getamisin 80 mg/2 mL IM/IV Enjeksiyonluk Çözelti, 1 AMPUL",gentamicin,185,"excretion rate of higher serum level, serum concentration, nephrotoxic activities"
"HARDCIS 20 MG FİLM KAPLI TABLET, 4 ADET",tadalafil,285,"antihypertensive activities, serum concentration, hypotensive activities"
"HARDCIS 5 MG FILM KAPLI TABLET, 28 ADET",tadalafil,285,"antihypertensive activities, serum concentration, hypotensive activities"
HEACT 30 MG/3 ML SC ENJEKSIYONLUK COZELTI ICEREN KULLANIMA HAZIR ENJEKTOR,icatibant,322,"risk or severity of adverse effects, antihypertensive activities, therapeutic efficacy"
"HEDNAVIR 0,5 MG 30 FTB",entecavir,3,"risk or severity of adverse effects, hepatotoxic activities"
HEDNAVIR 1 MG 30 FTB,entecavir,3,"risk or severity of adverse effects, hepatotoxic activities"
HELKORT %2 KREM (20G),fusidic acid,538,"serum concentration, excretion rate of higher serum level, risk or severity of adverse effects"
HEMANGIOL 3.75 MG/ML ORAL COZELTI 120 ML,propranolol,606,"hypotensive activities, metabolism, antihypertensive activities"
"HEPAGARD 0,5 MG FILM KAPLI TABLET (30 TABLET)",entecavir,3,"risk or severity of adverse effects, hepatotoxic activities"
"HEPAGARD 0,5 MG FILM KAPLI TABLET (90 TABLET)",entecavir,3,"risk or severity of adverse effects, hepatotoxic activities"
HEPAGARD 1 MG 30 FTB,entecavir,3,"risk or severity of adverse effects, hepatotoxic activities"
"HEPATOVIR-B 0,5 MG 30 FTB",entecavir,3,"risk or severity of adverse effects, hepatotoxic activities"
HEPAZEC 200 MG FILM TABLET (12 TABLET),rifaximin,368,"serum concentration, risk or severity of hypotension, metabolism"
HEPAZEC 550 MG 56 FILM TABLET,rifaximin,368,"serum concentration, risk or severity of hypotension, metabolism"
"HIDRAX 50 MG/ML ORAL DAMLA, COZELTI",hydroxyzine,346,"central nervous system depressant (CNS depressant) activities, QTc-prolonging activities, sedative activities"
HIERO 500 MG FILM KAPLI TABLET,deferiprone,29,"serum concentration, absorption"
HIPOKORT %0.5 30 GR KREM,hydrocortisone,368,"risk or severity of adverse effects, serum concentration, metabolism"
HIPOKORT %0.5 30 GR POMAD,hydrocortisone,368,"risk or severity of adverse effects, serum concentration, metabolism"
HIPPURIN 1 G FILM TB (28 TB),methenamine,39,"therapeutic efficacy, serum concentration, risk or severity of adverse effects"
HITRIZIN 10 MG 10 FTB,cetirizine,291,"risk or severity of adverse effects, central nervous system depressant (CNS depressant) activities, sedative activities"
HITRIZIN 10 MG 20 FTB,cetirizine,291,"risk or severity of adverse effects, central nervous system depressant (CNS depressant) activities, sedative activities"
HITRIZIN 1MG/ML 200 ML SURUP,cetirizine,291,"risk or severity of adverse effects, central nervous system depressant (CNS depressant) activities, sedative activities"
HITRIZIN 5 MG/5 ML 150 ML SURUP,cetirizine,291,"risk or severity of adverse effects, central nervous system depressant (CNS depressant) activities, sedative activities"
HIVERAC 245 MG 30 FTB,tenofovir disoproxil,271,"metabolism, risk or severity of adverse effects, serum concentration"
"HOLOXAN 0,5 G IV INFUZYONLUK COZELTI TOZU ICEREN FLAKON",ifosfamide,194,"serum concentration, metabolism, risk or severity of adverse effects"
HOLOXAN 1 G IV INFUZYONLUK COZELTI TOZU ICEREN FLAKON,ifosfamide,194,"serum concentration, metabolism, risk or severity of adverse effects"
HOLOXAN 2 G IV INFUZYONLUK COZELTI TOZU ICEREN FLAKON,ifosfamide,194,"serum concentration, metabolism, risk or severity of adverse effects"
HYDROCORT-LIYO 100 MG IM/IV AMPUL,hydrocortisone,368,"risk or severity of adverse effects, serum concentration, metabolism"
HYPERIUM 1 MG 30 TB,rilmenidine,206,"hypotensive activities, vasoconstricting activities, antihypertensive activities"
HYTRIN 5 MG 30 FTB,terazosin,320,"risk or severity of adverse effects, vasoconstricting activities, antihypertensive activities"
"I.N.H 100 MG TABLET, 100 ADET",isoniazid,448,"metabolism, serum concentration, risk or severity of adverse effects"
"I.N.H 300 MG TABLET, 50 ADET",isoniazid,448,"metabolism, serum concentration, risk or severity of adverse effects"
IBU PHARMA BIOS 600 MG DEGISTIRILMIS SALIMLI TABLET (20 TABLET) (IBU 600 MG SIFAR DEGISTIRILMIS SALIMLI 20 TB),ibuprofen,424,"risk or severity of adverse effects, metabolism, therapeutic efficacy"
IBU-BABY 60 MG 10 SUPOZITUVAR,ibuprofen,424,"risk or severity of adverse effects, metabolism, therapeutic efficacy"
IBU-FORT 200 MG/5 ML 100 ML SUSP,ibuprofen,424,"risk or severity of adverse effects, metabolism, therapeutic efficacy"
IBUACTIVE KREM %5 50 GR KREM,ibuprofen,424,"risk or severity of adverse effects, metabolism, therapeutic efficacy"
IBUFEN 100 MG/5 ML 100 ML PED SURUP,ibuprofen,424,"risk or severity of adverse effects, metabolism, therapeutic efficacy"
IBUJEZIK BABY 60 MG SUPOZITUVAR (10 ADET),ibuprofen,424,"risk or severity of adverse effects, metabolism, therapeutic efficacy"
IBUPROFEN- PF 400 MG/ 4 ML I.V. INFUZYONLUK COZELTI 1 FLAKON,ibuprofen,424,"risk or severity of adverse effects, metabolism, therapeutic efficacy"
IBUPROFEN- PF 800 MG/ 8 ML I.V. INFUZYONLUK COZELTI 1 FLAKON (1 ADET),ibuprofen,424,"risk or severity of adverse effects, metabolism, therapeutic efficacy"
"ICARUS 20 MG AĞIZDA DAĞILAN FİLM, 4 ADET",tadalafil,285,"antihypertensive activities, serum concentration, hypotensive activities"
ICATIN 30MG/3ML COZELTI ICEREN KULLANIMA HAZIR ENJEKTOR,icatibant,322,"risk or severity of adverse effects, antihypertensive activities, therapeutic efficacy"
IDARUB 10 MG IV LIYOFILIZE TOZ ICEREN FLK,idarubicin,131,"metabolism, serum concentration, risk or severity of adverse effects"
IEFORAN IV/IM 1 GR 1 FLK,cefotaxime,19,"nephrotoxic activities, anticoagulant activities, therapeutic efficacy"
IESEF 0.5 G IM ENJEKSIYONLUK COZELTI TOZU,ceftriaxone,28,"nephrotoxic activities, risk or severity of adverse effects, anticoagulant activities"
IESEF 0.5 G IV ENJEKSIYONLUK COZELTI TOZU,ceftriaxone,28,"nephrotoxic activities, risk or severity of adverse effects, anticoagulant activities"
IESEF 1 G IM ENJEKSIYONLUK COZELTI TOZU,ceftriaxone,28,"nephrotoxic activities, risk or severity of adverse effects, anticoagulant activities"
IESEF 1 G IV ENJEKSIYONLUK COZELTI TOZU,ceftriaxone,28,"nephrotoxic activities, risk or severity of adverse effects, anticoagulant activities"
"IESETUM 0,5 G IM/IV ENJEKSIYONLUK COZELTI TOZU (1 FLAKON)",ceftazidime,20,"nephrotoxic activities, anticoagulant activities, therapeutic efficacy"
IESETUM 1G IV/IM ENJEKSIYONLUK COZELTI TOZU (1 FLAKON),ceftazidime,20,"nephrotoxic activities, anticoagulant activities, therapeutic efficacy"
IESPOR 1000 MG IM ENJEKSIYONLUK COZELTI TOZU (1 AMPUL),cefazolin,11,"anticoagulant activities, protein binding, serum concentration"
IESPOR 1000 MG IM/IV ENJEKSIYONLUK COZELTI TOZU,cefazolin,11,"anticoagulant activities, protein binding, serum concentration"
IESPOR 250 MG IM ENJEKSIYONLUK COZELTI TOZU (1 AMPUL),cefazolin,11,"anticoagulant activities, protein binding, serum concentration"
IESPOR 500 MG IM ENJEKSIYONLUK COZELTI TOZU,cefazolin,11,"anticoagulant activities, protein binding, serum concentration"
IESPOR 500 MG IM/IV ENJEKSIYONLUK COZELTI TOZU,cefazolin,11,"anticoagulant activities, protein binding, serum concentration"
IGNIS 10 MG 28 TB,aripiprazole,741,"serum concentration, risk or severity of adverse effects, hypotensive activities"
IGNIS 15 MG 28 TB,aripiprazole,741,"serum concentration, risk or severity of adverse effects, hypotensive activities"
IGNIS 1MG/ML ORAL SOL 150 ML,aripiprazole,741,"serum concentration, risk or severity of adverse effects, hypotensive activities"
IGNIS 30 MG 28 TB,aripiprazole,741,"serum concentration, risk or severity of adverse effects, hypotensive activities"
IGNIS 5 MG 28 TB,aripiprazole,741,"serum concentration, risk or severity of adverse effects, hypotensive activities"
IKTU 30MG/3ML COZELTI ICEREN KULLANIMA HAZIR ENJEKTOR,icatibant,322,"risk or severity of adverse effects, antihypertensive activities, therapeutic efficacy"
ILIADIN %0.025 10 ML BURUN DAMLASI,oxymetazoline,155,"vasoconstricting activities, atrioventricular blocking (AV block) activities, risk or severity of adverse effects"
ILIADIN %0.05 10 ML NAZAL SPREY,oxymetazoline,155,"vasoconstricting activities, atrioventricular blocking (AV block) activities, risk or severity of adverse effects"
"ILIADIN MERCK %0,025 PED SPREY",oxymetazoline,155,"vasoconstricting activities, atrioventricular blocking (AV block) activities, risk or severity of adverse effects"
ILKSEF 1000 MG IM/IV ENJEKSIYONLUK COZELTI HAZIRLAMAK ICIN TOZ VE COZUCU,cefazolin,11,"anticoagulant activities, protein binding, serum concentration"
ILOMEDIN 20 MCG/ML 1 ML 5 AMP,iloprost,347,"risk or severity of adverse effects, therapeutic efficacy, hypotensive activities"
ILOPERA 10 MCG/ML NEBULAZYON ICIN COZELTI ICEREN 30 AMPUL,iloprost,347,"risk or severity of adverse effects, therapeutic efficacy, hypotensive activities"
ILOPERA 20 MCG/ML IV INF. ICIN COZ. ICEREN 5 AMPUL,iloprost,347,"risk or severity of adverse effects, therapeutic efficacy, hypotensive activities"
IMAFEN 400 MG FILM KAPLI TABLET (30 TABLET),imatinib,622,"metabolism, serum concentration, risk or severity of adverse effects"
IMAGLIV 100 MG 120 FTB,imatinib,622,"metabolism, serum concentration, risk or severity of adverse effects"
IMAGLIV 400 MG 30 FTB,imatinib,622,"metabolism, serum concentration, risk or severity of adverse effects"
IMATENIL 100 MG 120 KAP,imatinib,622,"metabolism, serum concentration, risk or severity of adverse effects"
IMATENIL 400 MG 30 FTB,imatinib,622,"metabolism, serum concentration, risk or severity of adverse effects"
IMATENIL 400 MG 30 KAP,imatinib,622,"metabolism, serum concentration, risk or severity of adverse effects"
IMATIS 100 MG 120 FTB,imatinib,622,"metabolism, serum concentration, risk or severity of adverse effects"
IMATIS 200 MG 60 FTB,imatinib,622,"metabolism, serum concentration, risk or severity of adverse effects"
IMATIS 400 MG 30 FTB,imatinib,622,"metabolism, serum concentration, risk or severity of adverse effects"
IMATRA 400 MG FILM KAPLI TABLET (30 TABLET),imatinib,622,"metabolism, serum concentration, risk or severity of adverse effects"
IMAVEC 100 MG 120 CAP,imatinib,622,"metabolism, serum concentration, risk or severity of adverse effects"
IMAVEC 400 MG 30 CAP,imatinib,622,"metabolism, serum concentration, risk or severity of adverse effects"
IMBRUVICA 140 MG 120 KAPSUL,ibrutinib,370,"serum concentration, risk or severity of adverse effects, metabolism"
IMBRUVICA 140 MG 90 KAPSUL,ibrutinib,370,"serum concentration, risk or severity of adverse effects, metabolism"
IMBRUVICA 140 MG FILM KAPLI TABLET (30 ADET),ibrutinib,370,"serum concentration, risk or severity of adverse effects, metabolism"
IMBRUVICA 280 MG FILM KAPLI TABLET (30 ADET),ibrutinib,370,"serum concentration, risk or severity of adverse effects, metabolism"
IMBRUVICA 420 MG MG FILM KAPLI TABLET (30 ADET),ibrutinib,370,"serum concentration, risk or severity of adverse effects, metabolism"
IMBRUVICA 560 MG MG FILM KAPLI TABLET (30 ADET),ibrutinib,370,"serum concentration, risk or severity of adverse effects, metabolism"
IMEGERIA 10 MMOL/20 ML ENJEKSIYONLUK COZELTI (20 ML 1 FLAKON),gadoteric acid,1,absorption of reduced serum concentration and potentially
IMEGERIA 5 MMOL/10 ML ENJEKSIYONLUK COZELTI (10 ML 1 FLAKON),gadoteric acid,1,absorption of reduced serum concentration and potentially
"IMEGERIA 7,5 MMOL/15 ML ENJEKSIYONLUK COZELTI (15 ML 1 FLAKON)",gadoteric acid,1,absorption of reduced serum concentration and potentially
IMEX %3 20 GR POMAD,tetracycline,200,"metabolism, serum concentration, therapeutic efficacy"
IMIGRAN 100 MG 2 FTB,sumatriptan,154,"risk or severity of adverse effects, serum concentration, serotonergic activities"
IMIGRAN 50 MG 2 FTB,sumatriptan,154,"risk or severity of adverse effects, serum concentration, serotonergic activities"
IMIGRAN SUBJECT 6 MG/0.5 ML 0.5 ML 2 KARTUS+ OTO ENJ,sumatriptan,154,"risk or severity of adverse effects, serum concentration, serotonergic activities"
IMNOVID 1 MG 21 SERT KAPSUL,pomalidomide,521,"risk or severity of adverse effects, metabolism, serum concentration"
IMNOVID 2 MG 21 SERT KAPSUL,pomalidomide,521,"risk or severity of adverse effects, metabolism, serum concentration"
IMNOVID 3 MG 21 SERT KAPSUL,pomalidomide,521,"risk or severity of adverse effects, metabolism, serum concentration"
IMNOVID 4 MG 21 SERT KAPSUL,pomalidomide,521,"risk or severity of adverse effects, metabolism, serum concentration"
IMOVANE 7.5 MG FILM KAPLI TABLET (20 TABLET),zopiclone,396,"risk or severity of adverse effects, serum concentration, metabolism"
IMURAN 25 MG FILM KAPLI TABLET,azathioprine,45,"risk or severity of anemia and severe leukopenia, anticoagulant activities, risk or severity of adverse effects"
IMURAN 50 MG FILM KAPLI TABLET,azathioprine,45,"risk or severity of anemia and severe leukopenia, anticoagulant activities, risk or severity of adverse effects"
"INBROXA 150 MCG INHALASYON TOZU, SERT KAPSUL (30 KAPSUL)",indacaterol,306,"hypokalemic activities, QTc-prolonging activities, metabolism"
INCLAR 500 MG IV INFUZYON ICIN LIYOF TOZ VE COZUCU (1 FLK),clarithromycin,712,"metabolism, serum concentration, QTc-prolonging activities"
INDURIN 2.5 MG 30 TB,indapamide,647,"hypotensive activities, therapeutic efficacy, risk or severity of adverse effects"
"INFENIL 45,5 MG/2 ML IM/IV ENJ COZ ICEREN AMP (5 AMPUL)",pheniramine,13,"sedative activities, therapeutic efficacy, diagnostic agent"
INFEX 100 MG/5 ML ORAL SUSPANSIYON HAZIRLAMAK ICIN KURU TOZ 100 ML,cefpodoxime,46,"serum concentration, absorption, nephrotoxic activities"
INFEX 200 MG 15 FTB,cefpodoxime,46,"serum concentration, absorption, nephrotoxic activities"
INFEX 200 MG 20 FTB,cefpodoxime,46,"serum concentration, absorption, nephrotoxic activities"
INFLACORT 0.25 MG/ML NEBULIZASYON SUSPANSIYONU (20 ADET),budesonide,305,"risk or severity of adverse effects, serum concentration, hypokalemic activities"
INFLACORT 0.5 MG/ML NEBULIZASYON SUSPANSIYONU (20 ADET),budesonide,305,"risk or severity of adverse effects, serum concentration, hypokalemic activities"
"INFLASED % 0,1 GOZ DAMLASI, COZELTI (5 ML)",diclofenac,491,"risk or severity of adverse effects, metabolism, serum concentration"
INHIBACE 1 MG 30 FTB,cilazapril,409,"risk or severity of adverse effects, hypotensive activities, serum concentration"
INHIBACE 2.5 MG 28 FTB,cilazapril,409,"risk or severity of adverse effects, hypotensive activities, serum concentration"
INHIBACE 5 MG 28 FTB,cilazapril,409,"risk or severity of adverse effects, hypotensive activities, serum concentration"
INLYTA 1 MG 56 FTB,axitinib,128,"metabolism, serum concentration, cardiotoxic activities"
INLYTA 3 MG 56 FILM KAPLI TABLET,axitinib,128,"metabolism, serum concentration, cardiotoxic activities"
INLYTA 5 MG 56 FTB,axitinib,128,"metabolism, serum concentration, cardiotoxic activities"
INLYTA 7 MG 56 FILM KAPLI TABLET,axitinib,128,"metabolism, serum concentration, cardiotoxic activities"
INSOVEF 1 MG/ML ORAL COZELTI (150 ML),melatonin,365,"risk or severity of adverse effects, metabolism, central nervous system depressant (CNS depressant) activities"
INSPRA 25 MG 30 FTB,eplerenone,378,"risk or severity of adverse effects, antihypertensive activities, serum concentration"
"INSUFOR 1000 MG FILM TABLET ,TABLET, 60 ADET",metformin,202,"therapeutic efficacy, hypoglycemic activities, serum concentration"
"INSUFOR 500 MG FILM TABLET ,TABLET, 30 ADET",metformin,202,"therapeutic efficacy, hypoglycemic activities, serum concentration"
INTELENCE 100 MG 120 TB,etravirine,446,"metabolism, serum concentration, serum concentration of active metabolites"
INTRAFEN 400 MG/ML 4 ML IV INFUZYONLUK COZELTI ICEREN 1 FLAKON,ibuprofen,424,"risk or severity of adverse effects, metabolism, therapeutic efficacy"
INTRAFEN 800 MG/ML 8 ML IV INFUZYONLUK COZELTI ICEREN 1 FLAKON,ibuprofen,424,"risk or severity of adverse effects, metabolism, therapeutic efficacy"
INVEGA 3 MG 28 UZATILMIS SALIMLI TB,paliperidone,580,"risk or severity of adverse effects, QTc-prolonging activities, antihypertensive activities"
INVEGA 6 MG 28 UZATILMIS SALIMLI TB,paliperidone,580,"risk or severity of adverse effects, QTc-prolonging activities, antihypertensive activities"
INVEGA 9 MG 28 UZATILMIS SALIMLI TB,paliperidone,580,"risk or severity of adverse effects, QTc-prolonging activities, antihypertensive activities"
IPRABUL 500 MCG / 2 ML NEBULIZASYON ICIN INHALASYON COZELTISI,ipratropium bromide,247,"metabolism, risk or severity of adverse effects, serum concentration"
IPRATOM 250 MCG/2 ML NEBULIZASYON ICIN TEK DOZLUK INHALASYON COZELTISI,ipratropium bromide,247,"metabolism, risk or severity of adverse effects, serum concentration"
IPRATOM 500 MCG/2 ML NEBULIZASYON ICIN TEK DOZLUK INH COZ. ICEREN 20 FLK,ipratropium bromide,247,"metabolism, risk or severity of adverse effects, serum concentration"
IRBECOR 150 MG 28 FTB,irbesartan,546,"metabolism, risk or severity of adverse effects, hypotensive activities"
IRBECOR 300 MG 28 FTB,irbesartan,546,"metabolism, risk or severity of adverse effects, hypotensive activities"
IRDA 150 MG 28 FTB,irbesartan,546,"metabolism, risk or severity of adverse effects, hypotensive activities"
IRDA 300 MG 28 FTB,irbesartan,546,"metabolism, risk or severity of adverse effects, hypotensive activities"
IRESSA 250 MG 30 FILM KAPLI TABLET,gefitinib,198,"serum concentration, metabolism, anticoagulant activities"
IRINOCAM 300 MG/15 ML IV PERFUZYON ICIN ENJEKTABL STERIL SOLUSYON,irinotecan,149,"serum concentration, metabolism, risk or severity of adverse effects"
IRONTU 100 MG/5 ML IV INF. ICIN KON. COZ. ICEREN FLK,irinotecan,149,"serum concentration, metabolism, risk or severity of adverse effects"
IRONTU 40 MG/2 ML IV INF ICIN COZ ICEREN 1 FLK,irinotecan,149,"serum concentration, metabolism, risk or severity of adverse effects"
ISENTRESS 400 MG 60 FTB,raltegravir,33,"serum concentration, myopathic rhabdomyolysis activities"
ISOPTIN 40 MG 30 FTB,verapamil,881,"metabolism, serum concentration, risk or severity of adverse effects"
ISOPTIN 80 MG 50 FTB,verapamil,881,"metabolism, serum concentration, risk or severity of adverse effects"
ISOPTIN SR 240 MG 50 FTB,verapamil,881,"metabolism, serum concentration, risk or severity of adverse effects"
ISOPTIN-KKH 120 MG 50 FTB,verapamil,881,"metabolism, serum concentration, risk or severity of adverse effects"
ISORAT 20 MG 20 TB,isosorbide mononitrate,260,"risk or severity of adverse effects, metabolism, serum concentration"
ISORAT 40 MG 20 TB,isosorbide mononitrate,260,"risk or severity of adverse effects, metabolism, serum concentration"
ISORDIL 10 MG 50 TB,isosorbide dinitrate,260,"risk or severity of adverse effects, metabolism, serum concentration"
ISORDIL 5 MG 50 SUBLINGUAL TB,isosorbide dinitrate,260,"risk or severity of adverse effects, metabolism, serum concentration"
ITRAXYL 100 MG 15 MIKROPELLET KAP,itraconazole,698,"metabolism, serum concentration, therapeutic efficacy"
ITRAXYL 100 MG 28 MIKROPELLET KAP,itraconazole,698,"metabolism, serum concentration, therapeutic efficacy"
ITRAXYL 100 MG 4 MIKROPELLET KAP,itraconazole,698,"metabolism, serum concentration, therapeutic efficacy"
"IYOPAC 300 MGI/ML I.A./I.V./INTRATEKAL ENJEKSIYONLUK COZELTI, 100 ML",iohexol,1,risk or severity of adverse effects
"IYOPAC 350 MGI/ML I.A./I.V. NJEKSIYONLUK COZELTI, 100 ML",iohexol,1,risk or severity of adverse effects
IZOTONIK NACL 1.000 ML SOL (BIOSEL SETSIZ SISE ),sodium chloride,1,risk or severity of adverse effects
IZOTONIK NACL 1.000 ML SOL (BIOSEL SETSIZ TORBA),sodium chloride,1,risk or severity of adverse effects
IZOTONIK NACL 100 ML SOL (BIOSEL SETSIZ TORBA),sodium chloride,1,risk or severity of adverse effects
IZOTONIK NACL 150 ML SOL (BIOSEL SETSIZ TORBA),sodium chloride,1,risk or severity of adverse effects
IZOTONIK NACL 250 ML SOL (BIOSEL SETSIZ TORBA),sodium chloride,1,risk or severity of adverse effects
IZOTONIK NACL 3.000 ML (SETLI TORBA),sodium chloride,1,risk or severity of adverse effects
IZOTONIK NACL 3.000 ML SOL (BIOSEL SETSIZ TORBA),sodium chloride,1,risk or severity of adverse effects
IZOTONIK NACL 50 ML SOL (BIOSEL SETSIZ TORBA),sodium chloride,1,risk or severity of adverse effects
IZOTONIK NACL 500 ML (BIOSEL SETSIZ SISE ),sodium chloride,1,risk or severity of adverse effects
IZOTONIK NACL 500 ML SOL (BIOSEL SETSIZ TORBA),sodium chloride,1,risk or severity of adverse effects
IZOTONIK NACL PB 1.000 ML SOL ( SETSIZ SISE),sodium chloride,1,risk or severity of adverse effects
IZOTONIK NACL PB 500 ML ( SETSIZ SISE),sodium chloride,1,risk or severity of adverse effects
"IZOTONIK SODYUM KLORUR %0,9 SIBU PHARM ENJEKSIYONLUK COZELTI (10 AMPUL) (LAURUS %0,9 IZOTONIK SODYUM KLORUR COZ ICEREN 10 AMP)",sodium chloride,1,risk or severity of adverse effects
IZOTONIK SODYUM KLORUR 1.000 ML SOL (BIOSEL SETLI SISE),sodium chloride,1,risk or severity of adverse effects
IZOTONIK SODYUM KLORUR 1.000 ML SOL (BIOSEL SETLI TORBA),sodium chloride,1,risk or severity of adverse effects
IZOTONIK SODYUM KLORUR 1.000 ML SOL (IE SETLI),sodium chloride,1,risk or severity of adverse effects
IZOTONIK SODYUM KLORUR 1.000 ML SOL (IE SETSIZ),sodium chloride,1,risk or severity of adverse effects
IZOTONIK SODYUM KLORUR 1.000 ML SOL (POLI SETLI TORBA),sodium chloride,1,risk or severity of adverse effects
IZOTONIK SODYUM KLORUR 1.000 ML SOL (POLI SETLI),sodium chloride,1,risk or severity of adverse effects
IZOTONIK SODYUM KLORUR 1.000 ML SOL (POLI SETSIZ TORBA),sodium chloride,1,risk or severity of adverse effects
IZOTONIK SODYUM KLORUR 1.000 ML SOL (POLI SETSIZ),sodium chloride,1,risk or severity of adverse effects
IZOTONIK SODYUM KLORUR 1.000 ML SOL (SETLI TORBA),sodium chloride,1,risk or severity of adverse effects
IZOTONIK SODYUM KLORUR 100 ML SOL (BIOSEL SETLI TORBA ),sodium chloride,1,risk or severity of adverse effects
IZOTONIK SODYUM KLORUR 100 ML SOL (POLI SETLI TORBA),sodium chloride,1,risk or severity of adverse effects
IZOTONIK SODYUM KLORUR 100 ML SOL (POLI SETSIZ TORBA),sodium chloride,1,risk or severity of adverse effects
IZOTONIK SODYUM KLORUR 100 ML SOL (SETLI TORBA),sodium chloride,1,risk or severity of adverse effects
IZOTONIK SODYUM KLORUR 100 ML SOL (SETSIZ TORBA),sodium chloride,1,risk or severity of adverse effects
IZOTONIK SODYUM KLORUR 1000 ML SOL (SETSIZ TORBA),sodium chloride,1,risk or severity of adverse effects
IZOTONIK SODYUM KLORUR 150 ML SOL ( SETSIZ TORBA),sodium chloride,1,risk or severity of adverse effects
IZOTONIK SODYUM KLORUR 150 ML SOL (BIOSEL SETLI TORBA),sodium chloride,1,risk or severity of adverse effects
IZOTONIK SODYUM KLORUR 150 ML SOL (POLI SETLI TORBA),sodium chloride,1,risk or severity of adverse effects
IZOTONIK SODYUM KLORUR 150 ML SOL (POLI SETSIZ TORBA),sodium chloride,1,risk or severity of adverse effects
IZOTONIK SODYUM KLORUR 150 ML SOL (SETLI TORBA),sodium chloride,1,risk or severity of adverse effects
IZOTONIK SODYUM KLORUR 250 ML SOL (BIOSEL SETLI TORBA),sodium chloride,1,risk or severity of adverse effects
IZOTONIK SODYUM KLORUR 250 ML SOL (POLI SETLI TORBA),sodium chloride,1,risk or severity of adverse effects
IZOTONIK SODYUM KLORUR 250 ML SOL (POLI SETSIZ TORBA),sodium chloride,1,risk or severity of adverse effects
IZOTONIK SODYUM KLORUR 250 ML SOL (POLIFARMA SETLI SISE),sodium chloride,1,risk or severity of adverse effects
IZOTONIK SODYUM KLORUR 250 ML SOL (POLIFARMA SETSIZ SISE),sodium chloride,1,risk or severity of adverse effects
IZOTONIK SODYUM KLORUR 250 ML SOL (SETLI TORBA),sodium chloride,1,risk or severity of adverse effects
IZOTONIK SODYUM KLORUR 250 ML SOL (SETSIZ TORBA),sodium chloride,1,risk or severity of adverse effects
IZOTONIK SODYUM KLORUR 3.000 ML SOL (BIOSEL SETLI TORBA),sodium chloride,1,risk or severity of adverse effects
IZOTONIK SODYUM KLORUR 3.000 ML SOL (POLIFARMA SETLI TORBA),sodium chloride,1,risk or severity of adverse effects
IZOTONIK SODYUM KLORUR 3.000 ML SOL (POLIFARMA SETSIZ TORBA),sodium chloride,1,risk or severity of adverse effects
IZOTONIK SODYUM KLORUR 3000 ML SOL (SETSIZ TORBA),sodium chloride,1,risk or severity of adverse effects
IZOTONIK SODYUM KLORUR 50 ML SOL (BIOSEL SETLI TORBA),sodium chloride,1,risk or severity of adverse effects
IZOTONIK SODYUM KLORUR 50 ML SOL (POLIFLEKS SETLI TORBA),sodium chloride,1,risk or severity of adverse effects
IZOTONIK SODYUM KLORUR 50 ML SOL (POLIFLEKS SETSIZ TORBA),sodium chloride,1,risk or severity of adverse effects
IZOTONIK SODYUM KLORUR 50 ML SOL (SETLI TORBA),sodium chloride,1,risk or severity of adverse effects
IZOTONIK SODYUM KLORUR 50 ML SOL (SETSIZ TORBA),sodium chloride,1,risk or severity of adverse effects
IZOTONIK SODYUM KLORUR 500 ML IRR SOL SOL (BIOSEL SETSIZ PP SISE),sodium chloride,1,risk or severity of adverse effects
IZOTONIK SODYUM KLORUR 500 ML SOL (BIOSEL SETLI SISE),sodium chloride,1,risk or severity of adverse effects
IZOTONIK SODYUM KLORUR 500 ML SOL (BIOSEL SETLI TORBA ),sodium chloride,1,risk or severity of adverse effects
IZOTONIK SODYUM KLORUR 500 ML SOL (IE SETLI),sodium chloride,1,risk or severity of adverse effects
IZOTONIK SODYUM KLORUR 500 ML SOL (IE SETSIZ),sodium chloride,1,risk or severity of adverse effects
IZOTONIK SODYUM KLORUR 500 ML SOL (POLIFARMA SETLI TORBA),sodium chloride,1,risk or severity of adverse effects
IZOTONIK SODYUM KLORUR 500 ML SOL (POLIFARMA SETLI),sodium chloride,1,risk or severity of adverse effects
IZOTONIK SODYUM KLORUR 500 ML SOL (POLIFARMA SETSIZ TORBA),sodium chloride,1,risk or severity of adverse effects
IZOTONIK SODYUM KLORUR 500 ML SOL (POLIFARMA SETSIZ),sodium chloride,1,risk or severity of adverse effects
IZOTONIK SODYUM KLORUR 500 ML SOL (SETLI TORBA),sodium chloride,1,risk or severity of adverse effects
IZOTONIK SODYUM KLORUR 500 ML SOL (SETSIZ TORBA),sodium chloride,1,risk or severity of adverse effects
"Insovef 2 mg Uzatılmış Salımlı Tablet, 30 ADET",melatonin,365,"risk or severity of adverse effects, metabolism, central nervous system depressant (CNS depressant) activities"
JADIROX 180 MG FILM KAPLI TABLET (30 TABLET),deferasirox,714,"serum concentration, risk or severity of adverse effects, absorption"
JADIROX 360 MG FILM KAPLI TABLET (30 TABLET),deferasirox,714,"serum concentration, risk or severity of adverse effects, absorption"
JADIROX 90 MG FILM KAPLI TABLET (30 TABLET),deferasirox,714,"serum concentration, risk or severity of adverse effects, absorption"
JAGLIF 10 MG FILM KAPLI TABLET (28 TABLET),dapagliflozin,377,"risk or severity of adverse effects, metabolism, hypoglycemic activities"
JAKAVI 10 MG 56 TABLET,ruxolitinib,134,"serum concentration, bradycardic activities, metabolism"
JAKAVI 15 MG 56 TB,ruxolitinib,134,"serum concentration, bradycardic activities, metabolism"
JAKAVI 20 MG 56 TB,ruxolitinib,134,"serum concentration, bradycardic activities, metabolism"
JAKAVI 5 MG 56 TABLET,ruxolitinib,134,"serum concentration, bradycardic activities, metabolism"
JANDARK 5 MG 56 FILM KAPLI TABLET,tofacitinib,245,"immunosuppressive activities, serum concentration, metabolism"
JANUVIA 100 MG 28 FTB,sitagliptin,311,"hypoglycemic activities, serum concentration, therapeutic efficacy"
JARDIANCE 10 MG FILM KAPLI TABLET,empagliflozin,326,"risk or severity of adverse effects, hypoglycemic activities, therapeutic efficacy"
JARDIANCE 25 MG FILM KAPLI TABLET,empagliflozin,326,"risk or severity of adverse effects, hypoglycemic activities, therapeutic efficacy"
JASITA 100 MG FILM KAPLI TABLET (28 ADET),sitagliptin,311,"hypoglycemic activities, serum concentration, therapeutic efficacy"
JAVLOR 250 MG/ 10 ML INF. KONS. COZELTISI (1 FLAKON),vinflunine,96,"metabolism, serum concentration, risk or severity of adverse effects"
JECTERA 10 MCG ENJEKSIYONLUK COZELTI HAZIRLAMAK ICIN LIYOFILIZE TOZ VE COZUCU (1 FLAKON + 1 AMPUL),alprostadil,147,"therapeutic efficacy, anticoagulant activities, risk or severity of adverse effects"
"JECTERA 20 MCG ENJEKSİYONLUK ÇÖZELTİ HAZIRLAMAK İÇİN LİYOFİLİZE TOZ VE ÇÖZÜCÜ, 1 ADET",alprostadil,147,"therapeutic efficacy, anticoagulant activities, risk or severity of adverse effects"
"JELIGRA 100 MG ORAL JEL IÇEREN SAŞE ,4 SAŞE",sildenafil,763,"metabolism, serum concentration, antihypertensive activities"
JETMONAL % 10 ENJEKSIYONLUK COZELTI (3 AMPUL),lidocaine,572,"metabolism, risk or severity of adverse effects, serum concentration"
JETMONAL % 2 ENJEKSIYONLUK COZELTI (10 AMPUL),lidocaine,572,"metabolism, risk or severity of adverse effects, serum concentration"
JETMONAL % 2 ENJEKSIYONLUK COZELTI (5 AMPUL),lidocaine,572,"metabolism, risk or severity of adverse effects, serum concentration"
"JETOKAIN 100 MG/ML SPREY, COZELTI",lidocaine,572,"metabolism, risk or severity of adverse effects, serum concentration"
JETOKAIN SIMPLEX 20 MG/ML ENJEKSIYONLUK COZELTI,lidocaine,572,"metabolism, risk or severity of adverse effects, serum concentration"
"JEVTANA 60 MG/1,5 ML INF KONS COZ 1 FLK",cabazitaxel,327,"risk or severity of adverse effects, serum concentration, metabolism"
"JIDREN 15 MG + 45 MG TABLET, TEDAVI PAKETI 56 ADET (28 ADET 15 MG VE 28 ADET 45 MG TABLET)",tolvaptan,350,"serum concentration, hyperkalemic activities, risk or severity of adverse effects"
JIDREN 15 MG TABLET (28 TABLET),tolvaptan,350,"serum concentration, hyperkalemic activities, risk or severity of adverse effects"
"JIDREN 30 MG + 60 MG TABLET, TEDAVI PAKETI 56 ADET (28 ADET 30 MG VE 28 ADET 60 MG TABLET)",tolvaptan,350,"serum concentration, hyperkalemic activities, risk or severity of adverse effects"
"JIDREN 30 MG + 90 MG TABLET, TEDAVI PAKETI 56 ADET (28 ADET 30 MG VE 28 ADET 90 MG TABLET)",tolvaptan,350,"serum concentration, hyperkalemic activities, risk or severity of adverse effects"
JIDREN 30 MG TABLET (28 TABLET),tolvaptan,350,"serum concentration, hyperkalemic activities, risk or severity of adverse effects"
JINARC 15 MG 28 TABLET,tolvaptan,350,"serum concentration, hyperkalemic activities, risk or severity of adverse effects"
JINARC 30 MG 28 TABLET,tolvaptan,350,"serum concentration, hyperkalemic activities, risk or severity of adverse effects"
JINETERON 5 MG TABLET (30 TABLET),norethisterone,174,"therapeutic efficacy, serum concentration, metabolism"
"JOSEİ 30 MG TABLET, 1 ADET",ulipristal,163,"serum concentration, therapeutic efficacy, metabolism"
"JUDEXA 0,5 MG 28 KAP",fingolimod,314,"immunosuppressive activities, metabolism, bradycardic activities"
"K-ALLEXIN %0,05 BURUN SPREYI, SUSPANSIYON (140 DOZ)",mometasone,254,"risk or severity of adverse effects, serum concentration, hypokalemic activities"
K-FENIDEX %1.5 + %1.5 + %5 JEL,lidocaine,572,"metabolism, risk or severity of adverse effects, serum concentration"
"K-MEXADER %0,1 30 G MERHEM",mometasone,254,"risk or severity of adverse effects, serum concentration, hypokalemic activities"
"K-MEXADER %0,1 COZELTI (30 ML)",mometasone,254,"risk or severity of adverse effects, serum concentration, hypokalemic activities"
"K-MEXADER %0,1 KREM (30G)",mometasone,254,"risk or severity of adverse effects, serum concentration, hypokalemic activities"
K.R. ENEMA REKTAL COZELTI (135 ML SISE),sodium phosphate,185,"nephrotoxic activities, absorption, risk or severity of adverse effects"
"K.R. ENEMA REKTAL COZELTI (67,5 ML)",sodium phosphate,185,"nephrotoxic activities, absorption, risk or severity of adverse effects"
K.R. ENEMA TIBBI LAKSATIF LAVMAN (210 ML),sodium phosphate,185,"nephrotoxic activities, absorption, risk or severity of adverse effects"
KAFSITON 60 MG/3ML INF VE ORAL COZL (3 ML 10 ADET),caffeine,346,"metabolism, serum concentration, risk or severity of adverse effects"
KALIDREN 50 MG 20 FTB,diclofenac,491,"risk or severity of adverse effects, metabolism, serum concentration"
KALMOSAN %1 LOSYON,diphenhydramine,604,"metabolism, risk or severity of adverse effects, QTc-prolonging activities"
KAPEDA 150 MG 60 FTB,capecitabine,225,"metabolism, serum concentration, risk or severity of adverse effects"
KAPEDA 500 MG 120 FTB,capecitabine,225,"metabolism, serum concentration, risk or severity of adverse effects"
"KAPRAZDI 1,5 MG SERT KAPSÜL (30 ADET)",cariprazine,209,"metabolism, risk or severity of adverse effects, serum concentration"
KAPRAZDI 3 MG SERT KAPSÜL (30 ADET),cariprazine,209,"metabolism, risk or severity of adverse effects, serum concentration"
"KAPRAZDI 4,5 MG SERT KAPSÜL (30 ADET)",cariprazine,209,"metabolism, risk or severity of adverse effects, serum concentration"
KAPRAZDI 6 MG SERT KAPSÜL (30 ADET),cariprazine,209,"metabolism, risk or severity of adverse effects, serum concentration"
KAPRIL 25 MG 48 TB,captopril,472,"risk or severity of adverse effects, hypotensive activities, serum concentration"
KAPTORIL 25 MG 50 TB,captopril,472,"risk or severity of adverse effects, hypotensive activities, serum concentration"
KAPTORIL 50 MG 50 TB,captopril,472,"risk or severity of adverse effects, hypotensive activities, serum concentration"
KARAZEPIN 200 MG 25 TB,carbamazepine,931,"metabolism, serum concentration, risk or severity of adverse effects"
KARAZEPIN 400 MG 30 TB,carbamazepine,931,"metabolism, serum concentration, risk or severity of adverse effects"
KARDIYOMIL 10 MG/ 10 ML IV ENJ/INF ICIN COZ ICEREN 1 AMP,milrinone,70,"anticoagulant activities, antiplatelet activities, risk or severity of adverse effects"
KARDORITM 10 MG 30 FILM TABLET,bisoprolol,568,"hypotensive activities, metabolism, antihypertensive activities"
"KARDORITM 2,5 MG 30 FILM KAPLI TABLET",bisoprolol,568,"hypotensive activities, metabolism, antihypertensive activities"
KARDORITM 5 MG 30 FILM TABLET,bisoprolol,568,"hypotensive activities, metabolism, antihypertensive activities"
KARDOZIN 2 MG 20 TB,doxazosin,438,"hypotensive activities, metabolism, vasoconstricting activities"
KARDOZIN 4 MG 20 TB,doxazosin,438,"hypotensive activities, metabolism, vasoconstricting activities"
KARUM 75 MG 28 FTB,clopidogrel,321,"metabolism, serum concentration, therapeutic efficacy"
KARVEA 150 MG 28 FTB,irbesartan,546,"metabolism, risk or severity of adverse effects, hypotensive activities"
KARVEA 300 MG 28 FTB,irbesartan,546,"metabolism, risk or severity of adverse effects, hypotensive activities"
KEDAY XR 150 MG UZATILMIS SALIMLI 30 TABLET,quetiapine,708,"risk or severity of adverse effects, QTc-prolonging activities, serum concentration"
KEDAY XR 200 MG UZATILMIS SALIMLI 30 TABLET,quetiapine,708,"risk or severity of adverse effects, QTc-prolonging activities, serum concentration"
KEDAY XR 300 MG UZATILMIS SALIMLI 30 TABLET,quetiapine,708,"risk or severity of adverse effects, QTc-prolonging activities, serum concentration"
KEDAY XR 400 MG UZATILMIS SALIMLI 30 TABLET,quetiapine,708,"risk or severity of adverse effects, QTc-prolonging activities, serum concentration"
KEDAY XR 50 MG UZATILMIS SALIMLI 30 TABLET,quetiapine,708,"risk or severity of adverse effects, QTc-prolonging activities, serum concentration"
KEMOSET 4 MG/2 ML IM/IV ENJ. COZ. IC. 1 AMP,ondansetron,519,"risk or severity of adverse effects, QTc-prolonging activities, metabolism"
KEMOSET 8 MG/4 ML IM/IV ENJ. COZ. IC. 1 AMP,ondansetron,519,"risk or severity of adverse effects, QTc-prolonging activities, metabolism"
KENACORT-A %0.1 20 GR POM,triamcinolone,393,"risk or severity of adverse effects, metabolism, serum concentration"
KENACORT-A %0.1 5 GR ORABASE POM,triamcinolone,393,"risk or severity of adverse effects, metabolism, serum concentration"
KENACORT-A RETARD 40 MG IM 1 ML 1 AMP,triamcinolone,393,"risk or severity of adverse effects, metabolism, serum concentration"
KENDEO 250 MG 100 SERT KAPSUL,chenodeoxycholic acid,105,"metabolism, serum concentration, therapeutic efficacy"
KENGREXAL 50 MG ENJEKSIYONLUK / INFUZYONLUK COZELTI HAZIRLAMADA KULLANILACAKKONSANTRE ICIN TOZ,cangrelor,69,"anticoagulant activities, risk or severity of adverse effects, antiplatelet activities"
KEPPRA 100 MG/ML 150 ML ORAL COZ+1 ML ENJ,levetiracetam,380,"risk or severity of adverse effects, therapeutic efficacy, risk or severity of hypotension"
KEPPRA 100 MG/ML 150 ML ORAL COZ+3 ML ENJ,levetiracetam,380,"risk or severity of adverse effects, therapeutic efficacy, risk or severity of hypotension"
KEPPRA 100 MG/ML 300 ML ORAL COZ,levetiracetam,380,"risk or severity of adverse effects, therapeutic efficacy, risk or severity of hypotension"
KEPPRA 1000 MG 50 FTB,levetiracetam,380,"risk or severity of adverse effects, therapeutic efficacy, risk or severity of hypotension"
KEPPRA 250 MG 50 FTB,levetiracetam,380,"risk or severity of adverse effects, therapeutic efficacy, risk or severity of hypotension"
KEPPRA 500 MG 50 FTB,levetiracetam,380,"risk or severity of adverse effects, therapeutic efficacy, risk or severity of hypotension"
KESTINE 20 MG FILM KAPLI TABLET (20 TABLET),ebastine,15,"sedative activities, serum concentration, diagnostic agent"
KETALAR 50 MG/ML 10 ML 1 FLK,ketamine,407,"risk or severity of adverse effects, metabolism, serum concentration"
"KETAVEL %1,25 JEL 60 GR",dexketoprofen,217,"risk or severity of adverse effects, thrombogenic activities, antiplatelet activities"
KETAVEL 25 MG 20 FTB,dexketoprofen,217,"risk or severity of adverse effects, thrombogenic activities, antiplatelet activities"
KETAVEL 50 MG 30 FTB,dexketoprofen,217,"risk or severity of adverse effects, thrombogenic activities, antiplatelet activities"
KETAVEL 50 MG/2 ML I.M./I.V. ENJ COZ ICEREN 6 AMP,dexketoprofen,217,"risk or severity of adverse effects, thrombogenic activities, antiplatelet activities"
KETILEPT 100 MG 30 FTB,quetiapine,708,"risk or severity of adverse effects, QTc-prolonging activities, serum concentration"
KETILEPT 100 MG 60 FTB,quetiapine,708,"risk or severity of adverse effects, QTc-prolonging activities, serum concentration"
KETILEPT 150 MG 60 FTB,quetiapine,708,"risk or severity of adverse effects, QTc-prolonging activities, serum concentration"
KETILEPT 150 MG FILM KAPLI TABLET (30 ADET),quetiapine,708,"risk or severity of adverse effects, QTc-prolonging activities, serum concentration"
KETILEPT 200 MG 30 FTB,quetiapine,708,"risk or severity of adverse effects, QTc-prolonging activities, serum concentration"
KETILEPT 200 MG 60 FTB,quetiapine,708,"risk or severity of adverse effects, QTc-prolonging activities, serum concentration"
KETILEPT 25 MG 30 FTB,quetiapine,708,"risk or severity of adverse effects, QTc-prolonging activities, serum concentration"
KETILEPT 25 MG 60 FTB,quetiapine,708,"risk or severity of adverse effects, QTc-prolonging activities, serum concentration"
KETILEPT 300 MG 30 FTB,quetiapine,708,"risk or severity of adverse effects, QTc-prolonging activities, serum concentration"
KETILEPT 300 MG 60 FTB,quetiapine,708,"risk or severity of adverse effects, QTc-prolonging activities, serum concentration"
KETODERM %2 30 GR KREM,ketoconazole,807,"metabolism, serum concentration, therapeutic efficacy"
KETORAL % 2 KREM (40 G),ketoconazole,807,"metabolism, serum concentration, therapeutic efficacy"
KETORAL % 2 SAMPUAN (100 ML),ketoconazole,807,"metabolism, serum concentration, therapeutic efficacy"
KETORAL 400 MG VAJINAL SUPOZITUVAR (3 SUPOZITUVAR),ketoconazole,807,"metabolism, serum concentration, therapeutic efficacy"
KETYA 100 MG 30 TB,quetiapine,708,"risk or severity of adverse effects, QTc-prolonging activities, serum concentration"
KETYA 200 MG 30 TB,quetiapine,708,"risk or severity of adverse effects, QTc-prolonging activities, serum concentration"
KETYA 25 MG 30 FTB,quetiapine,708,"risk or severity of adverse effects, QTc-prolonging activities, serum concentration"
KETYA 300 MG 30 FTB,quetiapine,708,"risk or severity of adverse effects, QTc-prolonging activities, serum concentration"
KETYA XR 150 MG UZATILMIS SALIMLI TABLET,quetiapine,708,"risk or severity of adverse effects, QTc-prolonging activities, serum concentration"
KETYA XR 200 MG UZATILMIS SALIMLI 30 TB,quetiapine,708,"risk or severity of adverse effects, QTc-prolonging activities, serum concentration"
KETYA XR 300 MG UZATILMIS SALIMLI 30 TB,quetiapine,708,"risk or severity of adverse effects, QTc-prolonging activities, serum concentration"
KETYA XR 400 MG UZATILMIS SALIMLI 30 TB,quetiapine,708,"risk or severity of adverse effects, QTc-prolonging activities, serum concentration"
KETYA XR 50 MG UZATILMIS SALIMLI 30 TB,quetiapine,708,"risk or severity of adverse effects, QTc-prolonging activities, serum concentration"
KFIBROGEN 300 MG/4 ML NEBULIZASYON COZELTISI (56*5 ML NEBUL),tobramycin,185,"excretion rate of higher serum level, serum concentration, nephrotoxic activities"
KINOMOX 400 MG FILM KAPLI TABLET (7 TABLET),moxifloxacin,371,"QTc-prolonging activities, neuroexcitatory activities, risk or severity of adverse effects"
KINZY 10 MG 30 FTB,solifenacin,294,"metabolism, risk or severity of adverse effects, QTc-prolonging activities"
KINZY 5 MG 30 FTB,solifenacin,294,"metabolism, risk or severity of adverse effects, QTc-prolonging activities"
KLACID 500 MG 14 FTB,clarithromycin,712,"metabolism, serum concentration, QTc-prolonging activities"
KLACID-MR 500 MG 14 KONT SALINIMLI TB,clarithromycin,712,"metabolism, serum concentration, QTc-prolonging activities"
KLAMAXIN 500 MG 14 FTB,clarithromycin,712,"metabolism, serum concentration, QTc-prolonging activities"
KLAMER 125 MG/5 ML 70 ML ORAL SUSPANSIYON HAZIRLAMAK ICIN GRANUL,clarithromycin,712,"metabolism, serum concentration, QTc-prolonging activities"
KLAMER 250 MG/5 ML 100 ML ORAL SUSPANSIYON HAZIRLAMAK ICIN GRANUL,clarithromycin,712,"metabolism, serum concentration, QTc-prolonging activities"
KLAMER 250 MG/5 ML 50 ML ORAL SUSPANSIYON HAZIRLAMAK ICIN GRANUL,clarithromycin,712,"metabolism, serum concentration, QTc-prolonging activities"
KLAMER 500 MG 14 FTB,clarithromycin,712,"metabolism, serum concentration, QTc-prolonging activities"
KLARIMAX 250 MG FİLM KAPLI TABLET (14 TABLET),clarithromycin,712,"metabolism, serum concentration, QTc-prolonging activities"
KLAROLID 250 MG FILM KAPLI TABLET (14 TABLET),clarithromycin,712,"metabolism, serum concentration, QTc-prolonging activities"
KLAROMIN 500 MG 14 TABLET,clarithromycin,712,"metabolism, serum concentration, QTc-prolonging activities"
KLINDAN 150 MG 16 KAP,clindamycin,126,"metabolism, serum concentration, neuromuscular blocking activities"
KLINDAN 300 MG/2 ML IM/IV ENJEKSIYONLUK COZELTI ICEREN AMPUL (1 AMPUL),clindamycin,126,"metabolism, serum concentration, neuromuscular blocking activities"
KLINDAN 600 MG/4 ML IM/IV ENJEKSIYONLUK COZELTI ICEREN AMPUL (1 AMPUL),clindamycin,126,"metabolism, serum concentration, neuromuscular blocking activities"
KLINDAVER 300 MG 2 ML 1 AMP,clindamycin,126,"metabolism, serum concentration, neuromuscular blocking activities"
KLINDAVER 600 MG/4 ML 1 AMP,clindamycin,126,"metabolism, serum concentration, neuromuscular blocking activities"
"KLOBATE %0,05 50 G KREM",clobetasol,251,"risk or severity of adverse effects, serum concentration, hypokalemic activities"
"KLOBATE %0,05 50 G MERHEM",clobetasol,251,"risk or severity of adverse effects, serum concentration, hypokalemic activities"
KLOGEL 75 MG FILM KAPLI TABLET (28 TABLET),clopidogrel,321,"metabolism, serum concentration, therapeutic efficacy"
KLOMEN 50 MG 10 TB,clomifene,33,"serum concentration, risk or severity of adverse effects"
KOLISOD 150 MG IM/IV ENJ. VE INH ICIN LIYO TOZ ICEREN FLK,colistin,1,therapeutic efficacy
KOLISTATE 150 MG IM/IV ENJ. VE INHALASYON ICIN LIYOFILIZE TOZ ICEREN FLAKON,colistin,1,therapeutic efficacy
"KOLSIN 0,5 MG FILM KAPLI TABLET",colchicine,304,"serum concentration, myopathic rhabdomyolysis activities, risk or severity of adverse effects"
KOMOX 20 MG 28 KAP,duloxetine,740,"risk or severity of adverse effects, metabolism, orthostatic hypotensive activities"
KOMOX 40 MG 28 KAP,duloxetine,740,"risk or severity of adverse effects, metabolism, orthostatic hypotensive activities"
KOMPLIA 10 MG SERT KAPSUL (21 ADET),lenalidomide,37,"thrombogenic activities, serum concentration, risk or severity of adverse effects"
KOMPLIA 15 MG SERT KAPSUL (21 ADET),lenalidomide,37,"thrombogenic activities, serum concentration, risk or severity of adverse effects"
KOMPLIA 25 MG SERT KAPSUL (21 ADET),lenalidomide,37,"thrombogenic activities, serum concentration, risk or severity of adverse effects"
KOMPLIA 5 MG SERT KAPSUL (21 ADET),lenalidomide,37,"thrombogenic activities, serum concentration, risk or severity of adverse effects"
KONAZOL %2 MEDIKAL SAMPUAN,ketoconazole,807,"metabolism, serum concentration, therapeutic efficacy"
KONSENIDAT 18 MG UZATILMIS SALIMLI TABLET (30 TABLET),methylphenidate,310,"antihypertensive activities, risk or severity of adverse effects, metabolism"
KONSENIDAT 27 MG UZATILMIS SALIMLI TABLET (30 TABLET),methylphenidate,310,"antihypertensive activities, risk or severity of adverse effects, metabolism"
KONSENIDAT 36 MG UZATILMIS SALIMLI TABLET (30 TABLET),methylphenidate,310,"antihypertensive activities, risk or severity of adverse effects, metabolism"
KONSENIDAT 54 MG UZATILMIS SALIMLI TABLET (30 TABLET),methylphenidate,310,"antihypertensive activities, risk or severity of adverse effects, metabolism"
KONTIL 250 MG / 5 ML SUSPANSIYON (15 ML),pyrantel,51,"neuromuscular blocking activities, respiratory depressant activities, arrhythmogenic activities"
KONTIL 250 MG 6 CIGNEME TB,pyrantel,51,"neuromuscular blocking activities, respiratory depressant activities, arrhythmogenic activities"
KOPAQ 300 MG/ML 100 ML 1 FLK,iohexol,1,risk or severity of adverse effects
KOPAQ 300 MG/ML 50 ML ENJ COZ ICEREN FLK,iohexol,1,risk or severity of adverse effects
KOPAQ 350 MG I/ML ENJEKSIYONLUK COZELTI ICEREN FLAKON (200 ML 1 FLAKON),iohexol,1,risk or severity of adverse effects
KOPAQ 350 MG/ML 100 ML ENJ COZ ICEREN FLK,iohexol,1,risk or severity of adverse effects
KOPAQ 350 MG/ML 50 ML ENJ COZ ICEREN FLK,iohexol,1,risk or severity of adverse effects
KORABIN 1000 MG/20 ML IV/SC INTRATEKAL ENJ/INF ICIN COZ ICEREN FLK (1 FLK),cytarabine,104,"metabolism, serum concentration, risk or severity of adverse effects"
KORDEXA 4 MG 20 TB,dexamethasone,389,"risk or severity of adverse effects, serum concentration, metabolism"
KORDEXA 8 MG 20 TB,dexamethasone,389,"risk or severity of adverse effects, serum concentration, metabolism"
KORTOS 27 MG/ 5 MG 10 SUPOZITUAR,hydrocortisone,368,"risk or severity of adverse effects, serum concentration, metabolism"
KORTOS 30 GR KREM,hydrocortisone,368,"risk or severity of adverse effects, serum concentration, metabolism"
KRISTALIZE STREPTOMISIN SULFAT 1 GR ENJEKSIYONLUK COZELTI TOZU (1 FLAKON),streptomycin,186,"excretion rate of higher serum level, serum concentration, nephrotoxic activities"
KUVAN 100 MG COZUNEBILIR 30 TABLET,sapropterin,12,"hypotensive activities, serum concentration, risk or severity of adverse effects"
KWELLADA %1 120 ML SAMPUAN,permethrin,93,"metabolism, serum concentration"
KWELLADA %1 60 ML SAMPUAN,permethrin,93,"metabolism, serum concentration"
KWELLADA %5 120 ML LOSYON,permethrin,93,"metabolism, serum concentration"
KYPROLIS 60 MG IV ENJEKSIYONLUK COZELTI ICIN TOZ ICEREN FLAKON (1 FLAKON),carfilzomib,17,"serum concentration, cardiotoxic activities, risk or severity of adverse effects"
KYTRIL 1 MG 10 FTB,granisetron,269,"QTc-prolonging activities, metabolism, serotonergic activities"
KYTRIL 2 MG 5 TB,granisetron,269,"QTc-prolonging activities, metabolism, serotonergic activities"
KYTRIL 3 MG/3 ML 1 AMP,granisetron,269,"QTc-prolonging activities, metabolism, serotonergic activities"
KYTRIL 3 MG/3 ML 5 AMP,granisetron,269,"QTc-prolonging activities, metabolism, serotonergic activities"
LACIPIL 4 MG 28 TB,lacidipine,450,"hypotensive activities, serum concentration, therapeutic efficacy"
LACSELAC 667 MG/ML SURUP (250 ML),lactulose,1,therapeutic efficacy
LAFILINE 240 MG/10 ML IV INF COZ ICEREN 6 AMP,aminophylline,246,"serum concentration, metabolism, therapeutic efficacy"
LAFLEKS IZOTONIK SODYUM KLORUR SOL 1000 ML (LAURUS SETSIZ),sodium chloride,1,risk or severity of adverse effects
LAFLEKS IZOTONIK SODYUM KLORUR SOLUSYONU 100 ML (SETSIZ),sodium chloride,1,risk or severity of adverse effects
LAFLEKS IZOTONIK SODYUM KLORUR SOLUSYONU 150 ML (SETSIZ),sodium chloride,1,risk or severity of adverse effects
LAFLEKS IZOTONIK SODYUM KLORUR SOLUSYONU 250 ML (SETSIZ),sodium chloride,1,risk or severity of adverse effects
LAFLEKS IZOTONIK SODYUM KLORUR SOLUSYONU 500 ML (SETSIZ),sodium chloride,1,risk or severity of adverse effects
LAMART 10 MG FILM KAPLI TABLET,lercanidipine,418,"hypotensive activities, risk or severity of adverse effects, serum concentration"
LAMART 20 MG FILM KAPLI TABLET,lercanidipine,418,"hypotensive activities, risk or severity of adverse effects, serum concentration"
LAMERIS 800 MG 180 FTB,sevelamer,24,"absorption, serum concentration"
LAMICTAL-DC 100 MG 30 COZ CIG TB,lamotrigine,443,"risk or severity of adverse effects, therapeutic efficacy, serum concentration"
LAMICTAL-DC 200 MG 30 COZ CIG TB,lamotrigine,443,"risk or severity of adverse effects, therapeutic efficacy, serum concentration"
LAMICTAL-DC 25 MG 30 COZ CIG TB,lamotrigine,443,"risk or severity of adverse effects, therapeutic efficacy, serum concentration"
LAMICTAL-DC 5 MG 30 COZ CIG TB,lamotrigine,443,"risk or severity of adverse effects, therapeutic efficacy, serum concentration"
LAMICTAL-DC 50 MG 30 COZ CIG TB,lamotrigine,443,"risk or severity of adverse effects, therapeutic efficacy, serum concentration"
LAMIDE 100 MG 56 FILM KAPLI TABLET,lacosamide,82,"atrioventricular blocking (AV block) activities, serum concentration, therapeutic efficacy"
LAMIDE 150 MG 56 FILM KAPLI TABLET,lacosamide,82,"atrioventricular blocking (AV block) activities, serum concentration, therapeutic efficacy"
LAMIDE 200 MG 56 FILM KAPLI TABLET,lacosamide,82,"atrioventricular blocking (AV block) activities, serum concentration, therapeutic efficacy"
LAMIDE 50 MG 14 FILM KAPLI TABLET,lacosamide,82,"atrioventricular blocking (AV block) activities, serum concentration, therapeutic efficacy"
LANICZOL 5MG/100 ML IV INF ICIN KONSANTRE COZ ICEREN 1 FLK,zoledronic acid,126,"risk or severity of adverse effects, serum concentration, hypocalcemic activities"
LANSOPROL 15 MG 28 MIKROPELLET KAP,lansoprazole,218,"metabolism, serum concentration, risk or severity of adverse effects"
LANSOPROL 30 MG 28 MIKROPELLET KAP,lansoprazole,218,"metabolism, serum concentration, risk or severity of adverse effects"
LANSOR 15 MG 30 MIKROPELLET KAP,lansoprazole,218,"metabolism, serum concentration, risk or severity of adverse effects"
LANSOR 30 MG 14 MIKROPELLET KAP,lansoprazole,218,"metabolism, serum concentration, risk or severity of adverse effects"
LANSOR 30 MG 28 MIKROPELLET KAP,lansoprazole,218,"metabolism, serum concentration, risk or severity of adverse effects"
LANSOTER 30 MG 28 MIKROPELLET KAP,lansoprazole,218,"metabolism, serum concentration, risk or severity of adverse effects"
LANZEDIN 30 MG 14 MIKROPELLET KAP,lansoprazole,218,"metabolism, serum concentration, risk or severity of adverse effects"
LANZEDIN 30 MG 28 MIKROPELLET KAP,lansoprazole,218,"metabolism, serum concentration, risk or severity of adverse effects"
LARGACTIL 100 MG KAPLI TABLET (30 TABLET),chlorpromazine,792,"risk or severity of adverse effects, metabolism, QTc-prolonging activities"
LARGACTIL 25 MG ENJEKSIYONLUK/INFUZYONLUK COZELTI ICEREN AMPUL (10 AMPUL),chlorpromazine,792,"risk or severity of adverse effects, metabolism, QTc-prolonging activities"
LARGOPEN 1 GR 16 TB,amoxicillin,74,"metabolism, serum concentration, therapeutic efficacy"
LARGOPEN 125 MG/5 ML 80 ML SUSP,amoxicillin,74,"metabolism, serum concentration, therapeutic efficacy"
LARGOPEN 200 MG ORAL SUSPANSIYON HAZIRLAMAK ICIN KURU TOZ (100 ML),amoxicillin,74,"metabolism, serum concentration, therapeutic efficacy"
LARGOPEN 250 MG/5 ML 80 ML SUSP,amoxicillin,74,"metabolism, serum concentration, therapeutic efficacy"
LARGOPEN 500 MG 16 TB,amoxicillin,74,"metabolism, serum concentration, therapeutic efficacy"
"LARGOPEN 500 MG KAPSÜL, 16 ADET",amoxicillin,74,"metabolism, serum concentration, therapeutic efficacy"
LARGOPEN FORT 400 MG ORAL SUSPANSIYON HAZIRLAMAK ICIN KURU TOZ (100 ML),amoxicillin,74,"metabolism, serum concentration, therapeutic efficacy"
LARICID 500 MG 14 FILM KAPLI TABLET,clarithromycin,712,"metabolism, serum concentration, QTc-prolonging activities"
LAROXYL 10 MG 30 DRJ,amitriptyline,687,"risk or severity of adverse effects, metabolism, serum concentration"
LAROXYL 25 MG 40 DRJ,amitriptyline,687,"risk or severity of adverse effects, metabolism, serum concentration"
LASIRIN 20 MG TABLET (20 TABLET),bilastine,12,"sedative activities, diagnostic agent, therapeutic efficacy"
LASIX 20 MG/2 ML 5 AMP,furosemide,443,"risk or severity of adverse effects, therapeutic efficacy, hypokalemic activities"
LASIX 40 MG 12 TB,furosemide,443,"risk or severity of adverse effects, therapeutic efficacy, hypokalemic activities"
LASTET 50 MG 20 KAP,etoposide,168,"serum concentration, metabolism, risk or severity of adverse effects"
"LATAFREE % 0,005 TEK DOZLUK GOZ DAMLASI, COZELTI 30 ADET",latanoprost,229,"hypotensive activities, therapeutic efficacy, antihypertensive activities"
LATAPOL %0.005 2.5 ML GOZ DAMLASI,latanoprost,229,"hypotensive activities, therapeutic efficacy, antihypertensive activities"
"LATASOPT % 0.005 GÖZ DAMLASI ,2.5 ML,1 ŞIŞE",latanoprost,229,"hypotensive activities, therapeutic efficacy, antihypertensive activities"
LATIXA 1000 MG UZATILMIS SALIMLI 60 TB,ranolazine,772,"serum concentration, metabolism, QTc-prolonging activities"
LATIXA 375 MG UZATILMIS SALIMLI 60 TB,ranolazine,772,"serum concentration, metabolism, QTc-prolonging activities"
LATIXA 500 MG UZATILMIS SALIMLI 60 TB,ranolazine,772,"serum concentration, metabolism, QTc-prolonging activities"
LATIXA 750 MG UZATILMIS SALIMLI 60 TB,ranolazine,772,"serum concentration, metabolism, QTc-prolonging activities"
LAUFRAN 4 MG/2 ML IV/IM ENJ COZ (1 AMP),ondansetron,519,"risk or severity of adverse effects, QTc-prolonging activities, metabolism"
LAUFRAN 8 MG/4 ML ENJ COZ 1 AMP,ondansetron,519,"risk or severity of adverse effects, QTc-prolonging activities, metabolism"
LAXAMOT 670 MG/ML SURUP 300 ML,lactulose,1,therapeutic efficacy
"LAXOSIFA 0,48 G/ML+0,18 G/ML ORAL COZELTI 45 ML (LAX FOSFOSODA ORAL SOL 45 ML)",sodium phosphate,185,"nephrotoxic activities, absorption, risk or severity of adverse effects"
LEBEL 750 MG 7 FTB,levofloxacin,411,"QTc-prolonging activities, neuroexcitatory activities, risk or severity of adverse effects"
LEDASON 20 MG FILM KAPLI TABLET (30 ADET),lurasidone,444,"risk or severity of adverse effects, serum concentration, therapeutic efficacy"
LEDASON 40 MG FILM KAPLI TABLET (30 ADET),lurasidone,444,"risk or severity of adverse effects, serum concentration, therapeutic efficacy"
LEDASON 60 MG FILM KAPLI TABLET (30 ADET),lurasidone,444,"risk or severity of adverse effects, serum concentration, therapeutic efficacy"
LEDASON 80 MG FILM KAPLI TABLET (30 ADET),lurasidone,444,"risk or severity of adverse effects, serum concentration, therapeutic efficacy"
LEDEZLA 10 MG/ 20 MG/ 30 MG FILM KAPLI TABLET TEDAVI BASLANGIC PAKETI,apremilast,402,"risk or severity of adverse effects, metabolism, serum concentration"
LEDEZLA 30 MG FILM KAPLI TABLET (56 TABLET),apremilast,402,"risk or severity of adverse effects, metabolism, serum concentration"
LEFOX 500 MG 7 FTB,levofloxacin,411,"QTc-prolonging activities, neuroexcitatory activities, risk or severity of adverse effects"
LEFOX 500 MG/100 ML IV INF. COZELTI ICIN FLK,levofloxacin,411,"QTc-prolonging activities, neuroexcitatory activities, risk or severity of adverse effects"
LEFOX 750 MG FILM TABLET (7 TABLET),levofloxacin,411,"QTc-prolonging activities, neuroexcitatory activities, risk or severity of adverse effects"
LENATU 10 MG SERT KAPSUL (21 KAPSUL),lenalidomide,37,"thrombogenic activities, serum concentration, risk or severity of adverse effects"
LENATU 15 MG SERT KAPSUL (21 KAPSUL),lenalidomide,37,"thrombogenic activities, serum concentration, risk or severity of adverse effects"
LENATU 25 MG SERT KAPSUL (21 KAPSUL),lenalidomide,37,"thrombogenic activities, serum concentration, risk or severity of adverse effects"
LENATU 5 MG SERT KAPSUL (21 KAPSUL),lenalidomide,37,"thrombogenic activities, serum concentration, risk or severity of adverse effects"
LENOM 10 MG SERT KAPSUL (21 KAPSUL),lenalidomide,37,"thrombogenic activities, serum concentration, risk or severity of adverse effects"
LENOM 25 MG SERT KAPSUL (21 KAPSUL),lenalidomide,37,"thrombogenic activities, serum concentration, risk or severity of adverse effects"
LENOM 5 MG SERT KAPSUL (21 KAPSUL),lenalidomide,37,"thrombogenic activities, serum concentration, risk or severity of adverse effects"
"LEODEX %1,25 JEL 60 GR",dexketoprofen,217,"risk or severity of adverse effects, thrombogenic activities, antiplatelet activities"
LEODEX 25 MG 20 FTB,dexketoprofen,217,"risk or severity of adverse effects, thrombogenic activities, antiplatelet activities"
LEODEX 50 MG/2 ML ENJ COZ ICEREN 6 AMP,dexketoprofen,217,"risk or severity of adverse effects, thrombogenic activities, antiplatelet activities"
"LEOKS 2,5 MG/ML INFUZYONLUK COZELTI HAZIRLAMAK ICIN KONSANTRE (5 ML)",levosimendan,173,"risk or severity of adverse effects, hypotensive activities, orthostatic hypotensive activities"
LEPTICA 1000 MG 50 FTB,levetiracetam,380,"risk or severity of adverse effects, therapeutic efficacy, risk or severity of hypotension"
LEPTICA 250 MG 50 FTB,levetiracetam,380,"risk or severity of adverse effects, therapeutic efficacy, risk or severity of hypotension"
LEPTICA 500 MG 50 FTB,levetiracetam,380,"risk or severity of adverse effects, therapeutic efficacy, risk or severity of hypotension"
LERCADIP 10 MG 30 TB,lercanidipine,418,"hypotensive activities, risk or severity of adverse effects, serum concentration"
LERCADIP 20 MG 30 FTB,lercanidipine,418,"hypotensive activities, risk or severity of adverse effects, serum concentration"
"LETRASAN 2,5 MG 30 FTB",letrozole,97,"metabolism, serum concentration, cardiotoxic activities"
LETROKS 2.5 MG 30 FTB,letrozole,97,"metabolism, serum concentration, cardiotoxic activities"
"LETROL 2,5 MG 30 FTB",letrozole,97,"metabolism, serum concentration, cardiotoxic activities"
LETU 2.5 MG 30 FTB,letrozole,97,"metabolism, serum concentration, cardiotoxic activities"
LEUKERAN 2 MG FILM KAPLI TABLET,chlorambucil,17,"risk or severity of adverse effects, cardiotoxic activities, immunosuppressive activities"
LEUSENOX 10 MG/10 ML IV INFUZYON ICIN KONSANTRE COZELTI ICEREN AMPUL (10 ADET),arsenic trioxide,374,"risk or severity of adverse effects, QTc-prolonging activities, risk or severity of QTc prolongation"
LEV-END 100 MG/ML ORAL COZELTI 300 ML,levetiracetam,380,"risk or severity of adverse effects, therapeutic efficacy, risk or severity of hypotension"
LEV-END 1000 MG 50 FTB,levetiracetam,380,"risk or severity of adverse effects, therapeutic efficacy, risk or severity of hypotension"
LEV-END 250 MG 50 TB,levetiracetam,380,"risk or severity of adverse effects, therapeutic efficacy, risk or severity of hypotension"
LEV-END 500 MG 50 TB,levetiracetam,380,"risk or severity of adverse effects, therapeutic efficacy, risk or severity of hypotension"
LEV-END 750 MG 50 TB,levetiracetam,380,"risk or severity of adverse effects, therapeutic efficacy, risk or severity of hypotension"
"LEVEBRAIN 500 MG / 5 ML KONSANTRE INF. ÇÖZELTISI IÇEREN FLAKON, 10 FLAKON",levetiracetam,380,"risk or severity of adverse effects, therapeutic efficacy, risk or severity of hypotension"
LEVEMAX 1000 MG 100 FTB,levetiracetam,380,"risk or severity of adverse effects, therapeutic efficacy, risk or severity of hypotension"
LEVEMAX 1000 MG 50 FTB,levetiracetam,380,"risk or severity of adverse effects, therapeutic efficacy, risk or severity of hypotension"
LEVEMAX 250 MG 50 FTB,levetiracetam,380,"risk or severity of adverse effects, therapeutic efficacy, risk or severity of hypotension"
LEVEMAX 500 MG 100 TB,levetiracetam,380,"risk or severity of adverse effects, therapeutic efficacy, risk or severity of hypotension"
LEVEMAX 500 MG 50 FTB,levetiracetam,380,"risk or severity of adverse effects, therapeutic efficacy, risk or severity of hypotension"
LEVETAM 500 MG/5 ML KONSANTRE INF. COZ. ICEREN 10 FLK,levetiracetam,380,"risk or severity of adverse effects, therapeutic efficacy, risk or severity of hypotension"
LEVISET 5 MG 20 FTB,levocetirizine,363,"risk or severity of adverse effects, metabolism, serum concentration"
"LEVOLON % 0,5 GOZ DAMLASI, COZELTI (LEVOLON %0,5 GOZ VE KULAK DAMLASI 5 ML COZELTI)",levofloxacin,411,"QTc-prolonging activities, neuroexcitatory activities, risk or severity of adverse effects"
LEVONAT 500 MG 7 FTB,levofloxacin,411,"QTc-prolonging activities, neuroexcitatory activities, risk or severity of adverse effects"
LEVONIDIN 500 MG 7 FTB,levofloxacin,411,"QTc-prolonging activities, neuroexcitatory activities, risk or severity of adverse effects"
LEVONIDIN 750 MG 7 FTB,levofloxacin,411,"QTc-prolonging activities, neuroexcitatory activities, risk or severity of adverse effects"
"LEVOWORLD % 0.5 GOZ VE KULAK DAMLASI, COZELTI (1 SISE) (LEVOXIMED %0,5 GOZ VE KULAK DAMLASI, COZELTI 5 ML, 1 SISE)",levofloxacin,411,"QTc-prolonging activities, neuroexcitatory activities, risk or severity of adverse effects"
"LEVOWORLD 500 MG FILM TABLET ,7 TABLET",levofloxacin,411,"QTc-prolonging activities, neuroexcitatory activities, risk or severity of adverse effects"
LEVOXIPOLIN 500 MG/ 100 ML IV INF. COZELTISI (100 ML),levofloxacin,411,"QTc-prolonging activities, neuroexcitatory activities, risk or severity of adverse effects"
"LEX 20 MG FİLM KAPLI TABLET, 4 FİLM KAPLI TABLET",tadalafil,285,"antihypertensive activities, serum concentration, hypotensive activities"
"LEX 5 MG FİLM KAPLI TABLET, 14 ADET",tadalafil,285,"antihypertensive activities, serum concentration, hypotensive activities"
"LEX 5 MG FİLM KAPLI TABLET, 28 ADET",tadalafil,285,"antihypertensive activities, serum concentration, hypotensive activities"
LH-RH FERRING 0.1 MG/ML 1 ML 1 AMP,gonadorelin,1,therapeutic efficacy
LIDON 100 MG / 5 ML IM/IV/SC ENJEKSIYONLUK COZELTI (5 AMPUL ),lidocaine,572,"metabolism, risk or severity of adverse effects, serum concentration"
LIDON 40 MG / 2 ML IM/IV/SC ENJEKSIYONLUK COZELTI (10 AMPUL),lidocaine,572,"metabolism, risk or severity of adverse effects, serum concentration"
"LIFTA 5 MG FILM KAPLI TABLET, 14 ADET",tadalafil,285,"antihypertensive activities, serum concentration, hypotensive activities"
"LIFTA 5 MG FILM KAPLI TABLET, 28 ADET",tadalafil,285,"antihypertensive activities, serum concentration, hypotensive activities"
"LIFTA 5 MG FILM KAPLI TABLET, 56 ADET",tadalafil,285,"antihypertensive activities, serum concentration, hypotensive activities"
LIMEXID 600 MG 10 FTB,linezolid,165,"risk or severity of adverse effects, serotonergic activities, hypertensive activities"
LINATIN 5 MG FILM KAPLI TABLET (30 TABLET),linagliptin,227,"serum concentration, therapeutic efficacy, risk or severity of adverse effects"
LINAZEP 5 MG FILM KAPLI TABLET (30 TABLET),linagliptin,227,"serum concentration, therapeutic efficacy, risk or severity of adverse effects"
LINCAINE SPREY %10 50 ML SISE,lidocaine,572,"metabolism, risk or severity of adverse effects, serum concentration"
LINCOCIN 600 MG/2 ML 2 ML 1 AMP (ECZ),lincomycin,21,"neuromuscular blocking activities, therapeutic efficacy, absorption"
LINEDOR 600 MG/300 ML I.V. INF ICIN COZ ICEREN FLK,linezolid,165,"risk or severity of adverse effects, serotonergic activities, hypertensive activities"
LINIGA 5 MG FILM KAPLI TABLET,linagliptin,227,"serum concentration, therapeutic efficacy, risk or severity of adverse effects"
LINKOMISIN IE 600 MG/2ML ENJEKSIYONLUK COZELTI,lincomycin,21,"neuromuscular blocking activities, therapeutic efficacy, absorption"
LINKOSOL 600 MG/2 ML 1 AMP,lincomycin,21,"neuromuscular blocking activities, therapeutic efficacy, absorption"
LINOXA 100 MG IV MG/20 ML IV INF. ICIN KONSANTRE COZ. ICEREN FLK,oxaliplatin,59,"metabolism, serum concentration, cardiotoxic activities"
LINOXA 50 MG/10 ML IV INF ICIN LIYOFILIZE TOZ ICEREN 1 FLK,oxaliplatin,59,"metabolism, serum concentration, cardiotoxic activities"
LINTREJA 5 MG FILM KAPLI TABLET,linagliptin,227,"serum concentration, therapeutic efficacy, risk or severity of adverse effects"
LIORESAL 10 MG 50 TB,baclofen,281,"risk or severity of adverse effects, central nervous system depressant (CNS depressant) activities, therapeutic efficacy"
LIPANTHYL 160 MG 30 FTB,fenofibrate,115,"metabolism, serum concentration, hypoglycemic activities"
LIPANTHYL 267 M 30 KAP,fenofibrate,115,"metabolism, serum concentration, hypoglycemic activities"
LIPANTHYL 267 M 90 KAP,fenofibrate,115,"metabolism, serum concentration, hypoglycemic activities"
LIPITOR 10 MG 30 FTB,atorvastatin,384,"risk or severity of adverse effects, serum concentration, metabolism"
LIPITOR 10 MG 90 FTB,atorvastatin,384,"risk or severity of adverse effects, serum concentration, metabolism"
LIPITOR 20 MG 30 FTB,atorvastatin,384,"risk or severity of adverse effects, serum concentration, metabolism"
LIPITOR 20 MG 90 FTB,atorvastatin,384,"risk or severity of adverse effects, serum concentration, metabolism"
LIPITOR 40 MG 30 FTB,atorvastatin,384,"risk or severity of adverse effects, serum concentration, metabolism"
LIPITOR 40 MG 90 FTB,atorvastatin,384,"risk or severity of adverse effects, serum concentration, metabolism"
LIPITOR 80 MG 30 FTB,atorvastatin,384,"risk or severity of adverse effects, serum concentration, metabolism"
LIPOFEN-SR 250 MG 30 MIKROPELLET KAP,fenofibrate,115,"metabolism, serum concentration, hypoglycemic activities"
LIPOFEN-SR 250 MG 90 MIKROPELLET KAP,fenofibrate,115,"metabolism, serum concentration, hypoglycemic activities"
LIVERCOL 10 MG 28 FTB,rosuvastatin,356,"serum concentration, metabolism, risk or severity of rhabdomyolysis"
LIVERCOL 20 MG 28 FTB,rosuvastatin,356,"serum concentration, metabolism, risk or severity of rhabdomyolysis"
LIVERCOL 40 MG 28 FTB,rosuvastatin,356,"serum concentration, metabolism, risk or severity of rhabdomyolysis"
LIZERA 5 MG 30 FILM KAPLI TABLET,linagliptin,227,"serum concentration, therapeutic efficacy, risk or severity of adverse effects"
LIZIK 40 MG 50 TABLET,furosemide,443,"risk or severity of adverse effects, therapeutic efficacy, hypokalemic activities"
LOCAFEN %2 KREM (30 G),diltiazem,851,"metabolism, serum concentration, hypotensive activities"
LOCANEST %10 SPREY (50 ML),lidocaine,572,"metabolism, risk or severity of adverse effects, serum concentration"
"LOCERYL %5 ILACLI TIRNAK CILASI 2,5 ML",amorolfine,70,"therapeutic efficacy, serum concentration, metabolism"
"LOCOJEL %0,5 JEL (50 GR)",piroxicam,405,"risk or severity of adverse effects, metabolism, therapeutic efficacy"
LODINE 300 MG 10 FTB,etodolac,397,"risk or severity of adverse effects, metabolism, therapeutic efficacy"
LODUX 30 MG GASTRO-REZISTAN SERT KAPSUL (28 KAPSUL),duloxetine,740,"risk or severity of adverse effects, metabolism, orthostatic hypotensive activities"
LODUX 60 MG GASTRO-REZISTAN SERT KAPSUL (28 KAPSUL),duloxetine,740,"risk or severity of adverse effects, metabolism, orthostatic hypotensive activities"
LOKALEN 50 MG/GR 30 GR POM,lidocaine,572,"metabolism, risk or severity of adverse effects, serum concentration"
LOMOTIL 20 TB,diphenoxylate,393,"risk or severity of adverse effects, central nervous system depressant (CNS depressant) activities, analgesic activities"
"LONGIS 20 MG FİLM KAPLI TABLET, 4 ADET",tadalafil,285,"antihypertensive activities, serum concentration, hypotensive activities"
LOPERMID 2 MG 20 TB,loperamide,266,"metabolism, therapeutic efficacy, serum concentration"
LOPID 600 MG 30 FTB,gemfibrozil,362,"metabolism, serum concentration, risk or severity of adverse effects"
"LOPROX % 1,5 100 ML SAMPUAN",ciclopirox,69,"therapeutic efficacy, serum concentration, metabolism"
"LORDES 2,5 MG/5 ML 150 ML SURUP",desloratadine,392,"risk or severity of adverse effects, serum concentration, therapeutic efficacy"
LORDES 5 MG 20 FTB,desloratadine,392,"risk or severity of adverse effects, serum concentration, therapeutic efficacy"
LORNOX FAST 8 MG FILM KAPLI TABLET (10 TABLET),lornoxicam,396,"risk or severity of adverse effects, metabolism, therapeutic efficacy"
"LORİXAM 8 MG IM/IV ENJEKSİYONLUK ÇÖZELTİ HAZIRLAMAK İÇİN LİYOFİLİZE TOZ VE ÇÖZÜCÜ, 1 flakon+1 çözücü ampul ve 3 flakon+3 çözücü ampul",lornoxicam,396,"risk or severity of adverse effects, metabolism, therapeutic efficacy"
LOSEPROL 40 MG IV ENJ ICIN LIYO TOZ ICEREN FLK,omeprazole,421,"metabolism, serum concentration, risk or severity of adverse effects"
LOSIRAM 10 MG 28 FTB,escitalopram,733,"risk or severity of adverse effects, QTc-prolonging activities, metabolism"
LOSIRAM 20 MG 28 FTB,escitalopram,733,"risk or severity of adverse effects, QTc-prolonging activities, metabolism"
"LOTEFORTE %0,5 OFTALMIK SUSPANSIYON (5 ML)",loteprednol,251,"risk or severity of adverse effects, serum concentration, hypokalemic activities"
LOTEMAX 5 MG/ML GOZ DAMLASI SUSPANSIYONU 5 ML,loteprednol,251,"risk or severity of adverse effects, serum concentration, hypokalemic activities"
"LOVİTREC 20 MG FİLM KAPLI TABLET, 4 ADET",vardenafil,304,"antihypertensive activities, QTc-prolonging activities, serum concentration"
"LOXIDOL 15 MG/1.5 ML ENJEKSIYONLUK ÇÖZELTI IÇEREN AMPUL ,3 AMPUL",meloxicam,454,"risk or severity of adverse effects, metabolism, therapeutic efficacy"
LUDIOMIL 25 MG 30 FTB,maprotiline,438,"risk or severity of adverse effects, metabolism, QTc-prolonging activities"
LUDIOMIL 75 MG 14 FTB,maprotiline,438,"risk or severity of adverse effects, metabolism, QTc-prolonging activities"
LULIZOL %1 KREM (20 G),luliconazole,580,"serum concentration, risk or severity of adverse effects, risk or severity of QTc prolongation"
"LUMIGAN RC %0,01 2,5 ML GOZ DAMLASI",bimatoprost,229,"hypotensive activities, therapeutic efficacy, antihypertensive activities"
LUMINAL 100 MG 10 TB,phenobarbital,983,"metabolism, serum concentration, risk or severity of adverse effects"
LUMINALETTEN 15 MG 30 TB,phenobarbital,983,"metabolism, serum concentration, risk or severity of adverse effects"
LUSTRAL 50 MG 28 FTB,sertraline,777,"metabolism, risk or severity of adverse effects, serum concentration"
LUSTRAL SPECIAL 100 MG 28 FTB,sertraline,777,"metabolism, risk or severity of adverse effects, serum concentration"
"LUTİNUS 100 MG VAGİNAL TABLET, 21 ADET",progesterone,305,"metabolism, serum concentration, absorption"
LUXAT 10 MG 28 TB,montelukast,121,"metabolism, serum concentration, therapeutic efficacy"
"LYNOZID 600 MG/300ML I.V. INFÜZYON IÇIN ÇÖZELTI IÇEREN FLAKON ,FLAKON, 1 ADET",linezolid,165,"risk or severity of adverse effects, serotonergic activities, hypertensive activities"
LYNPARZA 100 MG FILM KAPLI TABLET (56 TABLET),olaparib,572,"metabolism, serum concentration, risk or severity of adverse effects"
LYNPARZA 150 MG FILM KAPLI TABLET (56 TABLET),olaparib,572,"metabolism, serum concentration, risk or severity of adverse effects"
LYRICA 150 MG 56 KAP,pregabalin,345,"therapeutic efficacy, risk or severity of heart failure, central nervous system depressant (CNS depressant) activities"
LYRICA 225 MG 56 KAP,pregabalin,345,"therapeutic efficacy, risk or severity of heart failure, central nervous system depressant (CNS depressant) activities"
LYRICA 25 MG 56 TB,pregabalin,345,"therapeutic efficacy, risk or severity of heart failure, central nervous system depressant (CNS depressant) activities"
LYRICA 300 MG 56 KAP,pregabalin,345,"therapeutic efficacy, risk or severity of heart failure, central nervous system depressant (CNS depressant) activities"
LYRICA 75 MG 14 KAP,pregabalin,345,"therapeutic efficacy, risk or severity of heart failure, central nervous system depressant (CNS depressant) activities"
LYRICA 75 MG 42 KAPSUL,pregabalin,345,"therapeutic efficacy, risk or severity of heart failure, central nervous system depressant (CNS depressant) activities"
"LİFTA 10 MG FİLM KAPLI TABLET, 2 ADET",tadalafil,285,"antihypertensive activities, serum concentration, hypotensive activities"
"LİFTA 20 MG FİLM KAPLI TABLET, 4 ADET",tadalafil,285,"antihypertensive activities, serum concentration, hypotensive activities"
M-FURO %0.1 30 GR KREM,mometasone,254,"risk or severity of adverse effects, serum concentration, hypokalemic activities"
M-FURO %0.1 30 GR LOSYON,mometasone,254,"risk or severity of adverse effects, serum concentration, hypokalemic activities"
M-FURO %0.1 30 GR POMAD,mometasone,254,"risk or severity of adverse effects, serum concentration, hypokalemic activities"
MACITRIN 10 MG 28 FILM KAPLI TABLET,macitentan,249,"hypotensive activities, serum concentration, metabolism"
MACROL 125 MG/5 ML 70 ML SUSP,clarithromycin,712,"metabolism, serum concentration, QTc-prolonging activities"
MACROL 250 MG 14 FTB,clarithromycin,712,"metabolism, serum concentration, QTc-prolonging activities"
MACROL 250 MG/5 ML 100 ML SUSP,clarithromycin,712,"metabolism, serum concentration, QTc-prolonging activities"
MACROL 250 MG/5 ML 50 ML SUSP,clarithromycin,712,"metabolism, serum concentration, QTc-prolonging activities"
MACROL 500 MG 14 FTB,clarithromycin,712,"metabolism, serum concentration, QTc-prolonging activities"
MACROL 500 MG MR 14 KONT SALIM TB,clarithromycin,712,"metabolism, serum concentration, QTc-prolonging activities"
MACROL 500 MG MR 20 KONT SALIM TB,clarithromycin,712,"metabolism, serum concentration, QTc-prolonging activities"
MACROL 500 MG MR 7 KONT SALIM TB,clarithromycin,712,"metabolism, serum concentration, QTc-prolonging activities"
MAGNERAL 365 MG 30 TABLET,magnesium oxide,236,"absorption, bioavailability, serum concentration"
MAGNESIE CALCINEE SABA TOZ,magnesium hydroxide,238,"absorption, serum concentration, bioavailability"
MAGNEZI KALSINE 100 GR TOZ,magnesium oxide,236,"absorption, bioavailability, serum concentration"
MAGNEZYUM SULFAT %15 10 ML 10 AMP,magnesium sulfate,467,"therapeutic efficacy, serum concentration, risk or severity of hypotension and neuromuscular blockade"
MAGNEZYUM SULFAT %15 10 ML 10 AMP (BIOSEL),magnesium sulfate,467,"therapeutic efficacy, serum concentration, risk or severity of hypotension and neuromuscular blockade"
MAGNEZYUM SULFAT %15 ONFARMA 10 ML 10 AMP,magnesium sulfate,467,"therapeutic efficacy, serum concentration, risk or severity of hypotension and neuromuscular blockade"
MAGNORM 365 MG 30 EFF TB,magnesium oxide,236,"absorption, bioavailability, serum concentration"
MAGNORM 365 MG TABLET (30 TABLET),magnesium oxide,236,"absorption, bioavailability, serum concentration"
MAGOSIT 365 MG TB,magnesium oxide,236,"absorption, bioavailability, serum concentration"
MAJEZIK 100 MG 15 FTB,flurbiprofen,396,"risk or severity of adverse effects, metabolism, therapeutic efficacy"
MAJEZIK 200 MG SR 16 MIKROPELLET KAP,flurbiprofen,396,"risk or severity of adverse effects, metabolism, therapeutic efficacy"
MANNITOL %20 500 ML SOL SETSIZ SISE,mannitol,219,"risk or severity of adverse effects, hypotensive activities, nephrotoxic activities"
"MARCAINE %0,5 ENJEKSIYONLUK COZELTI",bupivacaine,524,"risk or severity of adverse effects, metabolism, serum concentration"
"MARCAINE SPINAL HEAVY %0,5 ENJEKSIYONLUK COZELTI",bupivacaine,524,"risk or severity of adverse effects, metabolism, serum concentration"
MASILVA 10 MG FILM KAPLI TABLET (28 TABLET),macitentan,249,"hypotensive activities, serum concentration, metabolism"
MASIPAH 10 MG FILM KAPLI TABLET (28 TABLET),macitentan,249,"hypotensive activities, serum concentration, metabolism"
MASITERA 10 MG 28 FILM KAPLI TABLET,macitentan,249,"hypotensive activities, serum concentration, metabolism"
MATOFIN 1000 MG 100 FTB,metformin,202,"therapeutic efficacy, hypoglycemic activities, serum concentration"
MATOFIN 1000 MG 100 XR TAB,metformin,202,"therapeutic efficacy, hypoglycemic activities, serum concentration"
MATOFIN 500 MG 100 XR TB,metformin,202,"therapeutic efficacy, hypoglycemic activities, serum concentration"
MATOFIN 850 MG 100 FTB,metformin,202,"therapeutic efficacy, hypoglycemic activities, serum concentration"
MAVENCLAD 10 MG TABLET (1 TABLET),cladribine,25,"serum concentration, risk or severity of adverse effects, cardiotoxic activities"
MAVENCLAD 10 MG TABLET (4 TABLET),cladribine,25,"serum concentration, risk or severity of adverse effects, cardiotoxic activities"
MAVENCLAD 10 MG TABLET (6 TABLET),cladribine,25,"serum concentration, risk or severity of adverse effects, cardiotoxic activities"
MAXICLAR 500 MG FILM KAPLI TABLET (14 FILM KAPLI TABLET),clarithromycin,712,"metabolism, serum concentration, QTc-prolonging activities"
MAXIDEX %0.1 3.5 GR GOZ POMADI,dexamethasone,389,"risk or severity of adverse effects, serum concentration, metabolism"
MAXIDEX %0.1 5 ML GOZ DAMLASI,dexamethasone,389,"risk or severity of adverse effects, serum concentration, metabolism"
MAXIMUS 100 MG 15 FTB,flurbiprofen,396,"risk or severity of adverse effects, metabolism, therapeutic efficacy"
MAXIPEN 1 GR IV ENJ VE INF ICIN TOZ ICEREN 1 FLK,meropenem,3,"serum concentration, therapeutic efficacy"
MAXIPEN 500 MG IV ENJ VE INF ICIN TOZ ICEREN 1 FLK,meropenem,3,"serum concentration, therapeutic efficacy"
MAXTHIO 4 MG/2 ML 6 AMP,thiocolchicoside,1,therapeutic efficacy
"MAZENIL 0,50 MG/5 ML IV ENJ. ICIN COZ. ICEREN 5 AMP",flumazenil,7,sedative activities
MAZENIL 1 MG/10 ML IV ENJ. ICIN COZ. ICEREN 5 AMP,flumazenil,7,sedative activities
MEDIKINET 10 MG DEGISTIRILMIS SALIMLI 30 KAPSUL (MEDIKINET RETARD 10 MG 30 KAP),methylphenidate,310,"antihypertensive activities, risk or severity of adverse effects, metabolism"
MEDIKINET 20 MG DEGISTIRILMIS SALIMLI 30 KAPSUL (MEDIKINET RETARD 20 MG 30 KAP),methylphenidate,310,"antihypertensive activities, risk or severity of adverse effects, metabolism"
MEDIKINET 30 MG DEGISTIRILMIS SALIMLI 30 KAPSUL (MEDIKINET RETARD 30 MG 30 KAP),methylphenidate,310,"antihypertensive activities, risk or severity of adverse effects, metabolism"
MEDIKINET 40 MG DEGISTIRILMIS SALIMLI 30 KAPSUL (MEDIKINET RETARD 40 MG 30 KAP),methylphenidate,310,"antihypertensive activities, risk or severity of adverse effects, metabolism"
MEDISAL 20 MG/2 ML IM/IV ENJ COZ ICEREN 5 AMP,furosemide,443,"risk or severity of adverse effects, therapeutic efficacy, hypokalemic activities"
MEDIZINC 15 MG/5 ML 100 ML SURUP,zinc sulfate,1,serum concentration
"MEDLAZİD MR 60 MG UZATILMIŞ SALIMLI TABLET, 30 ADET",gliclazide,307,"hypoglycemic activities, therapeutic efficacy, metabolism"
MEDOVIR 100 MG 28 FTB,lamivudine,16,"serum concentration, risk or severity of adverse effects, excretion rate of higher serum level"
MEDULAC-WM 670MG/ML 250 ML SURUP,lactulose,1,therapeutic efficacy
MEKARD 250 MG/20 ML I.V. KONSANTRE INFUZYONLUK COZELTI (10 AMPUL),dobutamine,174,"risk or severity of adverse effects, vasoconstricting activities, hypokalemic activities"
MEKINIST 2 MG FTB,trametinib,15,"cardiotoxic activities, serum concentration, risk or severity of adverse effects"
"MEKSRATU 10 MG/0,4 ML ENJ. COZ. ICEREN KULL.HAZ. 1 SIRINGA",methotrexate,168,"serum concentration, risk or severity of adverse effects, therapeutic efficacy"
"MEKSRATU 12,5 MG/0,5 ML ENJEKSIYONLUK COZELTI ICEREN KULLANIMA HAZIR SIRINGA (1 ADET)",methotrexate,168,"serum concentration, risk or severity of adverse effects, therapeutic efficacy"
"MEKSRATU 15 MG/0,6 ML ENJ.SOL.ICEREN KULLANIMA HAZIR 1 ADET SIRINGA",methotrexate,168,"serum concentration, risk or severity of adverse effects, therapeutic efficacy"
"MEKSRATU 17,5 MG/0,7 ML ENJEKSIYONLUK COZELTI ICEREN KULLANIMA HAZIR SIRINGA (1 ADET)",methotrexate,168,"serum concentration, risk or severity of adverse effects, therapeutic efficacy"
"MEKSRATU 20 MG/0,8 ML ENJ. COZ. ICEREN KULL.HAZ. 1 SIRINGA",methotrexate,168,"serum concentration, risk or severity of adverse effects, therapeutic efficacy"
"MEKSRATU 22,5 MG/0,9 ML ENJEKSIYONLUK COZELTI ICEREN KULLANIMA HAZIR SIRINGA (1 ADET)",methotrexate,168,"serum concentration, risk or severity of adverse effects, therapeutic efficacy"
MEKSRATU 25 MG/1 ML ENJ. COZ. ICEREN KULL.HAZ. 1 SIRINGA,methotrexate,168,"serum concentration, risk or severity of adverse effects, therapeutic efficacy"
"MEKSRATU 7,5 MG/0,3 ML ENJEKSIYONLUK COZELTI ICEREN KULLANIMA HAZIR ENJEKTOR (1 ADET)",methotrexate,168,"serum concentration, risk or severity of adverse effects, therapeutic efficacy"
MEKSUN FORT 15 MG 10 TB,meloxicam,454,"risk or severity of adverse effects, metabolism, therapeutic efficacy"
MELANDA 10 MG 100 TB,memantine,182,"risk or severity of adverse effects, therapeutic efficacy, bradycardic activities"
MELANDA 10 MG 50 FTB,memantine,182,"risk or severity of adverse effects, therapeutic efficacy, bradycardic activities"
MELANDA 20 MG 28 FTB,memantine,182,"risk or severity of adverse effects, therapeutic efficacy, bradycardic activities"
MELANDA 20 MG 84 TB,memantine,182,"risk or severity of adverse effects, therapeutic efficacy, bradycardic activities"
MELANDA 5 MG/BASIS ORAL SOL 50 G,memantine,182,"risk or severity of adverse effects, therapeutic efficacy, bradycardic activities"
MELANDA 5 MG/BASIS ORAL SOLUSYON (MELANDA 10 MG/GR 100 GR ORAL DAMLA),memantine,182,"risk or severity of adverse effects, therapeutic efficacy, bradycardic activities"
MELANDA BASLANGIC PAKETI 28 FTB,memantine,182,"risk or severity of adverse effects, therapeutic efficacy, bradycardic activities"
MELANDA RAPID 10 MG AGIZDA DAGILAN 28 TB,memantine,182,"risk or severity of adverse effects, therapeutic efficacy, bradycardic activities"
MELANDA RAPID 20 MG AGIZDA DAGILAN 28 TB,memantine,182,"risk or severity of adverse effects, therapeutic efficacy, bradycardic activities"
MELCAM 15 MG 10 TB,meloxicam,454,"risk or severity of adverse effects, metabolism, therapeutic efficacy"
MELOGEN 1 MG/ML ORAL COZELTI (60 ML),melatonin,365,"risk or severity of adverse effects, metabolism, central nervous system depressant (CNS depressant) activities"
"MELOX 15 MG/1,5 ML 3 AMP",meloxicam,454,"risk or severity of adverse effects, metabolism, therapeutic efficacy"
MELOX 7.5 MG 10 TB,meloxicam,454,"risk or severity of adverse effects, metabolism, therapeutic efficacy"
MELOX FORTE 15 MG 10 TB,meloxicam,454,"risk or severity of adverse effects, metabolism, therapeutic efficacy"
MENEKLIN 600 MG/4 ML IM/IV 4 ML 1 AMP,clindamycin,126,"metabolism, serum concentration, neuromuscular blocking activities"
MEPACT 4 MG INF DISPERSIYON KONS ICIN TOZ,mifamurtide,100,therapeutic efficacy
MERESA 50 MG 30 KAP,sulpiride,418,"risk or severity of adverse effects, antipsychotic activities, anticholinergic activities"
MERESA FORT 200 MG TABLET,sulpiride,418,"risk or severity of adverse effects, antipsychotic activities, anticholinergic activities"
MEROSID IV 1 GR 1 FLK,meropenem,3,"serum concentration, therapeutic efficacy"
MEROSID IV 500 MG 1 FLK,meropenem,3,"serum concentration, therapeutic efficacy"
MERPURIN 50 MG 25 TB,mercaptopurine,33,"anticoagulant activities, risk or severity of adverse effects, cardiotoxic activities"
MESAFALK 4 G/60 G REKTAL SUSPANSIYON (7 ADET),mesalazine,443,"risk or severity of adverse effects, therapeutic efficacy, antihypertensive activities"
MESAIN 4 G/60 ML 7 REKTAL SUSPANSIYON,mesalazine,443,"risk or severity of adverse effects, therapeutic efficacy, antihypertensive activities"
MESAVIXA 4 G/60 G REKTAL SUSPANSIYON (7 ADET) (MESAFALK 4 G/60 G REKTAL SUSPANSIYON 7 ADET),mesalazine,443,"risk or severity of adverse effects, therapeutic efficacy, antihypertensive activities"
MESOSEL 4 G/60 G REKTAL SUSPANSIYON (7 ADET),mesalazine,443,"risk or severity of adverse effects, therapeutic efficacy, antihypertensive activities"
MESTINON 60 MG KAPLI TABLET (20 TABLET),pyridostigmine,146,"risk or severity of adverse effects, therapeutic efficacy, bradycardic activities"
METADEM 50 MG/2 ML I.M./I.V. ENJ COZ ICEREN 6 AMP,dexketoprofen,217,"risk or severity of adverse effects, thrombogenic activities, antiplatelet activities"
METFORIX 1000 MG 100 FILM TABLET (100 ADET),metformin,202,"therapeutic efficacy, hypoglycemic activities, serum concentration"
"METHOTREXATE EBEWE 2,5 MG 100 TB",methotrexate,168,"serum concentration, risk or severity of adverse effects, therapeutic efficacy"
METHOTREXATE KOCAK 50 MG/5 ML ENJEKSIYONLUK COZELTI,methotrexate,168,"serum concentration, risk or severity of adverse effects, therapeutic efficacy"
METHOTREXATE KOCAK 500 MG/20ML ENJEKSIYONLUK COZELTI (1 FLAKON),methotrexate,168,"serum concentration, risk or severity of adverse effects, therapeutic efficacy"
METICURE 20 MG IM/IV ENJ. ICIN LIYOF TOZ ICEREN 1 FLK,methylprednisolone,361,"risk or severity of adverse effects, serum concentration, therapeutic efficacy"
METICURE 250 MG IM/IV ENJ. ICIN LIYOF TOZ ICEREN 1 FLK,methylprednisolone,361,"risk or severity of adverse effects, serum concentration, therapeutic efficacy"
METICURE 40 MG IM/IV ENJ. ICIN LIYOFILIZE TOZ ICEREN 1 FLK,methylprednisolone,361,"risk or severity of adverse effects, serum concentration, therapeutic efficacy"
"METILER 0,125 MG KAPLI TABLET",methylergometrine,393,"risk or severity of adverse effects, hypertensive and vasoconstricting activities, serum concentration"
"METILER 0,2 MG/ML ENJEKSIYONLUK COZELTI",methylergometrine,393,"risk or severity of adverse effects, hypertensive and vasoconstricting activities, serum concentration"
METLOC 5 MG/5 ML IV INF ICIN COZ ICEREN 1 AMP,metoprolol,735,"serum concentration, metabolism, hypotensive activities"
"METOART CON 10MG/ 0,25 ML ENJEKSIYONLUK COZELTI ICEREN ENJEKTOR",methotrexate,168,"serum concentration, risk or severity of adverse effects, therapeutic efficacy"
"METOART CON 12,5 MG/ 0,3125 ML ENJEKSIYONLUK COZELTI ICEREN ENJEKTOR",methotrexate,168,"serum concentration, risk or severity of adverse effects, therapeutic efficacy"
"METOART CON 15 MG/ 0,375 ML ENJEKSIYONLUK COZELTI ICEREN ENJEKTOR",methotrexate,168,"serum concentration, risk or severity of adverse effects, therapeutic efficacy"
"METOART CON 17,5 MG/ 0,4375 ML ENJEKSIYONLUK COZELTI ICEREN ENJEKTOR",methotrexate,168,"serum concentration, risk or severity of adverse effects, therapeutic efficacy"
"METOART CON 20 MG/0,5 ML ENJEKSIYONLUK COZELTI ICEREN ENJEKTOR",methotrexate,168,"serum concentration, risk or severity of adverse effects, therapeutic efficacy"
"METOART CON 25 MG/ 0,625 ML ENJEKSIYONLUK COZELTI ICEREN ENJEKTOR",methotrexate,168,"serum concentration, risk or severity of adverse effects, therapeutic efficacy"
"METOART CON 7,5 MG/0,1875 ML ENJEKSIYONLUK COZELTI ICEREN ENJEKTOR",methotrexate,168,"serum concentration, risk or severity of adverse effects, therapeutic efficacy"
METPAMID 10 MG TABLET (30 TABLET),metoclopramide,370,"risk or severity of adverse effects, QTc-prolonging activities, therapeutic efficacy"
METPAMID 10 MG/2 ML ENJ COZ (5 X 2 ML AMP),metoclopramide,370,"risk or severity of adverse effects, QTc-prolonging activities, therapeutic efficacy"
METPAMID 5 MG/5 ML ORAL COZELTI (125 ML SISE),metoclopramide,370,"risk or severity of adverse effects, QTc-prolonging activities, therapeutic efficacy"
METRIN %5 30 GR DERI KREMI,permethrin,93,"metabolism, serum concentration"
METRIN %5 LOSYON (120 ML),permethrin,93,"metabolism, serum concentration"
METRIN 100 ML TIBBI SAMPUAN,permethrin,93,"metabolism, serum concentration"
METROSEL %0.5 IV 100 ML SOL (BIOSEL SETLI TORBA),metronidazole,211,"metabolism, QTc-prolonging activities, serum concentration"
METROSEL %0.5 IV 100 ML SOL (BIOSEL SETSIZ TORBA),metronidazole,211,"metabolism, QTc-prolonging activities, serum concentration"
MEXIA 10 MG 100 FTB,memantine,182,"risk or severity of adverse effects, therapeutic efficacy, bradycardic activities"
MEXIA 10 MG 28 FTB,memantine,182,"risk or severity of adverse effects, therapeutic efficacy, bradycardic activities"
MEXIA 20 MG 28 FTB,memantine,182,"risk or severity of adverse effects, therapeutic efficacy, bradycardic activities"
MEXIA 5 MG + 10 MG + 15 MG + 20 MG TEDAVIYE BASLAMA PAKETI 28 TABLET,memantine,182,"risk or severity of adverse effects, therapeutic efficacy, bradycardic activities"
MEXIA XR 14 MG 28 UZATILMIS SALINIMLI MIKROPELLET KAP,memantine,182,"risk or severity of adverse effects, therapeutic efficacy, bradycardic activities"
MEXIA XR 28 MG 28 UZATILMIS SALINIMLI MIKROPELLET KAP,memantine,182,"risk or severity of adverse effects, therapeutic efficacy, bradycardic activities"
MEXIA XR 7 MG + 14 MG + 21 MG + 28 MG TEDAVIYE BASLAMA PAKETI 28 UZATILMIS SALINIMLI MIKROPELLET KAPSUL,memantine,182,"risk or severity of adverse effects, therapeutic efficacy, bradycardic activities"
MEXTU 50 MG/2 ML IM/IV/IT ENJEKSIYON VE INFUZYON ICIN COZELTI ICEREN 1 FLK,methotrexate,168,"serum concentration, risk or severity of adverse effects, therapeutic efficacy"
MEXTU 500 MG/20 ML IM/IV/IA/IT ENJEKSIYONLUK COZELTI ICEREN 1 FLAKON,methotrexate,168,"serum concentration, risk or severity of adverse effects, therapeutic efficacy"
"MIAMBUTOL 500 MG TABLET, 50 ADET",ethambutol,2,"absorption, therapeutic efficacy"
MICARDIS 80 MG 28 TB,telmisartan,345,"risk or severity of adverse effects, hypotensive activities, serum concentration"
MICTONORM 15 MG KAPLI TABLET (56 DRAJE),propiverine,386,"risk or severity of adverse effects, vasoconstricting activities, metabolism"
MICTONORM 45 MG SR SUREKLI SALIMLI 30 KAPSUL,propiverine,386,"risk or severity of adverse effects, vasoconstricting activities, metabolism"
MICTONORM 5 MG 98 KAPLI TABLET,propiverine,386,"risk or severity of adverse effects, vasoconstricting activities, metabolism"
MICTONORM SR 30 MG SUREKLI SALINIMLI 30 KAP,propiverine,386,"risk or severity of adverse effects, vasoconstricting activities, metabolism"
MIDOLAM 15 MG/3 ML IM/IV REKTAL COZ ICEREN 5 AMP,midazolam,435,"risk or severity of adverse effects, serum concentration, metabolism"
MIGREOUT 10 MG EFERVESAN TABLET (6 EFERVESAN TABLET),rizatriptan,154,"risk or severity of adverse effects, metabolism, serum concentration"
MIGREX 2.5 MG 3 FTB,frovatriptan,153,"risk or severity of adverse effects, metabolism, serum concentration"
MIGREX 2.5 MG 6 FTB,frovatriptan,153,"risk or severity of adverse effects, metabolism, serum concentration"
MIKAFUNGUS 100 MG I.V. INFUZYONLUK COZELTI HAZIRLAMAK ICIN TOZ 1 FLAKON,micafungin,71,"therapeutic efficacy, serum concentration, metabolism"
MIKO-PENOTRAN 1200 MG 1 OVUL,miconazole,199,"serum concentration, metabolism, therapeutic efficacy"
MIKODERM %1 COZELTI,tolnaftate,69,"therapeutic efficacy, serum concentration, metabolism"
MIKODERM %1 MERHEM,tolnaftate,69,"therapeutic efficacy, serum concentration, metabolism"
MIKOSTATIN 100.000 IU/ML 48 DOZ SUSP,nystatin,78,"therapeutic efficacy, serum concentration, risk or severity of rhabdomyolysis"
MIKOTU 180 MG GASTRO REZISTAN TABLET (120 TABLET),mycophenolic acid,410,"risk or severity of adverse effects, serum concentration, therapeutic efficacy"
MIKOTU 360 MG GASTRO REZISTAN TABLET (120 TABLET ),mycophenolic acid,410,"risk or severity of adverse effects, serum concentration, therapeutic efficacy"
MILRICOR 10 MG/ 10 ML IV ENJ INF ICIN COZ ICEREN 1 AMP,milrinone,70,"anticoagulant activities, antiplatelet activities, risk or severity of adverse effects"
MINIRIN MELT 120 MCG ORAL LIYOFILIZAT 30 TB,desmopressin,143,"risk or severity of adverse effects, therapeutic efficacy"
MINIRIN MELT 60 MCG 30 TB,desmopressin,143,"risk or severity of adverse effects, therapeutic efficacy"
"MINOXIL %2 DERİ SPREYİ, ÇÖZELTİ, 60 ML",minoxidil,239,"hypotensive activities, risk or severity of adverse effects, antihypertensive activities"
"MINOXIL FORTE %5 DERİ SPREYİ, ÇÖZELTİ, 60 ML",minoxidil,239,"hypotensive activities, risk or severity of adverse effects, antihypertensive activities"
MIOSTAT %0.01 1.5 ML 1 FLK,carbachol,53,risk or severity of adverse effects
MIRTARON 30 MG 28 TB,mirtazapine,527,"central nervous system depressant (CNS depressant) activities, metabolism, risk or severity of adverse effects"
MISOL 100 MG 28 FTB,sertraline,777,"metabolism, risk or severity of adverse effects, serum concentration"
MISOL 50 MG 28 FTB,sertraline,777,"metabolism, risk or severity of adverse effects, serum concentration"
"MITOLON %0.1 GOZ DAMLASI, SUSPANSIYON",fluorometholone,300,"risk or severity of adverse effects, metabolism, serum concentration"
MITOXANTRONE-KOCAK 20 MG/10 ML IV INFUZYONLUK COZELTI ICEREN FLAKON,mitoxantrone,74,"serum concentration, risk or severity of adverse effects, cardiotoxic activities"
MIVUX 100 MG 28 FTB,lamivudine,16,"serum concentration, risk or severity of adverse effects, excretion rate of higher serum level"
MIXAGIN 100 MG INFUZYONLUK COZELTI HAZIRLAMADA KULLANILACAK KONSANTRE ICIN TOZ (1 FLAKON),micafungin,71,"therapeutic efficacy, serum concentration, metabolism"
MIXAGIN 50 MG INFUZYONLUK COZELTI HAZIRLAMADA KULLANILACAK KONSANTRE ICIN TOZ,micafungin,71,"therapeutic efficacy, serum concentration, metabolism"
MIYASTU 180 MG UZATILMIS SALIMLI 30 TABLET,pyridostigmine,146,"risk or severity of adverse effects, therapeutic efficacy, bradycardic activities"
MODIODAL 100 MG 30 TB,modafinil,256,"metabolism, serum concentration, risk or severity of adverse effects"
MODIOGEN 200 MG CENTIKLI TABLET (30 CENTIKLI TABLET),modafinil,256,"metabolism, serum concentration, risk or severity of adverse effects"
MODIWAKE 100 MG 30 TB,modafinil,256,"metabolism, serum concentration, risk or severity of adverse effects"
MODIWAKE 200 MG 30 TB,modafinil,256,"metabolism, serum concentration, risk or severity of adverse effects"
MOFECEPT 250 MG 100 KAP,mycophenolic acid,410,"risk or severity of adverse effects, serum concentration, therapeutic efficacy"
MOFECEPT 500 MG 50 FTB,mycophenolic acid,410,"risk or severity of adverse effects, serum concentration, therapeutic efficacy"
MOKSEFEN 400 MG 7 FTB,moxifloxacin,371,"QTc-prolonging activities, neuroexcitatory activities, risk or severity of adverse effects"
MOKSILOX 400 MG/250 ML IV INF. ICIN COZ (250 ML SETSIZ),moxifloxacin,371,"QTc-prolonging activities, neuroexcitatory activities, risk or severity of adverse effects"
MOLCEF 100 MG//5 ML ORAL SUSPANSIYON HAZIRLAMAK ICIN KURU TOZ 100 ML,cefixime,19,"nephrotoxic activities, anticoagulant activities, therapeutic efficacy"
MOLCEF 400 MG 10 FTB,cefixime,19,"nephrotoxic activities, anticoagulant activities, therapeutic efficacy"
MOLIT 20 MG/ML ENJEKSIYONLUK COZELTI,butylscopolamine,119,"risk or severity of adverse effects, therapeutic efficacy, serum concentration"
"MOMECON %0,05 BURUN SPREYI, SUSPANSİYON 140 DOZ, 18 G",mometasone,254,"risk or severity of adverse effects, serum concentration, hypokalemic activities"
"MOMECON %0,1 30 GR POMAT",mometasone,254,"risk or severity of adverse effects, serum concentration, hypokalemic activities"
"MOMECON %0,1 30 ML LOSYON",mometasone,254,"risk or severity of adverse effects, serum concentration, hypokalemic activities"
MOMECON %0.1 30 GR KREM,mometasone,254,"risk or severity of adverse effects, serum concentration, hypokalemic activities"
"MOMESALIC % 0,1 + %5 MERHEM (45 G)",mometasone,254,"risk or severity of adverse effects, serum concentration, hypokalemic activities"
"MOMESY % 0,05 BURUN SPREYI, SUSPANSIYON (1 SISE)",mometasone,254,"risk or severity of adverse effects, serum concentration, hypokalemic activities"
"MOMETIX AQ %0,05 BURUN SPREYI, SUSPANSIYON 18 GR",mometasone,254,"risk or severity of adverse effects, serum concentration, hypokalemic activities"
"MONALIZ %0,05 BURUN SPREYI",mometasone,254,"risk or severity of adverse effects, serum concentration, hypokalemic activities"
MONODOKS 100 MG 14 KAP,doxycycline,653,"metabolism, serum concentration, therapeutic efficacy"
MONODUR 60 MG 30 TB,isosorbide mononitrate,260,"risk or severity of adverse effects, metabolism, serum concentration"
MONOKET 20 MG 20 TB,isosorbide mononitrate,260,"risk or severity of adverse effects, metabolism, serum concentration"
MONOKET 40 MG 20 TB,isosorbide mononitrate,260,"risk or severity of adverse effects, metabolism, serum concentration"
MONOKET LONG 50 MG DEGISTIRILMIS SALIMLI KAPSUL,isosorbide mononitrate,260,"risk or severity of adverse effects, metabolism, serum concentration"
MONOPRIL 10 MG 28 TB,fosinopril,410,"risk or severity of adverse effects, hypotensive activities, serum concentration"
MONOPRIL 20 MG 28 TB,fosinopril,410,"risk or severity of adverse effects, hypotensive activities, serum concentration"
MONUROL 3 G GRANUL ICEREN SASE (1 SASE),fosfomycin,1,therapeutic efficacy
MOPEM 1 GR IV ENJEKTABL TOZ ICEREN 1 FLK,meropenem,3,"serum concentration, therapeutic efficacy"
MOPEM 500 MG IV ENJEKTABL TOZ ICEREN 1 FLK,meropenem,3,"serum concentration, therapeutic efficacy"
MORFIA 15 MG 30 TAB,morphine,608,"risk or severity of adverse effects, metabolism, serum concentration"
MORFIA 30 MG 30 TAB,morphine,608,"risk or severity of adverse effects, metabolism, serum concentration"
MORFIA CR 15 MG 20 FILM TABLET,morphine,608,"risk or severity of adverse effects, metabolism, serum concentration"
MORFIA CR 30 MG 20 FILM TABLET,morphine,608,"risk or severity of adverse effects, metabolism, serum concentration"
"MORFIN HIDROKLORUR 0,01 GR/1 ML 1 MLX10 AMP (OSEL)",morphine,608,"risk or severity of adverse effects, metabolism, serum concentration"
MORPHINE HCL 10 MG/ML 1ML 10 AMP (GALEN),morphine,608,"risk or severity of adverse effects, metabolism, serum concentration"
MOTIS 1 MG/ML ORAL SUSPANSIYON (200 ML),domperidone,276,"QTc-prolonging activities, serum concentration, metabolism"
MOTIS 10 MG 21TABLET,domperidone,276,"QTc-prolonging activities, serum concentration, metabolism"
MOTIVAL 100 MG 15 TB,nimesulide,494,"risk or severity of adverse effects, therapeutic efficacy, risk or severity of hypotension"
MOXACIN 400 MG/250 ML IV INF ICIN COZ ICEREN 1 FLK,moxifloxacin,371,"QTc-prolonging activities, neuroexcitatory activities, risk or severity of adverse effects"
"MOXAGUT % 0,5 GOZ DAMLASI. COZELTI (5 ML)",moxifloxacin,371,"QTc-prolonging activities, neuroexcitatory activities, risk or severity of adverse effects"
"MOXAI %0,5 GOZ DAMLASI",moxifloxacin,371,"QTc-prolonging activities, neuroexcitatory activities, risk or severity of adverse effects"
MOXAI 400 MG 7 FTB,moxifloxacin,371,"QTc-prolonging activities, neuroexcitatory activities, risk or severity of adverse effects"
MOXICUM 400 MG 7 FTB,moxifloxacin,371,"QTc-prolonging activities, neuroexcitatory activities, risk or severity of adverse effects"
MOXITAB 400 MG 7 FILM TABLET,moxifloxacin,371,"QTc-prolonging activities, neuroexcitatory activities, risk or severity of adverse effects"
MOXITEC 400 MG 5 FTB,moxifloxacin,371,"QTc-prolonging activities, neuroexcitatory activities, risk or severity of adverse effects"
MOXITEC 400 MG 7 FTB,moxifloxacin,371,"QTc-prolonging activities, neuroexcitatory activities, risk or severity of adverse effects"
MRSACIN 50 MG IV INF COZ. ICIN LIYO TOZ ICEREN 10 FLK,tigecycline,6,"therapeutic efficacy, serum concentration, absorption"
MUFINES 100 MG I.V. INFUZYONLUK COZELTI HAZIRLAMAK ICIN LIYOFILIZE TOZ,anidulafungin,69,"therapeutic efficacy, serum concentration, metabolism"
MUKOTIK 100 MG/5 ML COCUK SURUBU,carbocisteine,16,risk or severity of adverse effects
MUKOTIK 250 MG/5 ML SURUP,carbocisteine,16,risk or severity of adverse effects
MULTIFLEX LEVOFLEX 500 MG/100 ML IV INF COZ,levofloxacin,411,"QTc-prolonging activities, neuroexcitatory activities, risk or severity of adverse effects"
MULTISEF 500 MG IM ENJ TOZ ICEREN FLK,cefuroxime,46,"serum concentration, absorption, nephrotoxic activities"
MULTISEF IM 250 MG ENJ TOZ ICEREN FLK,cefuroxime,46,"serum concentration, absorption, nephrotoxic activities"
MULTISEF IM 750 MG ENJ TOZ ICEREN FLK,cefuroxime,46,"serum concentration, absorption, nephrotoxic activities"
MUPIDERM %2 MERHEM,mupirocin,1,therapeutic efficacy
MUPIRON %2 KREM (15 G),mupirocin,1,therapeutic efficacy
MUPIRON %2 MERHEM 15 GR,mupirocin,1,therapeutic efficacy
MUSCOFLEX 4 MG 20 KAP,thiocolchicoside,1,therapeutic efficacy
MUSCOFLEX 4 MG/2 ML I.M. ENJEKSIYONLUK COZELTI ICEREN AMPUL (6 AMPUL),thiocolchicoside,1,therapeutic efficacy
MUSCOFLEX 8 MG 10 KAP,thiocolchicoside,1,therapeutic efficacy
MUSCORIL 4 MG 2 ML 6 AMP,thiocolchicoside,1,therapeutic efficacy
MUSCORIL 4 MG 20 KAP,thiocolchicoside,1,therapeutic efficacy
MUSCORIL 8 MG 10 KAP,thiocolchicoside,1,therapeutic efficacy
MYCAMINE 100 MG INF COZ ICIN TOZ 1 FLK,micafungin,71,"therapeutic efficacy, serum concentration, metabolism"
MYCAMINE 50 MG INF COZ ICIN TOZ 1 FLK,micafungin,71,"therapeutic efficacy, serum concentration, metabolism"
MYCOBUTIN 150 MG 30 KAP,rifabutin,703,"metabolism, serum concentration, risk or severity of hypotension"
MYCOSPOR %1 10 GR KREM,bifonazole,96,"therapeutic efficacy, serum concentration, risk or severity of adverse effects"
MYDFRIN %2.5 5 ML GOZ DAMLASI,phenylephrine,135,"vasoconstricting activities, risk or severity of adverse effects, hypertensive activities"
"MYESED 20MG FILM KAPLI TABLET ,4 FILM TABLET",tadalafil,285,"antihypertensive activities, serum concentration, hypotensive activities"
MYFORTIC 180 MG 120 TB,mycophenolic acid,410,"risk or severity of adverse effects, serum concentration, therapeutic efficacy"
MYFORTIC 360 MG 120 TB,mycophenolic acid,410,"risk or severity of adverse effects, serum concentration, therapeutic efficacy"
MYLORGE 100 MG FILM KAPLI TABLET (30 ADET),dasatinib,666,"serum concentration, anticoagulant activities, absorption"
MYLORGE 20 MG FILM KAPLI TABLET (60 ADET),dasatinib,666,"serum concentration, anticoagulant activities, absorption"
MYLORGE 50 MG FILM KAPLI TABLET (60 ADET),dasatinib,666,"serum concentration, anticoagulant activities, absorption"
MYLORGE 70 MG FILM KAPLI TABLET (60 ADET),dasatinib,666,"serum concentration, anticoagulant activities, absorption"
"MYSOLINE 250 MG TABLET, 30 ADET",primidone,955,"metabolism, serum concentration, risk or severity of adverse effects"
"Melonisenk 3 mg Film Kaplı Tablet, 30 ADET",melatonin,365,"risk or severity of adverse effects, metabolism, central nervous system depressant (CNS depressant) activities"
"Melonisenk 5 mg Film Kaplı Tablet, 28 ADET",melatonin,365,"risk or severity of adverse effects, metabolism, central nervous system depressant (CNS depressant) activities"
"Myesed 5 mg Film Kaplı Tablet, 28 ADET",tadalafil,285,"antihypertensive activities, serum concentration, hypotensive activities"
"MİSİNTU 20 MG ENJEKSİYONLUK/İNFÜZYONLUK ÇÖZELTİ HAZIRLAMAK İÇİN TOZ , 1 ADET",mitomycin,38,"serum concentration, risk or severity of adverse effects, cardiotoxic activities"
"N-CORT %0,055 NAZAL SPREY 120 DOZ",triamcinolone,393,"risk or severity of adverse effects, metabolism, serum concentration"
N-FESS 10 MG 28 FTB,montelukast,121,"metabolism, serum concentration, therapeutic efficacy"
NAFDERILEX %1 30 GR KREM,naftifine,381,"risk or severity of adverse effects, therapeutic efficacy, antihypertensive activities"
NAFTIROX %1 KREM (30 GR),naftifine,381,"risk or severity of adverse effects, therapeutic efficacy, antihypertensive activities"
NAGLID 120 MG 84 TABLET,nateglinide,318,"metabolism, hypoglycemic activities, therapeutic efficacy"
NAPREN S FORTE 550 MG 20 FILM TABLET,naproxen,416,"risk or severity of adverse effects, metabolism, therapeutic efficacy"
NAPROSYN %10 50 GR JEL,naproxen,416,"risk or severity of adverse effects, metabolism, therapeutic efficacy"
NAPROSYN 500 MG 10 SUPP,naproxen,416,"risk or severity of adverse effects, metabolism, therapeutic efficacy"
NAPROSYN CR 750 MG UZATILMIS SALIMLI TABLET (10 TABLET),naproxen,416,"risk or severity of adverse effects, metabolism, therapeutic efficacy"
NAPROSYN FORT EC 500 MG 20 TB,naproxen,416,"risk or severity of adverse effects, metabolism, therapeutic efficacy"
"NAPROSYN PLUS %10 + %5 DERIYE UYGULANACAK SPREY, COZELTI (50 ML)",naproxen,416,"risk or severity of adverse effects, metabolism, therapeutic efficacy"
NAPROSYN PLUS 50 GR JEL,naproxen,416,"risk or severity of adverse effects, metabolism, therapeutic efficacy"
NASACORT AQ 55 MCG 120 DOZ NAZAL SPREY,triamcinolone,393,"risk or severity of adverse effects, metabolism, serum concentration"
"NASOVINE DUO 0,5 MG + 0,6 MG/ML BURUN SPREYI, COZELTI",xylometazoline,232,"hypotensive activities, vasoconstricting activities, atrioventricular blocking (AV block) activities"
NASOVINE NAZAL SPREY (10 ML),xylometazoline,232,"hypotensive activities, vasoconstricting activities, atrioventricular blocking (AV block) activities"
NASOVINE PEDIATRIK BURUN SPREYI,xylometazoline,232,"hypotensive activities, vasoconstricting activities, atrioventricular blocking (AV block) activities"
NASTIFRAN 10 MG/2 ML IM/IV ENJ. COZ. ICEREN 5 AMP,metoclopramide,370,"risk or severity of adverse effects, QTc-prolonging activities, therapeutic efficacy"
NATYSIN 10 MG 30 FILM TABLET,solifenacin,294,"metabolism, risk or severity of adverse effects, QTc-prolonging activities"
NATYSIN 5 MG 30 FILM TABLET,solifenacin,294,"metabolism, risk or severity of adverse effects, QTc-prolonging activities"
NAUZEX 8 MG/4 ML IV ENJ. COZ. ICEREN 1 FLK,ondansetron,519,"risk or severity of adverse effects, QTc-prolonging activities, metabolism"
NAVELBINE 20 MG 1 KAP,vinorelbine,191,"metabolism, serum concentration, risk or severity of adverse effects"
NAVELBINE 30 MG 1 KAP,vinorelbine,191,"metabolism, serum concentration, risk or severity of adverse effects"
NAXODER %1 30 G KREM,naftifine,381,"risk or severity of adverse effects, therapeutic efficacy, antihypertensive activities"
NAXODER %1 DERIYE UYGULANACAK SPREY 20 ML COZELTI,naftifine,381,"risk or severity of adverse effects, therapeutic efficacy, antihypertensive activities"
"NAZALASTIN 0,14 MG / PUSKURTME BURUN SPREYI, COZELTI (10 ML)",azelastine,791,"central nervous system depressant (CNS depressant) activities, risk or severity of adverse effects, metabolism"
"NAZETIN 0,14 MG/PUSKURTME BURUN SPREYI, COZELTI",azelastine,791,"central nervous system depressant (CNS depressant) activities, risk or severity of adverse effects, metabolism"
"NAZOFIX %0,05 BURUN SPREYI, SUSPANSIYON (18 G)",mometasone,254,"risk or severity of adverse effects, serum concentration, hypokalemic activities"
NAZOSTER %0.05 (50 MCG/DOZ) 140 DOZ NAZAL SPREY,mometasone,254,"risk or severity of adverse effects, serum concentration, hypokalemic activities"
"NEBIDO 250 MG/ML IM ENJEKSIYONLUK COZELTI ICEREN FLAKON, 1 ADET",testosterone,264,"metabolism, serum concentration, fluid retaining activities"
NECETAM 800 MG FILM KAPLI TABLET (30 TABLET),piracetam,4,risk or severity of adverse effects
NEFOVIR 245 MG 30 FTB,tenofovir disoproxil,271,"metabolism, risk or severity of adverse effects, serum concentration"
NEFROSET 30 MG 28 FILM TABLET,cinacalcet,309,"metabolism, serum concentration, serum concentration of active metabolites"
NEFROSET 60 MG 28 FILM TABLET,cinacalcet,309,"metabolism, serum concentration, serum concentration of active metabolites"
NEFROSET 90 MG 28 FILM TABLET,cinacalcet,309,"metabolism, serum concentration, serum concentration of active metabolites"
"NEOFLEKS %0,5 METRONIDAZOL I.V. ENJ COZ 100 ML SETSIZ (TURKTIPSAN)",metronidazole,211,"metabolism, QTc-prolonging activities, serum concentration"
"NEOFLEKS %0,9 IZOTONIK SODYUM KLORUR SUDAKI COZELTISI 100 ML PP TORBA SETLI",sodium chloride,1,risk or severity of adverse effects
"NEOFLEKS %0,9 IZOTONIK SODYUM KLORUR SUDAKI COZELTISI 100 ML PP TORBA SETSIZ",sodium chloride,1,risk or severity of adverse effects
"NEOFLEKS %0,9 IZOTONIK SODYUM KLORUR SUDAKI COZELTISI 150 ML PP TORBA SETLI",sodium chloride,1,risk or severity of adverse effects
"NEOFLEKS %0,9 IZOTONIK SODYUM KLORUR SUDAKI COZELTISI 150 ML PP TORBA SETSIZ",sodium chloride,1,risk or severity of adverse effects
"NEOFLEKS %0,9 IZOTONIK SODYUM KLORUR SUDAKI COZELTISI 250 ML PP TORBA SETLI",sodium chloride,1,risk or severity of adverse effects
"NEOFLEKS %0,9 IZOTONIK SODYUM KLORUR SUDAKI COZELTISI 250 ML PP TORBA SETSIZ",sodium chloride,1,risk or severity of adverse effects
"NEOFLEKS %0,9 IZOTONIK SODYUM KLORUR SUDAKI COZELTISI 3000 ML SETLI PP TORBA",sodium chloride,1,risk or severity of adverse effects
"NEOFLEKS %0,9 IZOTONIK SODYUM KLORUR SUDAKI COZELTISI 50 ML PP TORBA SETLI",sodium chloride,1,risk or severity of adverse effects
"NEOFLEKS %0,9 IZOTONIK SODYUM KLORUR SUDAKI COZELTISI 50 ML PP TORBA SETSIZ",sodium chloride,1,risk or severity of adverse effects
"NEOFLEKS %0,9 IZOTONIK SODYUM KLORUR SUDAKI COZELTISI PP-TORBA 1000 ML(SETLI)",sodium chloride,1,risk or severity of adverse effects
"NEOFLEKS %0,9 IZOTONIK SODYUM KLORUR SUDAKI COZELTISI PP-TORBA 1000 ML(SETSIZ)",sodium chloride,1,risk or severity of adverse effects
"NEOFLEKS %0,9 IZOTONIK SODYUM KLORUR SUDAKI COZELTISI PP-TORBA 500 ML(SETLI)",sodium chloride,1,risk or severity of adverse effects
"NEOFLEKS %0,9 IZOTONIK SODYUM KLORUR SUDAKI COZELTISI PP-TORBA 500 ML(SETSIZ)",sodium chloride,1,risk or severity of adverse effects
"NEOFLEKS %0,9 IZOTONIK SODYUM KLORUR SUDAKI COZELTISII 3000 ML SETSIZ PP TORBA",sodium chloride,1,risk or severity of adverse effects
NEOFLEKS %0.2 TEOFILIN %4.55 DEKSTROZ IV ENJEKSIYONLUK COZELTI 100 ML(SETSIZ),theophylline,536,"metabolism, serum concentration, antihypertensive activities"
NEOFLEKS %20 MANNITOL SUDAKI COZELTISI 100 ML (SETLI),mannitol,219,"risk or severity of adverse effects, hypotensive activities, nephrotoxic activities"
NEOFLEKS %20 MANNITOL SUDAKI COZELTISI 100 ML (SETSIZ),mannitol,219,"risk or severity of adverse effects, hypotensive activities, nephrotoxic activities"
NEOFLEKS %20 MANNITOL SUDAKI COZELTISI 1000 ML (SETLI),mannitol,219,"risk or severity of adverse effects, hypotensive activities, nephrotoxic activities"
NEOFLEKS %20 MANNITOL SUDAKI COZELTISI 1000 ML (SETSIZ),mannitol,219,"risk or severity of adverse effects, hypotensive activities, nephrotoxic activities"
NEOFLEKS %20 MANNITOL SUDAKI COZELTISI 150 ML (SETLI),mannitol,219,"risk or severity of adverse effects, hypotensive activities, nephrotoxic activities"
NEOFLEKS %20 MANNITOL SUDAKI COZELTISI 150 ML (SETSIZ),mannitol,219,"risk or severity of adverse effects, hypotensive activities, nephrotoxic activities"
NEOFLEKS %20 MANNITOL SUDAKI COZELTISI 250 ML (SETLI),mannitol,219,"risk or severity of adverse effects, hypotensive activities, nephrotoxic activities"
NEOFLEKS %20 MANNITOL SUDAKI COZELTISI 250 ML (SETSIZ),mannitol,219,"risk or severity of adverse effects, hypotensive activities, nephrotoxic activities"
NEOFLEKS %20 MANNITOL SUDAKI COZELTISI 500 ML (SETLI),mannitol,219,"risk or severity of adverse effects, hypotensive activities, nephrotoxic activities"
NEOFLEKS %20 MANNITOL SUDAKI COZELTISI 500 ML (SETSIZ),mannitol,219,"risk or severity of adverse effects, hypotensive activities, nephrotoxic activities"
NEOFLEKS %3 HIPERTONIK SODYUM KLORUR 150 ML SOL (TURKTIPSAN SETLI),sodium chloride,1,risk or severity of adverse effects
NEOFLEKS %3 HIPERTONIK SODYUM KLORUR 150 ML SOL (TURKTIPSAN SETSIZ),sodium chloride,1,risk or severity of adverse effects
NEOFLEKS %3 HIPERTONIK SODYUM KLORUR 250 ML SOL (TURKTIPSAN SETLI ),sodium chloride,1,risk or severity of adverse effects
NEOFLEKS %3 HIPERTONIK SODYUM KLORUR 250 ML SOL (TURKTIPSAN SETSIZ),sodium chloride,1,risk or severity of adverse effects
NEOFLEKS %3 SODYUM KLORUR HIPERTONIK 100 ML SOL (TURKTIPSAN SETLI),sodium chloride,1,risk or severity of adverse effects
NEOFLEKS %3 SODYUM KLORUR HIPERTONIK 100 ML SOL (TURKTIPSAN SETSIZ),sodium chloride,1,risk or severity of adverse effects
NEOFLEKS %5 MANNITOL IRIGASYON COZELTISI 3000 ML SETLI,mannitol,219,"risk or severity of adverse effects, hypotensive activities, nephrotoxic activities"
NEOFLEKS %5 MANNITOL IRIGASYON COZELTISI 3000 ML SETSIZ,mannitol,219,"risk or severity of adverse effects, hypotensive activities, nephrotoxic activities"
NEOMIDANTAN 100 MG 50 SERT KAPSUL,amantadine,116,"QTc-prolonging activities, therapeutic efficacy, serum concentration"
NEOSET 3 MG/3 ML I.V.INFUZYON ICIN COZELTI ICEREN 1 AMP,granisetron,269,"QTc-prolonging activities, metabolism, serotonergic activities"
"NEOSTIGMINE 0,5 MG/ML ENJEKSIYONLUK COZELTI",neostigmine,157,"risk or severity of adverse effects, therapeutic efficacy, bradycardic activities"
NEPITIN 600 MG 50 CENTIKLI TB,gabapentin,389,"risk or severity of adverse effects, therapeutic efficacy, risk or severity of hypotension"
NEPITIN 800 MG 50 CENTIKLI TB,gabapentin,389,"risk or severity of adverse effects, therapeutic efficacy, risk or severity of hypotension"
NERUDA 250 MG/5 ML ORAL COZ,gabapentin,389,"risk or severity of adverse effects, therapeutic efficacy, risk or severity of hypotension"
NERUDA 300 MG 50 FTB,gabapentin,389,"risk or severity of adverse effects, therapeutic efficacy, risk or severity of hypotension"
NERUDA 400 MG 50 FTB,gabapentin,389,"risk or severity of adverse effects, therapeutic efficacy, risk or severity of hypotension"
NERUDA 600 MG 50 FTB,gabapentin,389,"risk or severity of adverse effects, therapeutic efficacy, risk or severity of hypotension"
NERUDA 800 MG 50 FTB,gabapentin,389,"risk or severity of adverse effects, therapeutic efficacy, risk or severity of hypotension"
NERVIUM 5 MG 50 TB,diazepam,442,"risk or severity of adverse effects, metabolism, serum concentration"
NERVOGIL 1 MG 30 TB,rasagiline,475,"risk or severity of adverse effects, hypotensive activities, hypertensive activities"
NETFEN 200 MG SR 16 KPS,flurbiprofen,396,"risk or severity of adverse effects, metabolism, therapeutic efficacy"
"NETILCIN %0.3 GOZ DAMLASI, COZELTI",netilmicin,185,"excretion rate of higher serum level, serum concentration, nephrotoxic activities"
"NETILGUT % 0.3 GOZ DAMLASI, COZELTI (5 ML)",netilmicin,185,"excretion rate of higher serum level, serum concentration, nephrotoxic activities"
"NETIRA %0,3 GOZ DAMLASI, COZELTI (5 ML)",netilmicin,185,"excretion rate of higher serum level, serum concentration, nephrotoxic activities"
"NETIRA TEK DOZ %0,3 GOZ DAMLASI, COZELTI",netilmicin,185,"excretion rate of higher serum level, serum concentration, nephrotoxic activities"
NETROLEX 100 MG/ML ORAL COZ 150 ML,levetiracetam,380,"risk or severity of adverse effects, therapeutic efficacy, risk or severity of hypotension"
NETROLEX 100 MG/ML ORAL COZ. 300 ML,levetiracetam,380,"risk or severity of adverse effects, therapeutic efficacy, risk or severity of hypotension"
NETROLEX 1000 MG 50 FTB,levetiracetam,380,"risk or severity of adverse effects, therapeutic efficacy, risk or severity of hypotension"
NETROLEX 250 MG 50 FTB,levetiracetam,380,"risk or severity of adverse effects, therapeutic efficacy, risk or severity of hypotension"
NETROLEX 500 MG 50 FTB,levetiracetam,380,"risk or severity of adverse effects, therapeutic efficacy, risk or severity of hypotension"
NETROLEX XR 1000 MG 50 TB,levetiracetam,380,"risk or severity of adverse effects, therapeutic efficacy, risk or severity of hypotension"
NETROLEX XR 500 MG 50 TB,levetiracetam,380,"risk or severity of adverse effects, therapeutic efficacy, risk or severity of hypotension"
NETROLEX XR 750 MG 50 TAB,levetiracetam,380,"risk or severity of adverse effects, therapeutic efficacy, risk or severity of hypotension"
"NEURONTIN 100 MG KAPSUL, 20 ADET",gabapentin,389,"risk or severity of adverse effects, therapeutic efficacy, risk or severity of hypotension"
NEURONTIN 300 MG 50 KAP,gabapentin,389,"risk or severity of adverse effects, therapeutic efficacy, risk or severity of hypotension"
NEURONTIN 400 MG 50 KAP,gabapentin,389,"risk or severity of adverse effects, therapeutic efficacy, risk or severity of hypotension"
NEURONTIN 600 MG 50 FTB,gabapentin,389,"risk or severity of adverse effects, therapeutic efficacy, risk or severity of hypotension"
NEURONTIN 800 MG 50 FTB,gabapentin,389,"risk or severity of adverse effects, therapeutic efficacy, risk or severity of hypotension"
"NEUTAXAN 60 MG/1,5 ML INF ICIN KONS COZ ICEREN 1 FLK",cabazitaxel,327,"risk or severity of adverse effects, serum concentration, metabolism"
NEVAKSON IM 1 GR 1 FLK,ceftriaxone,28,"nephrotoxic activities, risk or severity of adverse effects, anticoagulant activities"
NEVAKSON IM 500 MG 1 FLK,ceftriaxone,28,"nephrotoxic activities, risk or severity of adverse effects, anticoagulant activities"
NEVAKSON IV 1 GR 1 FLK,ceftriaxone,28,"nephrotoxic activities, risk or severity of adverse effects, anticoagulant activities"
NEVIMOL 10 MG 28 TABLET,nebivolol,523,"hypotensive activities, antihypertensive activities, serum concentration"
NEVIMOL 5 MG 28 TABLET,nebivolol,523,"hypotensive activities, antihypertensive activities, serum concentration"
NEVOFAM 20 MG 60 TABLET,famotidine,144,"QTc-prolonging activities, metabolism, serum concentration"
NEVOFAM 40 MG 30 TB,famotidine,144,"QTc-prolonging activities, metabolism, serum concentration"
"NEVOTEK 500 MG FILM KAPLI TABLET, 7 ADET",levofloxacin,411,"QTc-prolonging activities, neuroexcitatory activities, risk or severity of adverse effects"
"NEWAGRA 100 MG FİLM KAPLI TABLET, 4 ADET",sildenafil,763,"metabolism, serum concentration, antihypertensive activities"
"NEWAGRA 50 MG FİLM KAPLI TABLET, 4 ADET",sildenafil,763,"metabolism, serum concentration, antihypertensive activities"
NEXAVAR 200 MG 112 FTB,sorafenib,411,"metabolism, serum concentration, QTc-prolonging activities"
NEXETIN 20 MG 28 KAP,duloxetine,740,"risk or severity of adverse effects, metabolism, orthostatic hypotensive activities"
NEXETIN 40 MG 28 KAP,duloxetine,740,"risk or severity of adverse effects, metabolism, orthostatic hypotensive activities"
NEXIUM 20 MG 28 ENTERIK KAPLI PELLET TB,esomeprazole,277,"metabolism, serum concentration, therapeutic efficacy"
NEXIUM 40 MG 28 ENTERIK KAPLI PELLET TB,esomeprazole,277,"metabolism, serum concentration, therapeutic efficacy"
NEXIVOL 10 MG 28 TB,nebivolol,523,"hypotensive activities, antihypertensive activities, serum concentration"
NEXIVOL 5 MG 28 TB,nebivolol,523,"hypotensive activities, antihypertensive activities, serum concentration"
"NEXPLANON 68 MG IMPLANT, 1 ADET",etonogestrel,169,"therapeutic efficacy, serum concentration, metabolism"
NEXSTEP 40 MG 28 ENTERIK KAPLI TB,esomeprazole,277,"metabolism, serum concentration, therapeutic efficacy"
NIBTU 100 MG FILM KAPLI TABLET (120 TABLET),imatinib,622,"metabolism, serum concentration, risk or severity of adverse effects"
NIBTU 400 MG FILM KAPLI TABLET (30 TABLET),imatinib,622,"metabolism, serum concentration, risk or severity of adverse effects"
NIBULEN %1 20 GR KREM,ciclopirox,69,"therapeutic efficacy, serum concentration, metabolism"
NIBULEN %1 20 ML DERMAL SOL,ciclopirox,69,"therapeutic efficacy, serum concentration, metabolism"
NIBULEN %8 TIRNAK CILASI SETI,ciclopirox,69,"therapeutic efficacy, serum concentration, metabolism"
"NICORETTE FRESHFRUIT 2 MG MEYVELI SAKIZ, 105 ADET",nicotine,306,"metabolism, risk or severity of adverse effects, serum concentration"
"NICORETTE FRESHFRUIT 2 MG MEYVELI SAKIZ, 30 ADET",nicotine,306,"metabolism, risk or severity of adverse effects, serum concentration"
"NICORETTE FRESHFRUIT 4 MG MEYVELI SAKIZ, 30 ADET",nicotine,306,"metabolism, risk or severity of adverse effects, serum concentration"
"NICORETTE FRESHMINT 2 MG NANELI SAKIZ, 105 ADET",nicotine,306,"metabolism, risk or severity of adverse effects, serum concentration"
"NICORETTE FRESHMINT 2 MG NANELI SAKIZ, 30 ADET",nicotine,306,"metabolism, risk or severity of adverse effects, serum concentration"
"NICORETTE FRESHMINT 4 MG NANELI SAKIZ, 30 ADET",nicotine,306,"metabolism, risk or severity of adverse effects, serum concentration"
"NICORETTE INVISI 10 MG/16 SAAT TRANSDERMAL FLASTER, 7 ADET",nicotine,306,"metabolism, risk or severity of adverse effects, serum concentration"
"NICORETTE INVISI 15 MG/16 SAAT TRANSDERMAL FLASTER, 7 ADET",nicotine,306,"metabolism, risk or severity of adverse effects, serum concentration"
"NICORETTE INVISI 25 MG/16 SAAT TRANSDERMAL FLASTER, 7 ADET",nicotine,306,"metabolism, risk or severity of adverse effects, serum concentration"
NIDAZOL 200 MG/5 ML 100 ML SUSP,metronidazole,211,"metabolism, QTc-prolonging activities, serum concentration"
NIDAZOL 250 MG 20 FTB,metronidazole,211,"metabolism, QTc-prolonging activities, serum concentration"
NIDAZOL 50 MG/5 ML 100 ML SUSP,metronidazole,211,"metabolism, QTc-prolonging activities, serum concentration"
NIDAZOL 500 MG 20 FTB,metronidazole,211,"metabolism, QTc-prolonging activities, serum concentration"
NIDICARD 10 MG 30 YUM JELATIN KAP,nifedipine,438,"risk or severity of adverse effects, metabolism, serum concentration"
NIMEJEL %3 JEL (30 GR),nimesulide,494,"risk or severity of adverse effects, therapeutic efficacy, risk or severity of hypotension"
NIMEKSIL JEL % 1 30 GR JEL,nimesulide,494,"risk or severity of adverse effects, therapeutic efficacy, risk or severity of hypotension"
NIMELID %1 30 GR JEL,nimesulide,494,"risk or severity of adverse effects, therapeutic efficacy, risk or severity of hypotension"
NIMELID 100 MG 15 TB,nimesulide,494,"risk or severity of adverse effects, therapeutic efficacy, risk or severity of hypotension"
NIMES %1 30 GR TOPIKAL JEL,nimesulide,494,"risk or severity of adverse effects, therapeutic efficacy, risk or severity of hypotension"
NIMES 100 MG 15 TB,nimesulide,494,"risk or severity of adverse effects, therapeutic efficacy, risk or severity of hypotension"
"NIMIDO PLUS %1 + %5 DERIYE UYGULANACAK SPREY, COZELTI",nimesulide,494,"risk or severity of adverse effects, therapeutic efficacy, risk or severity of hypotension"
NIMOKAIN %1+%5 JEL 50 G,nimesulide,494,"risk or severity of adverse effects, therapeutic efficacy, risk or severity of hypotension"
NIMOTOP 10 MG/50 ML 1 FLK,nimodipine,399,"hypotensive activities, serum concentration, risk or severity of adverse effects"
NIMOTOP 30 MG 30 FTB,nimodipine,399,"hypotensive activities, serum concentration, risk or severity of adverse effects"
NINAX 25 MG/10 ML IV INFUZYON ICIN KONSANTRE COZELTI ICEREN 1 AMPUL,nicardipine,796,"metabolism, hypotensive activities, serum concentration"
"NINLARO 2,3 MG 3 KAPSUL",ixazomib,227,"metabolism, serum concentration, risk or severity of adverse effects"
NINLARO 3 MG 3 KAPSUL,ixazomib,227,"metabolism, serum concentration, risk or severity of adverse effects"
NINLARO 4 MG 3 KAPSUL,ixazomib,227,"metabolism, serum concentration, risk or severity of adverse effects"
NIOSTA 100000 U/ML ORAL SUSPANSIYON 48 ML,nystatin,78,"therapeutic efficacy, serum concentration, risk or severity of rhabdomyolysis"
NIPIDOL 10 MG 20 TB,amlodipine,435,"hypotensive activities, risk or severity of adverse effects, metabolism"
NIPIDOL 10 MG 30 TB,amlodipine,435,"hypotensive activities, risk or severity of adverse effects, metabolism"
NIPIDOL 5 MG 20 TB,amlodipine,435,"hypotensive activities, risk or severity of adverse effects, metabolism"
NIPIDOL 5 MG 30 TB,amlodipine,435,"hypotensive activities, risk or severity of adverse effects, metabolism"
NITINAB 200 MG SERT KAPSUL (112 KAPSUL),nilotinib,741,"metabolism, serum concentration, QTc-prolonging activities"
"NOBİCİA 5 MG FİLM KAPLI TABLET, 28 ADET",tadalafil,285,"antihypertensive activities, serum concentration, hypotensive activities"
NOKREV 50 MG FILM KAPLI TABLET,naltrexone,48,"therapeutic efficacy, serum concentration, risk or severity of adverse effects"
NOOTROPIL 1 GR/5 ML 5 ML 12 AMP,piracetam,4,risk or severity of adverse effects
NOOTROPIL 200 MG/ML 200 ML SURUP,piracetam,4,risk or severity of adverse effects
NOOTROPIL 800 MG 30 FTB,piracetam,4,risk or severity of adverse effects
NORLOPIN 10 MG 30 TB,amlodipine,435,"hypotensive activities, risk or severity of adverse effects, metabolism"
NORLOPIN 5 MG 20 TB,amlodipine,435,"hypotensive activities, risk or severity of adverse effects, metabolism"
NORMOPRES 10 MG 30 TB,amlodipine,435,"hypotensive activities, risk or severity of adverse effects, metabolism"
NORMOPRES 5 MG 30 TB,amlodipine,435,"hypotensive activities, risk or severity of adverse effects, metabolism"
NORODOL 10 MG 30 TB,haloperidol,712,"risk or severity of adverse effects, metabolism, QTc-prolonging activities"
NORODOL 2 MG/ML 20 ML DAMLA,haloperidol,712,"risk or severity of adverse effects, metabolism, QTc-prolonging activities"
NORODOL 20 MG 20 TB,haloperidol,712,"risk or severity of adverse effects, metabolism, QTc-prolonging activities"
NORODOL 5 MG 50 TB,haloperidol,712,"risk or severity of adverse effects, metabolism, QTc-prolonging activities"
NORODOL 5 MG/ML 1 ML 5 AMP,haloperidol,712,"risk or severity of adverse effects, metabolism, QTc-prolonging activities"
NORODOL 5 MG/ML 2 ML 5 AMP,haloperidol,712,"risk or severity of adverse effects, metabolism, QTc-prolonging activities"
NORODOL DEKANOAT 150 MG/3 ML IM ENJ. ICIN COZELTI 3 ML 1 AMP,haloperidol,712,"risk or severity of adverse effects, metabolism, QTc-prolonging activities"
NORODOL DEKANOAT 50 MG/ML IM ENJ. ICIN COZELTI 1 ML 1 AMP,haloperidol,712,"risk or severity of adverse effects, metabolism, QTc-prolonging activities"
"NORSOL %1 FORTE GOZ KULAK DAMLASI, COZELTI (5 ML)",prednisolone,365,"risk or severity of adverse effects, serum concentration, therapeutic efficacy"
NORVASC 10 MG 30 TB,amlodipine,435,"hypotensive activities, risk or severity of adverse effects, metabolism"
NORVASC 10 MG 90 TAB,amlodipine,435,"hypotensive activities, risk or severity of adverse effects, metabolism"
NORVASC 5 MG 30 TB,amlodipine,435,"hypotensive activities, risk or severity of adverse effects, metabolism"
NORVASC 5 MG 90 TAB,amlodipine,435,"hypotensive activities, risk or severity of adverse effects, metabolism"
NORVIR 100 MG 30 FTB,ritonavir,450,"metabolism, serum concentration, QTc-prolonging activities"
NOTTA 10 MG FILM KAPLI TABLET (28 TABLET),montelukast,121,"metabolism, serum concentration, therapeutic efficacy"
NOTTA 4 MG 28 CIGNEME TB,montelukast,121,"metabolism, serum concentration, therapeutic efficacy"
NOTTA 5 MG 28 CIGNEME TB,montelukast,121,"metabolism, serum concentration, therapeutic efficacy"
NOVAVIR 75 MG SERT KAPSUL (10 ADET),oseltamivir,1,serum concentration of active metabolites
NOVOSEF IM 1 GR 1 FLK,ceftriaxone,28,"nephrotoxic activities, risk or severity of adverse effects, anticoagulant activities"
NOVOSEF IM 500 MG 1 FLK,ceftriaxone,28,"nephrotoxic activities, risk or severity of adverse effects, anticoagulant activities"
NOVOSEF IV 1 GR 1 FLK,ceftriaxone,28,"nephrotoxic activities, risk or severity of adverse effects, anticoagulant activities"
NOVOSEF IV 500 MG 1 FLK,ceftriaxone,28,"nephrotoxic activities, risk or severity of adverse effects, anticoagulant activities"
NOXAFIL 100 MG 24 ENTERIK TABLET,posaconazole,678,"metabolism, serum concentration, therapeutic efficacy"
NOXAFIL 300 MG INFUZYON ICIN KONSANTRE COZELTI,posaconazole,678,"metabolism, serum concentration, therapeutic efficacy"
NOXAFIL 40 MG/ML 105 ML ORAL SUSPANSIYON,posaconazole,678,"metabolism, serum concentration, therapeutic efficacy"
"NTCAIN 100 MG/10 ML IM AMPUL, 50 ADET",procaine,533,"risk or severity of adverse effects, hypotensive activities, hypertensive activities"
NUVIGIL 150 MG 30 TABLET,armodafinil,170,"metabolism, serum concentration"
"NİCORETTE QUİCKMİST 1 MG/SPREY MEYVELİ ORAL MUKOZAYA UYGULANACAK SPREY, ÇÖZELTİ , 1 ADET",nicotine,306,"metabolism, risk or severity of adverse effects, serum concentration"
"NİCORETTE QUİCKMİST 1 MG/SPREY MEYVELİ ORAL MUKOZAYA UYGULANACAK SPREY, ÇÖZELTİ , 2 ADET",nicotine,306,"metabolism, risk or severity of adverse effects, serum concentration"
"NİCORETTE QUİCKMİST 1 MG/SPREY NANELİ ORAL MUKOZAYA UYGULANACAK SPREY, ÇÖZELTİ , 1 ADET",nicotine,306,"metabolism, risk or severity of adverse effects, serum concentration"
"NİCORETTE QUİCKMİST 1 MG/SPREY NANELİ ORAL MUKOZAYA UYGULANACAK SPREY, ÇÖZELTİ , 2 ADET",nicotine,306,"metabolism, risk or severity of adverse effects, serum concentration"
"OBRAMIS %0,3 GOZ DAMLASI 5 ML COZELTI",tobramycin,185,"excretion rate of higher serum level, serum concentration, nephrotoxic activities"
OCERAL %1 10 GR KREM,oxiconazole,114,"therapeutic efficacy, metabolism, serum concentration"
OCERAL %1 20 ML SOL,oxiconazole,114,"therapeutic efficacy, metabolism, serum concentration"
OCLADRA 2 MG/ML ENJEKSIYONLUK COZELTI ICEREN 1 FLK,cladribine,25,"serum concentration, risk or severity of adverse effects, cardiotoxic activities"
OCTOSTIM 15 MCG/ML 1 ML 1 AMP,desmopressin,143,"risk or severity of adverse effects, therapeutic efficacy"
ODOMZO 200 MG SERT KAPSUL (30 KAPSUL),sonidegib,93,"serum concentration, cardiotoxic activities, risk or severity of adverse effects"
OFERTA 10 MG 28 FTB,olanzapine,622,"risk or severity of adverse effects, antihypertensive activities, vasoconstricting activities"
OFERTA 5 MG 28 FTB,olanzapine,622,"risk or severity of adverse effects, antihypertensive activities, vasoconstricting activities"
"OFERTA 7,5 MG 28 FTB",olanzapine,622,"risk or severity of adverse effects, antihypertensive activities, vasoconstricting activities"
OFEV 100 MG 60 YUMUSAK KAPSUL,nintedanib,150,"serum concentration, risk or severity of adverse effects, cardiotoxic activities"
OFEV 150 MG 60 YUMUSAK KAPSUL,nintedanib,150,"serum concentration, risk or severity of adverse effects, cardiotoxic activities"
"OFNOL %0,1 STERIL OFTALMIK COZELTI",olopatadine,670,"risk or severity of adverse effects, metabolism, therapeutic efficacy"
"OFNOL FRESH % 0.1 + %0.15 STERİL OFTALMİK ÇÖZELTİ, 1 ADET",olopatadine,670,"risk or severity of adverse effects, metabolism, therapeutic efficacy"
"OFNOL-S %0,2 STERIL OFTALMIK COZ 2,5 ML",olopatadine,670,"risk or severity of adverse effects, metabolism, therapeutic efficacy"
"OFTAMYCIN % 0,3 STERIL GOZ DAMLASI 5 ML",tobramycin,185,"excretion rate of higher serum level, serum concentration, nephrotoxic activities"
"OFTİFEN % 0,025 TEK DOZLUK GÖZ DAMLASI, ÇÖZELTİ",ketotifen,12,"sedative activities, diagnostic agent, therapeutic efficacy"
OKSAMEN 20 MG 10 FTB,tenoxicam,396,"risk or severity of adverse effects, metabolism, therapeutic efficacy"
OKSAMEN-L 20 MG 1 FLK,tenoxicam,396,"risk or severity of adverse effects, metabolism, therapeutic efficacy"
"OLADIN % 0,1 GOZ DAMLASI, COZELTI (5 ML)",olopatadine,670,"risk or severity of adverse effects, metabolism, therapeutic efficacy"
OLAXINN 10 MG 28 AGIZDA DAGILAN TB,olanzapine,622,"risk or severity of adverse effects, antihypertensive activities, vasoconstricting activities"
OLAXINN 15 MG 28 AGIZDA DAGILAN TB,olanzapine,622,"risk or severity of adverse effects, antihypertensive activities, vasoconstricting activities"
OLAXINN 20 MG 28 AGIZDA DAGILAN TB,olanzapine,622,"risk or severity of adverse effects, antihypertensive activities, vasoconstricting activities"
OLAXINN 5 MG 28 AGIZDA DAGILAN TB,olanzapine,622,"risk or severity of adverse effects, antihypertensive activities, vasoconstricting activities"
OLFREX 10 MG 28 TB,olanzapine,622,"risk or severity of adverse effects, antihypertensive activities, vasoconstricting activities"
OLFREX 15 MG 28 FTB,olanzapine,622,"risk or severity of adverse effects, antihypertensive activities, vasoconstricting activities"
"OLFREX 2,5 MG 28 FTB",olanzapine,622,"risk or severity of adverse effects, antihypertensive activities, vasoconstricting activities"
OLFREX 20 MG 28 FTB,olanzapine,622,"risk or severity of adverse effects, antihypertensive activities, vasoconstricting activities"
OLFREX 5 MG 28 FTB,olanzapine,622,"risk or severity of adverse effects, antihypertensive activities, vasoconstricting activities"
OLFREX EASY TAB 10 MG 28 AGIZDA DAGILAN TB,olanzapine,622,"risk or severity of adverse effects, antihypertensive activities, vasoconstricting activities"
OLFREX EASY TAB 15 MG 28 AGIZDA DAGILAN TB,olanzapine,622,"risk or severity of adverse effects, antihypertensive activities, vasoconstricting activities"
"OLFREX EASY TAB 2,5 MG 28 AGIZDA DAGILAN TB",olanzapine,622,"risk or severity of adverse effects, antihypertensive activities, vasoconstricting activities"
OLFREX EASY TAB 20 MG 28 AGIZDA DAGILAN TB,olanzapine,622,"risk or severity of adverse effects, antihypertensive activities, vasoconstricting activities"
OLFREX EASY TAB 5 MG 28 AGIZDA DAGILAN TB,olanzapine,622,"risk or severity of adverse effects, antihypertensive activities, vasoconstricting activities"
OLLAFAX 10MG 28 FTB,olanzapine,622,"risk or severity of adverse effects, antihypertensive activities, vasoconstricting activities"
OLNEGIS 10 MG 28 FTB,olanzapine,622,"risk or severity of adverse effects, antihypertensive activities, vasoconstricting activities"
OLNEGIS 20 MG 28 FTB,olanzapine,622,"risk or severity of adverse effects, antihypertensive activities, vasoconstricting activities"
OLNEGIS 5 MG 28 FTB,olanzapine,622,"risk or severity of adverse effects, antihypertensive activities, vasoconstricting activities"
"OLNEGIS 7,5 MG 28 FTB",olanzapine,622,"risk or severity of adverse effects, antihypertensive activities, vasoconstricting activities"
"OLVIN 1 MG/ML DOZ AYARLI BURUN SPREYI, COZELTI (10 ML)",xylometazoline,232,"hypotensive activities, vasoconstricting activities, atrioventricular blocking (AV block) activities"
OLY %1 30 G KREM,isoconazole,71,"therapeutic efficacy, serum concentration, metabolism"
OLY %1 SPREY (20 ML),isoconazole,71,"therapeutic efficacy, serum concentration, metabolism"
OMEPROL 20 MG 28 MIKROPELLET KAP,omeprazole,421,"metabolism, serum concentration, risk or severity of adverse effects"
OMEREF 40 MG IV ENJ ICIN LIYO TOZ ICEREN FLK,omeprazole,421,"metabolism, serum concentration, risk or severity of adverse effects"
OMESEK 20 MG 14 MIKROPELLET KAP,omeprazole,421,"metabolism, serum concentration, risk or severity of adverse effects"
OMESEK 20 MG 28 MIKROPELLET KAP,omeprazole,421,"metabolism, serum concentration, risk or severity of adverse effects"
OMEX 40 MG IV ENJEKSIYON ICIN LIYOFILIZE TOZ ICEREN FLAKON,omeprazole,421,"metabolism, serum concentration, risk or severity of adverse effects"
OMHEAL 40 MG SERT KAPSUL (28 KAPSUL),omeprazole,421,"metabolism, serum concentration, risk or severity of adverse effects"
"OMNIPOL 300 MG/ML IA,IV INTRATEKAL ENJ ICIN COZ ICEREN FLK 100 ML",iohexol,1,risk or severity of adverse effects
"OMNIPOL 300 MG/ML IA,IV INTRATEKAL ENJ ICIN COZ ICEREN FLK 50 ML",iohexol,1,risk or severity of adverse effects
"OMNIPOL 350 MG/ML IA,IV ENJ ICIN COZ ICEREN FLK 100 ML",iohexol,1,risk or severity of adverse effects
"OMNIPOL 350 MG/ML IA,IV ENJ ICIN COZ ICEREN FLK 50 ML",iohexol,1,risk or severity of adverse effects
ONADRON 8MG/2ML ENJEKSIYONLUK COZELTI,dexamethasone,389,"risk or severity of adverse effects, serum concentration, metabolism"
"ONADRON SIMPLE %0,1 GOZ/KULAK DAMLASI (5 ML)",dexamethasone,389,"risk or severity of adverse effects, serum concentration, metabolism"
ONAXAN 15 MG FİLM KAPLI TABLET (28 TABLET),rivaroxaban,297,"anticoagulant activities, serum concentration, metabolism"
ONAXAN 20 MG FİLM KAPLI TABLET (28 TABLET),rivaroxaban,297,"anticoagulant activities, serum concentration, metabolism"
ONCEAIR 10 MG 28 FTB,montelukast,121,"metabolism, serum concentration, therapeutic efficacy"
ONCEAIR 4 MG 28 CIGNEME TB,montelukast,121,"metabolism, serum concentration, therapeutic efficacy"
ONCEAIR 4 MG PEDIYATRIK ORAL GRANUL 28 SASE,montelukast,121,"metabolism, serum concentration, therapeutic efficacy"
ONCEAIR 5 MG 28 CIGNEME TB,montelukast,121,"metabolism, serum concentration, therapeutic efficacy"
"ONCEFT 0,5 G IM ENJKESIYONLUK COZELTI HAZIRLAMAK ICIN TOZ VE COZUCU (1 FLAKON)",ceftriaxone,28,"nephrotoxic activities, risk or severity of adverse effects, anticoagulant activities"
"ONCEFT 0,5 G IV ENJEKSIYONLUK COZELTI HAZIRLAMAK ICIN TOZ VE COZUCU",ceftriaxone,28,"nephrotoxic activities, risk or severity of adverse effects, anticoagulant activities"
ONCEFT 1 G IM ENJKESIYONLUK COZELTI HAZIRLAMAK ICIN TOZ VE COZUCU (1 FLAKON),ceftriaxone,28,"nephrotoxic activities, risk or severity of adverse effects, anticoagulant activities"
ONCEFT 1 G IV ENJEKSIYONLUK COZELTI HAZIRLAMAK ICIN TOZ VE COZUCU,ceftriaxone,28,"nephrotoxic activities, risk or severity of adverse effects, anticoagulant activities"
ONDAREN 4 MG/2 ML 1 AMP,ondansetron,519,"risk or severity of adverse effects, QTc-prolonging activities, metabolism"
ONDAREN 8 MG/4 ML 1 AMP,ondansetron,519,"risk or severity of adverse effects, QTc-prolonging activities, metabolism"
ONGLYZA 5 MG 28 FTB,saxagliptin,374,"serum concentration, hypoglycemic activities, therapeutic efficacy"
"ONIYONIX 350MGI / ML IA,IV ENJ. ICIN COZ. ICEREN FLAKON (100 ML)",iohexol,1,risk or severity of adverse effects
ONZYD 4 MG AGIZDA DAGILAN 10 TB,ondansetron,519,"risk or severity of adverse effects, QTc-prolonging activities, metabolism"
ONZYD 8 MG AGIZDA DAGILAN 10 TB,ondansetron,519,"risk or severity of adverse effects, QTc-prolonging activities, metabolism"
OPAGIS 30 MG 28 MIKROPELLET KAP,lansoprazole,218,"metabolism, serum concentration, risk or severity of adverse effects"
OPAXOL 300 MG I/ML IA/IV/INTRATEKAL ENJEKSIYONLUK COZELTI (1X100ML),iohexol,1,risk or severity of adverse effects
OPAXOL 300 MG I/ML IA/IV/INTRATEKAL ENJEKSIYONLUK COZELTI (1X50ML),iohexol,1,risk or severity of adverse effects
OPAXOL 350 MGI/ML IA/IV ENJEKSIYONLUK COZELTI (1X100ML),iohexol,1,risk or severity of adverse effects
OPAXOL 350 MGI/ML IA/IV ENJEKSIYONLUK COZELTI (1X200ML),iohexol,1,risk or severity of adverse effects
OPAXOL 350 MGI/ML IA/IV ENJEKSIYONLUK COZELTI (1X50ML),iohexol,1,risk or severity of adverse effects
OPEMIN 800 MG 30 FTB,piracetam,4,risk or severity of adverse effects
OPILOX TIRNAK CILASI SETI,ciclopirox,69,"therapeutic efficacy, serum concentration, metabolism"
OPIREL 75 MG 28 FTB,clopidogrel,321,"metabolism, serum concentration, therapeutic efficacy"
OPRELAST 10 MG+20 MG+30 MG FILM KAPLI TABLET TEDAVIYE BASLAMA PAKETI (4+4+19),apremilast,402,"risk or severity of adverse effects, metabolism, serum concentration"
OPRELAST 30 MG FILM KAPLI TABLET (56 TABLET),apremilast,402,"risk or severity of adverse effects, metabolism, serum concentration"
OPSENTAN 10 MG FILM KAPLI TABLET (30 TABLET),macitentan,249,"hypotensive activities, serum concentration, metabolism"
OPSUMIT 10 MG 28 FILM KAPLI TABLET,macitentan,249,"hypotensive activities, serum concentration, metabolism"
ORADRO 500 MG FILM TABLET (14 TABLET),clarithromycin,712,"metabolism, serum concentration, QTc-prolonging activities"
ORADRO 500 MG IV LIYOFILIZE ENJ. TOZ ICEREN 1 FLK+1 AMP,clarithromycin,712,"metabolism, serum concentration, QTc-prolonging activities"
ORALAC SURUP 670 MG/ML 300 ML,lactulose,1,therapeutic efficacy
"ORCAFIL 20 MG FILM TABLET, 4 ADET",tadalafil,285,"antihypertensive activities, serum concentration, hypotensive activities"
"ORCAFIL 5 MG FİLM TABLET, 28 ADET",tadalafil,285,"antihypertensive activities, serum concentration, hypotensive activities"
ORGAMETRIL 5 MG 30 TB,lynestrenol,83,"therapeutic efficacy, serum concentration, anticoagulant activities"
ORIZINC 15 MG/5 ML 100 ML SUR,zinc sulfate,1,serum concentration
ORLOFF 120 MG SERT KAPSUL (84 KAPSUL),orlistat,75,"serum concentration, anticoagulant activities, absorption"
OROFEN % 5 KREM 50 G,ibuprofen,424,"risk or severity of adverse effects, metabolism, therapeutic efficacy"
OROFERON DEPO 80 MG KAPLI TABLET,ferrous sulfate,1,absorption of reduced serum concentration and potentially
ORYVA 10 MG 28 TB,aripiprazole,741,"serum concentration, risk or severity of adverse effects, hypotensive activities"
ORYVA 15 MG 28 TB,aripiprazole,741,"serum concentration, risk or severity of adverse effects, hypotensive activities"
ORYVA 30 MG 28 TB,aripiprazole,741,"serum concentration, risk or severity of adverse effects, hypotensive activities"
ORYVA 5 MG 28 TB,aripiprazole,741,"serum concentration, risk or severity of adverse effects, hypotensive activities"
OSEFLU 30 MG GRANUL ICEREN SASE (25 SASE),oseltamivir,1,serum concentration of active metabolites
OSEFLU 75 MG 10 KAP,oseltamivir,1,serum concentration of active metabolites
OSELMIR 12 MG/ML ORAL SUSPANSIYON HAZIRLAMAK ICIN TOZ (65 ML),oseltamivir,1,serum concentration of active metabolites
OSELMIR 75 MG 10 SERT KAPSUL,oseltamivir,1,serum concentration of active metabolites
OSETRON 4 MG/2 ML IM/IV ENJ. COZ. ICEREN 1 AMP,ondansetron,519,"risk or severity of adverse effects, QTc-prolonging activities, metabolism"
OSETRON 8 MG/4 ML IM/IV ENJ COZ ICEREN 1 AMP,ondansetron,519,"risk or severity of adverse effects, QTc-prolonging activities, metabolism"
OSIREC 4G /60 G 7 REKTAL SUSPANSIYON,mesalazine,443,"risk or severity of adverse effects, therapeutic efficacy, antihypertensive activities"
"OSMOLAK 667 MG/ML COZELTI, 250 ML",lactulose,1,therapeutic efficacy
OSTRIOL 1 MCG/ML IV 1 MLX 25 AMP,calcitriol,183,"metabolism, therapeutic efficacy, serum concentration"
OSTRIOL 2 MCG/ML I.V. ENJ COZ ICEREN 25 AMP,calcitriol,183,"metabolism, therapeutic efficacy, serum concentration"
OTIPAX %1 KULAK DAMLASI,lidocaine,572,"metabolism, risk or severity of adverse effects, serum concentration"
"OTRIVINE CARE 1MG/ML DOZ AYARLI BURUN SPREYİ, 10 ML",xylometazoline,232,"hypotensive activities, vasoconstricting activities, atrioventricular blocking (AV block) activities"
OTRIVINE DOZ AYARLI 1 MG/ML BURUN SPREYI,xylometazoline,232,"hypotensive activities, vasoconstricting activities, atrioventricular blocking (AV block) activities"
OTRIVINE MENTHOL DOZ AYARLI BURUN SPREYI 1 MG/ML,xylometazoline,232,"hypotensive activities, vasoconstricting activities, atrioventricular blocking (AV block) activities"
"OTRIVINE PEDIATRIK 0.5 MG/ML DOZ AYARLI BURUN SPREYI, COZELTI",xylometazoline,232,"hypotensive activities, vasoconstricting activities, atrioventricular blocking (AV block) activities"
"OTİKAİN %1 KULAK DAMLASI, ÇÖZELTİ, 15 ML",lidocaine,572,"metabolism, risk or severity of adverse effects, serum concentration"
"OVADRIL %13,33+%1,66+%2,5 LOSYON, 40 G",lidocaine,572,"metabolism, risk or severity of adverse effects, serum concentration"
OVADRIL 120 GR LOSYON,lidocaine,572,"metabolism, risk or severity of adverse effects, serum concentration"
OVIRPROXIL 245 MG 30 FTB,tenofovir disoproxil,271,"metabolism, risk or severity of adverse effects, serum concentration"
OXALPIN 100 MG IV INF ICIN LIYOFILIZE TOZ ICEREN 1 FLK,oxaliplatin,59,"metabolism, serum concentration, cardiotoxic activities"
OXALPIN 50 MG IV INF ICIN LIYOFILIZE TOZ ICEREN 1 FLK,oxaliplatin,59,"metabolism, serum concentration, cardiotoxic activities"
OXATU-S 100 MG/20 ML IV INF ICIN KONS COZ ICEREN 1 FLK,oxaliplatin,59,"metabolism, serum concentration, cardiotoxic activities"
OXATU-S 50 MG/10 ML IV INF ICIN KONS COZ ICEREN 1 FLK,oxaliplatin,59,"metabolism, serum concentration, cardiotoxic activities"
OXEZOLE %1 10 GR KREM,oxiconazole,114,"therapeutic efficacy, metabolism, serum concentration"
"OXEZOLE %1 DERI SPREYI, COZELTI (20 ML)",oxiconazole,114,"therapeutic efficacy, metabolism, serum concentration"
OXFET 360 MG 30 FILM KAPLI TABLET,deferasirox,714,"serum concentration, risk or severity of adverse effects, absorption"
OXOPANE 10 MG 56 KAP,oxycodone,488,"risk or severity of adverse effects, metabolism, serum concentration"
OXOPANE 20 MG 56 KAP,oxycodone,488,"risk or severity of adverse effects, metabolism, serum concentration"
OXOPANE 5 MG 56 KAP,oxycodone,488,"risk or severity of adverse effects, metabolism, serum concentration"
"OXYGO %0,05 BURUN SPREYI, COZELTI",oxymetazoline,155,"vasoconstricting activities, atrioventricular blocking (AV block) activities, risk or severity of adverse effects"
"OXYNAZ %0,01 PEDIATRIK BURUN SPREYI, COZELTI",oxymetazoline,155,"vasoconstricting activities, atrioventricular blocking (AV block) activities, risk or severity of adverse effects"
"OXYNAZ %0,05 BURUN SPREYI, COZELTI (10 ML)",oxymetazoline,155,"vasoconstricting activities, atrioventricular blocking (AV block) activities, risk or severity of adverse effects"
OZAPRIN 10 MG 28 FTB,olanzapine,622,"risk or severity of adverse effects, antihypertensive activities, vasoconstricting activities"
"OZAPRIN 2,5 MG FILM KAPLI TABLET (28 TABLET)",olanzapine,622,"risk or severity of adverse effects, antihypertensive activities, vasoconstricting activities"
OZAPRIN 20 MG 28 FTB,olanzapine,622,"risk or severity of adverse effects, antihypertensive activities, vasoconstricting activities"
OZAPRIN 5 MG 28 FTB,olanzapine,622,"risk or severity of adverse effects, antihypertensive activities, vasoconstricting activities"
OZAPRIN RAPID 10 MG 28 AGIZDA COZUNEBILIR TB,olanzapine,622,"risk or severity of adverse effects, antihypertensive activities, vasoconstricting activities"
OZAPRIN RAPID 15 MG 28 AGIZDA COZUNEBILIR TB,olanzapine,622,"risk or severity of adverse effects, antihypertensive activities, vasoconstricting activities"
OZAPRIN RAPID 20 MG 28 AGIZDA COZUNEBILIR TB,olanzapine,622,"risk or severity of adverse effects, antihypertensive activities, vasoconstricting activities"
OZAPRIN RAPID 5 MG 28 AGIZDA COZUNEBILIR TB,olanzapine,622,"risk or severity of adverse effects, antihypertensive activities, vasoconstricting activities"
"OZEMPİC 0,25 MG ENJEKSİYONLUK ÇÖZELTİ İÇEREN KULLANIMA HAZIR KALEM, 1 ADET",semaglutide,9,hypoglycemic activities
"OZEMPİC 0,5 MG ENJEKSİYONLUK ÇÖZELTİ İÇEREN KULLANIMA HAZIR KALEM, 1 ADET",semaglutide,9,hypoglycemic activities
"OZEMPİC 1 MG ENJEKSİYONLUK ÇÖZELTİ İÇEREN KULLANIMA HAZIR KALEM, 1 ADET",semaglutide,9,hypoglycemic activities
"OZURDEX 0,7 MG INTRAVITREAL IMPLANT",dexamethasone,389,"risk or severity of adverse effects, serum concentration, metabolism"
"Onureg 200 mg Film Kaplı Tablet, 7 ADET",azacitidine,17,"risk or severity of adverse effects, cardiotoxic activities, immunosuppressive activities"
"Onureg 300 mg Film Kaplı Tablet, 7 ADET",azacitidine,17,"risk or severity of adverse effects, cardiotoxic activities, immunosuppressive activities"
PABAL 100 MCG/ML IV ENJEKSIYONLUK COZELTI ICEREN 1 AMPUL,carbetocin,176,"risk or severity of adverse effects, hypotensive activities, orthostatic hypotensive activities"
"PAINOUT ICE %1 DERIYE UYGULANACAK SPREY,COZELTI (100 ML)",diclofenac,491,"risk or severity of adverse effects, metabolism, serum concentration"
PAKSITU 10 MCG/2 ML ENJEKSIYONLUK COZELTI (5 FLAKON),paricalcitol,123,"serum concentration, metabolism, risk or severity of adverse effects"
PAKSITU 5 MCG/ML ENJEKSIYONLUK COZELTI (5 FLAKON),paricalcitol,123,"serum concentration, metabolism, risk or severity of adverse effects"
PALIGIS 3 MG UZATILMIS SALIMLI TABLET (28 TABLET),paliperidone,580,"risk or severity of adverse effects, QTc-prolonging activities, antihypertensive activities"
PALIGIS 6 MG UZATILMIS SALIMLI TABLET (28 TABLET),paliperidone,580,"risk or severity of adverse effects, QTc-prolonging activities, antihypertensive activities"
PALIGIS 9 MG UZATILMIS SALIMLI TABLET (28 TABLET),paliperidone,580,"risk or severity of adverse effects, QTc-prolonging activities, antihypertensive activities"
"PALLADA % 0.2 GOZ DAMLASI, COZELTI (2,5 ML)",olopatadine,670,"risk or severity of adverse effects, metabolism, therapeutic efficacy"
"PALLADA %0,1 GOZ DAMLASI, COZELTI (5 ML)",olopatadine,670,"risk or severity of adverse effects, metabolism, therapeutic efficacy"
"PALLADA-NS 6,65 MG/ML NAZAL SPREY, COZELTI (15 ML)",olopatadine,670,"risk or severity of adverse effects, metabolism, therapeutic efficacy"
PALODIN 250 MCG/5 ML ENJ COZ ICEREN FLK,palonosetron,185,"metabolism, serotonergic activities, serum concentration"
PALOJECT 250 MCG/5 ML IV ENJ COZ ICEREN 1 AMP,palonosetron,185,"metabolism, serotonergic activities, serum concentration"
PAMIRAY-300 612MG/ML 100 ML 1 FLK,iopamidol,1,risk or severity of adverse effects
PAMIRAY-300 612MG/ML 50 ML 1 FLK,iopamidol,1,risk or severity of adverse effects
PAMIRAY-370 755MG/ML 100 ML 1 FLAKON,iopamidol,1,risk or severity of adverse effects
PANDEV 20 MG 28 ENTERIK KAPLI TB,pantoprazole,297,"metabolism, serum concentration, therapeutic efficacy"
PANDEV 40 MG 28 ENTERIK KAPLI TB,pantoprazole,297,"metabolism, serum concentration, therapeutic efficacy"
PANDEV 40 MG IV ENJ LIYO TOZ ICEREN 1 FLK,pantoprazole,297,"metabolism, serum concentration, therapeutic efficacy"
PANOCER 40 MG 14 ENTERIK KAPLI TABLET,pantoprazole,297,"metabolism, serum concentration, therapeutic efficacy"
PANOCER 40 MG 28 ENTERIK KAPLI TAB,pantoprazole,297,"metabolism, serum concentration, therapeutic efficacy"
"PANOLIMUS 0,5 MG 50 KAP",tacrolimus,432,"metabolism, immunosuppressive activities, serum concentration"
PANOLIMUS 1 MG 50 KAP,tacrolimus,432,"metabolism, immunosuppressive activities, serum concentration"
PANOLIMUS 5 MG 50 KAP,tacrolimus,432,"metabolism, immunosuppressive activities, serum concentration"
PANREF 40 MG 14 ENTERIK KAPLI TB,pantoprazole,297,"metabolism, serum concentration, therapeutic efficacy"
PANREF 40 MG 28 ENTERIK KAPLI TB,pantoprazole,297,"metabolism, serum concentration, therapeutic efficacy"
PANTACTIVE 40 MG 28 ENTERIK KAPLI TB,pantoprazole,297,"metabolism, serum concentration, therapeutic efficacy"
PANTGES 40 MG ENTERIK KAPLI TABLET (28 TABLET),pantoprazole,297,"metabolism, serum concentration, therapeutic efficacy"
PANTHEC 20 MG 28 ENTERIK TB,pantoprazole,297,"metabolism, serum concentration, therapeutic efficacy"
PANTHEC 40 MG 14 ENTERIK KAPLI TB,pantoprazole,297,"metabolism, serum concentration, therapeutic efficacy"
PANTHEC 40 MG 28 ENTERIK KAPLI TB,pantoprazole,297,"metabolism, serum concentration, therapeutic efficacy"
PANTIKOR 400 MG FILM KAPLI TABLET (30 FILM TABLET),imatinib,622,"metabolism, serum concentration, risk or severity of adverse effects"
PANTO 20 MG 28 ENTERIK KAPLI TB,pantoprazole,297,"metabolism, serum concentration, therapeutic efficacy"
PANTO 40 MG 14 ENTERIK KAPLI TB,pantoprazole,297,"metabolism, serum concentration, therapeutic efficacy"
PANTO 40 MG 28 ENTERIK KAPLI TB,pantoprazole,297,"metabolism, serum concentration, therapeutic efficacy"
PANTOZOL 40 MG IV ENJ. TOZ ICEREN 1 FLK,pantoprazole,297,"metabolism, serum concentration, therapeutic efficacy"
PANTOZOL 40 MG IV ENJEKSIYONLUK LIYOFILIZE TOZ ICEREN FLAKON (10 FLAKON),pantoprazole,297,"metabolism, serum concentration, therapeutic efficacy"
PANTPAS 40 MG 14 ENTERIK KAPLI TB,pantoprazole,297,"metabolism, serum concentration, therapeutic efficacy"
PANTPAS 40 MG 30 ENTERIK KAPLI TB,pantoprazole,297,"metabolism, serum concentration, therapeutic efficacy"
PAPAVERIN 50 MG/2 ML 10 AMP (GALEN),papaverine,178,"risk or severity of adverse effects, hypotensive activities, QTc-prolonging activities"
PAPAVERIN 60 MG/2 ML 10 AMP (GALEN),papaverine,178,"risk or severity of adverse effects, hypotensive activities, QTc-prolonging activities"
PARAFLEX 250 MG 20 TB,chlorzoxazone,412,"risk or severity of adverse effects, metabolism, serum concentration"
PARGICYL 50 MG/5 ML ENJ COZ ICEREN 5 AMP,apomorphine,323,"risk or severity of adverse effects, QTc-prolonging activities, therapeutic efficacy"
PARICAL 10 MCG/2 ML IV ENJ COZ ICEREN 5 AMP,paricalcitol,123,"serum concentration, metabolism, risk or severity of adverse effects"
PARICAL 5 MCG/ML IV ENJ COZ ICEREN AMP 1 ML 5 AMP,paricalcitol,123,"serum concentration, metabolism, risk or severity of adverse effects"
PARICAVER 10 MCG/2 ML IV ENJ COZ ICEREN AMP (5 AMP),paricalcitol,123,"serum concentration, metabolism, risk or severity of adverse effects"
PARICAVER 5 MCG/1 ML IV ENJ COZ ICEREN 5 AMP,paricalcitol,123,"serum concentration, metabolism, risk or severity of adverse effects"
PARIDEV 10 MCG/2 ML IV ENJ COZ ICEREN 2 ML 5 AMP,paricalcitol,123,"serum concentration, metabolism, risk or severity of adverse effects"
PARIDEV 5 MCG/ML IV ENJ COZ ICEREN 1 ML 5 AMP,paricalcitol,123,"serum concentration, metabolism, risk or severity of adverse effects"
"PARIET 20 MG ENTERİK KAPLI TABLET, 28 ADET",rabeprazole,274,"metabolism, serum concentration, risk or severity of adverse effects"
PARIQUEL 10 MCG/2ML IV ENJEKSIYONLUK COZELTI ICEREN AMPUL 5 AMPUL,paricalcitol,123,"serum concentration, metabolism, risk or severity of adverse effects"
PARIQUEL 5 MCG/ML IV ENJ COZ ICEREN 5 AMP,paricalcitol,123,"serum concentration, metabolism, risk or severity of adverse effects"
PARISITOL 10 MCG/2 ML IV ENJ COZ ICEREN AMP 2 ML 5 AMP,paricalcitol,123,"serum concentration, metabolism, risk or severity of adverse effects"
PARITOLIN 10 MCG/ML IV ENJEKSIYONLUK COZELTI (5 AMPUL),paricalcitol,123,"serum concentration, metabolism, risk or severity of adverse effects"
PARKIPEX 0.25 MG 100 TB,pramipexole,403,"sedative activities, risk or severity of adverse effects, therapeutic efficacy"
PARKIPEX 1 MG 100 TB,pramipexole,403,"sedative activities, risk or severity of adverse effects, therapeutic efficacy"
"PARKIPEX ER 0,375 MG UZATILMIS SALIMLI 30 TABLET",pramipexole,403,"sedative activities, risk or severity of adverse effects, therapeutic efficacy"
"PARKIPEX ER 0,75 MG UZATILMIS SALIMLI 30 TABLET",pramipexole,403,"sedative activities, risk or severity of adverse effects, therapeutic efficacy"
"PARKIPEX ER 1,5 MG UZATILMIS SALIMLI 30 TABLET",pramipexole,403,"sedative activities, risk or severity of adverse effects, therapeutic efficacy"
"PARKIPEX ER 2,25 MG UZATILMIS SALIMLI 30 TABLET",pramipexole,403,"sedative activities, risk or severity of adverse effects, therapeutic efficacy"
PARKIPEX ER 3 MG UZATILMIS SALIMLI 30 TABLET,pramipexole,403,"sedative activities, risk or severity of adverse effects, therapeutic efficacy"
"PARKIPEX ER 4,5 MG UZATILMIS SALIMLI 30 TABLET",pramipexole,403,"sedative activities, risk or severity of adverse effects, therapeutic efficacy"
PARKOFF 50 MG / 5 ML ENJEKSIYONLUK/ INFUZYONLUK COZELTI,apomorphine,323,"risk or severity of adverse effects, QTc-prolonging activities, therapeutic efficacy"
PARKYN 0.250 MG 100 TB,pramipexole,403,"sedative activities, risk or severity of adverse effects, therapeutic efficacy"
PARKYN 1 MG 100 TB,pramipexole,403,"sedative activities, risk or severity of adverse effects, therapeutic efficacy"
"PARKYN ER 0,375 MG UZATILMIS SALIMLI TABLET (30 TABLET)",pramipexole,403,"sedative activities, risk or severity of adverse effects, therapeutic efficacy"
"PARKYN ER 0,750 MG UZATILMIS SALIMLI 30 TABLET",pramipexole,403,"sedative activities, risk or severity of adverse effects, therapeutic efficacy"
"PARKYN ER 1,5 MG UZATILMIS SALIMLI 30 TABLET",pramipexole,403,"sedative activities, risk or severity of adverse effects, therapeutic efficacy"
"PARKYN ER 2,25 MG UZATILMIS SALIMLI 30 TABLET",pramipexole,403,"sedative activities, risk or severity of adverse effects, therapeutic efficacy"
PARKYN ER 3 MG UZATILMIS SALIMLI TABLET (30 TABLET),pramipexole,403,"sedative activities, risk or severity of adverse effects, therapeutic efficacy"
"PARKYN ER 3,75 MG UZATILMIS SALIMLI TABLET (30 TABLET)",pramipexole,403,"sedative activities, risk or severity of adverse effects, therapeutic efficacy"
"PARKYN ER 4,5 MG UZATILMIS SALIMLI TABLET (30 TABLET)",pramipexole,403,"sedative activities, risk or severity of adverse effects, therapeutic efficacy"
PARLIN 1 MG 30 TB,rasagiline,475,"risk or severity of adverse effects, hypotensive activities, hypertensive activities"
PARLODEL 2.5 MG 30 TB,bromocriptine,653,"risk or severity of adverse effects, serum concentration, hypertensive and vasoconstricting activities"
"PARVISTEN %0,025 GOZ DAMLASI, COZELTI",ketotifen,12,"sedative activities, diagnostic agent, therapeutic efficacy"
PASMOL 40 MG ENJEKSIYONLUK COZELTI HAZIRLAMAK ICIN TOZ (1 FLAKON),pantoprazole,297,"metabolism, serum concentration, therapeutic efficacy"
PATANOL %0.1 5 ML GOZ DAMLASI,olopatadine,670,"risk or severity of adverse effects, metabolism, therapeutic efficacy"
PAUSED 10 MG 21 SERT KAPSUL,lenalidomide,37,"thrombogenic activities, serum concentration, risk or severity of adverse effects"
PAUSED 15 MG 21 SERT KAPSUL,lenalidomide,37,"thrombogenic activities, serum concentration, risk or severity of adverse effects"
PAUSED 25 MG 21 SERT KAPSUL,lenalidomide,37,"thrombogenic activities, serum concentration, risk or severity of adverse effects"
PAUSED 5 MG 21 SERT KAPSUL,lenalidomide,37,"thrombogenic activities, serum concentration, risk or severity of adverse effects"
"PAXAMBIO %0,5 JEL (50 G)",piroxicam,405,"risk or severity of adverse effects, metabolism, therapeutic efficacy"
PAXERA 10 MG 28 FTB,paroxetine,669,"metabolism, risk or severity of adverse effects, antiplatelet activities"
PAXERA 10 MG 56 TB,paroxetine,669,"metabolism, risk or severity of adverse effects, antiplatelet activities"
PAXERA 20 MG 28 FTB,paroxetine,669,"metabolism, risk or severity of adverse effects, antiplatelet activities"
PAXERA 20 MG 56 FTB,paroxetine,669,"metabolism, risk or severity of adverse effects, antiplatelet activities"
PAXERA 30 MG 28 FTB,paroxetine,669,"metabolism, risk or severity of adverse effects, antiplatelet activities"
PAXERA 30 MG 56 TB,paroxetine,669,"metabolism, risk or severity of adverse effects, antiplatelet activities"
PAXERA 40 MG 28 FTB,paroxetine,669,"metabolism, risk or severity of adverse effects, antiplatelet activities"
PAXERA 40 MG 56 TB,paroxetine,669,"metabolism, risk or severity of adverse effects, antiplatelet activities"
"PAXIBAN 2,5 MG FILM KAPLI TABLET (56 TABLET)",apixaban,351,"serum concentration, anticoagulant activities, metabolism"
PAXIBAN 5 MG FILM KAPLI TABLET (56 TABLET),apixaban,351,"serum concentration, anticoagulant activities, metabolism"
PAXIL 20 MG 28 FTB,paroxetine,669,"metabolism, risk or severity of adverse effects, antiplatelet activities"
PAXIL 20 MG 56 FTB,paroxetine,669,"metabolism, risk or severity of adverse effects, antiplatelet activities"
PAZOPANIB-TURGUT 200 MG FILM KAPLI TABLET (30 TABLET),pazopanib,454,"serum concentration, QTc-prolonging activities, metabolism"
PAZOPANIB-TURGUT 400 MG FILM KAPLI TABLET (60 TABLET),pazopanib,454,"serum concentration, QTc-prolonging activities, metabolism"
PEDIFEN 100 MG/5 ML 100 ML SURUP,ibuprofen,424,"risk or severity of adverse effects, metabolism, therapeutic efficacy"
"PEITEL %0,25 MG 30 GR KREM",prednicarbate,251,"risk or severity of adverse effects, serum concentration, hypokalemic activities"
PEMETU 100 MG IV INFUZYONLUK COZELTI HAZIRLAMADA KULLANILACAK KONSANTRE ICIN TOZ (1 FLAKON),pemetrexed,17,"risk or severity of adverse effects, cardiotoxic activities, immunosuppressive activities"
PEMETU 500 MG IV INFUZYONLUK COZELTI HAZIRLAMADA KULLANILACAK KONSANTRE ICIN TOZ (1 FLAKON),pemetrexed,17,"risk or severity of adverse effects, cardiotoxic activities, immunosuppressive activities"
PEMTREX 100 MG INF COZ ICIN TOZ ICEREN 1 FLK,pemetrexed,17,"risk or severity of adverse effects, cardiotoxic activities, immunosuppressive activities"
PEMTREX 500 MG IV INF ICIN LIYOFILIZE TOZ ICEREN 1 FLK,pemetrexed,17,"risk or severity of adverse effects, cardiotoxic activities, immunosuppressive activities"
PENBISIN 1000 MG ENJEKSIYONLUK COZELI TOZU (1 FLAKON),ampicillin,33,"serum concentration, therapeutic efficacy, anticoagulant activities"
PENBISIN 250 MG ENJEKSIYONLUK COZELI TOZU (1 FLAKON),ampicillin,33,"serum concentration, therapeutic efficacy, anticoagulant activities"
PENBISIN 500 MG ENJEKSIYONLUK COZELI TOZU (1 FLAKON),ampicillin,33,"serum concentration, therapeutic efficacy, anticoagulant activities"
"PENEPIN 0,3 MG/0,3 ML IM ENJEKSIYONLUK COZELTI ICEREN OTO ENJEKTOR 2 ADET",epinephrine,318,"antihypertensive activities, vasoconstricting activities, risk or severity of hypotension"
"PENEPIN JR. 0,15 MG/0,3 ML I.M. ENJEKSIYONLUK COZELTI ICEREN OTO ENJEKTOR 2 ADET",epinephrine,318,"antihypertensive activities, vasoconstricting activities, risk or severity of hypotension"
PENFLOKS 250 MG/ 5 ML ŞURUP HAZIRLAMAK İÇİN TOZ (100 ML),flucloxacillin,32,"serum concentration, therapeutic efficacy, anticoagulant activities"
PENFLOKS 500 MG 16 FILM TABLET,flucloxacillin,32,"serum concentration, therapeutic efficacy, anticoagulant activities"
PENICILLIN G POTASYUM 1.000.000 IU ENJEKSIYONLUK COZELTI TOZU (1 FLAKON),benzylpenicillin,31,"serum concentration, therapeutic efficacy, anticoagulant activities"
PENICILLIN G POTASYUM 500.000 IU ENJEKSIYONLUK COZELTI TOZU (1 FLAKON),benzylpenicillin,31,"serum concentration, therapeutic efficacy, anticoagulant activities"
"PENTAL SODYUM 0,5 G ENJEKSIYONLUK COZELTI ICIN TOZ (1 FLAKON)",thiopental,528,"risk or severity of adverse effects, hypotensive activities, metabolism"
PENTAL SODYUM 1 G ENJEKSIYONLUK COZELTI ICIN TOZ (1 FLAKON),thiopental,528,"risk or severity of adverse effects, hypotensive activities, metabolism"
PENTASA 1 G SUPOZITUVAR (28 ADET),mesalazine,443,"risk or severity of adverse effects, therapeutic efficacy, antihypertensive activities"
PENTASA 500 MG 100 UZATILMIS SALIM TAB,mesalazine,443,"risk or severity of adverse effects, therapeutic efficacy, antihypertensive activities"
PENTASA UZATILMIS SALIMLI GRANUL 2 G 60 SASE,mesalazine,443,"risk or severity of adverse effects, therapeutic efficacy, antihypertensive activities"
PEPTICER 30 MG 28 ENTERIK MIKROPELLET KAP,lansoprazole,218,"metabolism, serum concentration, risk or severity of adverse effects"
PEPTYRA 20 MG ENTERIK TABLET (28 TABLET),rabeprazole,274,"metabolism, serum concentration, risk or severity of adverse effects"
PERFOSE 800 MG 180 FTB,sevelamer,24,"absorption, serum concentration"
PERGE 150 MG 56 KAP,pregabalin,345,"therapeutic efficacy, risk or severity of heart failure, central nervous system depressant (CNS depressant) activities"
PERGE 225 MG (56 KAPSUL),pregabalin,345,"therapeutic efficacy, risk or severity of heart failure, central nervous system depressant (CNS depressant) activities"
PERGE 25 MG 56 KAP,pregabalin,345,"therapeutic efficacy, risk or severity of heart failure, central nervous system depressant (CNS depressant) activities"
PERGE 300 MG 56 KAP,pregabalin,345,"therapeutic efficacy, risk or severity of heart failure, central nervous system depressant (CNS depressant) activities"
PERGE 75 MG 14 KAP,pregabalin,345,"therapeutic efficacy, risk or severity of heart failure, central nervous system depressant (CNS depressant) activities"
PERGE 75 MG 56 KAP,pregabalin,345,"therapeutic efficacy, risk or severity of heart failure, central nervous system depressant (CNS depressant) activities"
PETISEL 100 MG/2 ML ENJ COZ ICEREN 5 AMP,pethidine,562,"risk or severity of adverse effects, metabolism, serum concentration"
"PEXA 0,25 MG TABLET (100 TABLET)",pramipexole,403,"sedative activities, risk or severity of adverse effects, therapeutic efficacy"
"PEXA 0,5 MG TABLET (100 TABLET)",pramipexole,403,"sedative activities, risk or severity of adverse effects, therapeutic efficacy"
PEXA 1 MG TABLET (100 TABLET),pramipexole,403,"sedative activities, risk or severity of adverse effects, therapeutic efficacy"
"PEXA XR 0,375 MG UZATILMIS SALIMLI 30 TB",pramipexole,403,"sedative activities, risk or severity of adverse effects, therapeutic efficacy"
"PEXA XR 0,75 MG UZATILMIS SALIMLI 30 TB",pramipexole,403,"sedative activities, risk or severity of adverse effects, therapeutic efficacy"
"PEXA XR 1,5 MG UZATILMIS SALIMLI 30 TB",pramipexole,403,"sedative activities, risk or severity of adverse effects, therapeutic efficacy"
"PEXA XR 2,25 MG UZATILMIS SALIMLI 30 TABLET",pramipexole,403,"sedative activities, risk or severity of adverse effects, therapeutic efficacy"
PEXA XR 3 MG UZATILMIS SALIMLI 30 TB,pramipexole,403,"sedative activities, risk or severity of adverse effects, therapeutic efficacy"
"PEXA XR 3,75 MG UZATILMIS SALIMLI 30 TABLET",pramipexole,403,"sedative activities, risk or severity of adverse effects, therapeutic efficacy"
"PEXA XR 4,5 MG UZATILMIS SALIMLI 30 TB",pramipexole,403,"sedative activities, risk or severity of adverse effects, therapeutic efficacy"
PEXOLA 0.250 MG 100 TB,pramipexole,403,"sedative activities, risk or severity of adverse effects, therapeutic efficacy"
PEXOLA 1 MG 100 TB,pramipexole,403,"sedative activities, risk or severity of adverse effects, therapeutic efficacy"
"PEXOLA ER 0,375 MG UZATILMIS SALIMLI 30 TB",pramipexole,403,"sedative activities, risk or severity of adverse effects, therapeutic efficacy"
"PEXOLA ER 0,750 MG UZATILMIS SALIMLI 30 TB",pramipexole,403,"sedative activities, risk or severity of adverse effects, therapeutic efficacy"
"PEXOLA ER 1,500 MG UZATILMIS SALIMLI 30 TB",pramipexole,403,"sedative activities, risk or severity of adverse effects, therapeutic efficacy"
PEXOLA ER 3 MG UZATILMIS SALIMLI 30 TB,pramipexole,403,"sedative activities, risk or severity of adverse effects, therapeutic efficacy"
"PEXOLA ER 4,5 MG UZATILMIS SALIMLI 30 TB",pramipexole,403,"sedative activities, risk or severity of adverse effects, therapeutic efficacy"
PEYONA 20 MG/ML INF COZ VE ORAL COZ 1 ML 10 AMP,caffeine,346,"metabolism, serum concentration, risk or severity of adverse effects"
"PF %20 MANNİTOL SUDAKİ I.V. İNFÜZON İÇİN ÇÖZELTİ, 1000 ML SETLİ",mannitol,219,"risk or severity of adverse effects, hypotensive activities, nephrotoxic activities"
"PF %20 MANNİTOL SUDAKİ I.V. İNFÜZON İÇİN ÇÖZELTİ, 1000 ML SETSİZ",mannitol,219,"risk or severity of adverse effects, hypotensive activities, nephrotoxic activities"
"PF %20 MANNİTOL SUDAKİ I.V. İNFÜZON İÇİN ÇÖZELTİ, 500 ML SETSİZ",mannitol,219,"risk or severity of adverse effects, hypotensive activities, nephrotoxic activities"
"PF %3 HİPERTONİK SODYUM KLORÜR IV İNFÜZON İÇİN ÇÖZELTİ, 1000 ML SETLİ",sodium chloride,1,risk or severity of adverse effects
"PF %3 HİPERTONİK SODYUM KLORÜR IV İNFÜZON İÇİN ÇÖZELTİ, 1000 ML SETSİZ",sodium chloride,1,risk or severity of adverse effects
"PF %3 HİPERTONİK SODYUM KLORÜR IV İNFÜZON İÇİN ÇÖZELTİ, 500 ML SETLİ",sodium chloride,1,risk or severity of adverse effects
PF IZOTONIK SODYUM KLORUR CERRAHI KULLANIM ICIN IRRIGASYON COZELTISI 1000 ML,sodium chloride,1,risk or severity of adverse effects
PF IZOTONIK SODYUM KLORUR CERRAHI KULLANIM ICIN IRRIGASYON COZELTISI 500 ML,sodium chloride,1,risk or severity of adverse effects
PHARMAVISION ARFEN 50 MG/2 ML ENJEKSIYONLUK COZELTI,dexketoprofen,217,"risk or severity of adverse effects, thrombogenic activities, antiplatelet activities"
PHEALERA 10 MG FILM KAPLI TABLET (28 TABLET),macitentan,249,"hypotensive activities, serum concentration, metabolism"
PHOS-NO 1000 MG 180 TB,calcium acetate,128,"therapeutic efficacy, absorption, serum concentration"
PHOS-OUT 667 MG 180 TABLET,calcium acetate,128,"therapeutic efficacy, absorption, serum concentration"
"PHOS-OUT 667 MG TABLET, 180 ADET",calcium acetate,128,"therapeutic efficacy, absorption, serum concentration"
"PHOSPHO-SODA 21,6 G+ 8,1 G/45 ML ORAL COZELTI (45 ML SISE)",sodium phosphate,185,"nephrotoxic activities, absorption, risk or severity of adverse effects"
"PILOSED % 2 GOZ DAMLASI, COZELTI (5 ML)",pilocarpine,163,"risk or severity of adverse effects, metabolism, serum concentration"
PIMARO 30 MG 28 FTB,cinacalcet,309,"metabolism, serum concentration, serum concentration of active metabolites"
PIMARO 60 MG 28 FTB,cinacalcet,309,"metabolism, serum concentration, serum concentration of active metabolites"
PIMARO 90 MG 28 FTB,cinacalcet,309,"metabolism, serum concentration, serum concentration of active metabolites"
PINADES 100 MG FİLM KAPLI TABLET (40 TABLET),pinaverium,132,"risk or severity of hypotension, therapeutic efficacy, metabolism"
PINADES 100 MG FİLM KAPLI TABLET (80 TABLET),pinaverium,132,"risk or severity of hypotension, therapeutic efficacy, metabolism"
PINADES 50 MG 40 FILM KAPLI TABLET,pinaverium,132,"risk or severity of hypotension, therapeutic efficacy, metabolism"
PINADES 50 MG 80 FILM KAPLI TABLET,pinaverium,132,"risk or severity of hypotension, therapeutic efficacy, metabolism"
PINGASTRO 50 MG 40 FILM TABLET,pinaverium,132,"risk or severity of hypotension, therapeutic efficacy, metabolism"
PINGASTRO 50 MG 80 FILM TABLET,pinaverium,132,"risk or severity of hypotension, therapeutic efficacy, metabolism"
PINGEL 75 MG 28 FTB,clopidogrel,321,"metabolism, serum concentration, therapeutic efficacy"
PINRAL 100 MG 30 CIGNENEBILIR/COZUNEBILIR TAB,lamotrigine,443,"risk or severity of adverse effects, therapeutic efficacy, serum concentration"
PINRAL 200 MG 30 CIGNENEBILIR/COZUNEBILIR TAB,lamotrigine,443,"risk or severity of adverse effects, therapeutic efficacy, serum concentration"
PINRAL 25 MG 30 CIGNENEBILIR/COZUNEBILIR TAB,lamotrigine,443,"risk or severity of adverse effects, therapeutic efficacy, serum concentration"
PINRAL 50 MG 30 CIGNENEBILIR/COZUNEBILIR TAB,lamotrigine,443,"risk or severity of adverse effects, therapeutic efficacy, serum concentration"
PIOGTAN 15 MG 30 TB,pioglitazone,375,"metabolism, therapeutic efficacy, hypoglycemic activities"
PIOGTAN 30 MG 30 TB,pioglitazone,375,"metabolism, therapeutic efficacy, hypoglycemic activities"
PIRAMON 1 G/5 ML IV ENJ COZ (12 AMP),piracetam,4,risk or severity of adverse effects
"PIRAZINID 500 MG TABLET, 50 ADET",pyrazinamide,100,"metabolism, serum concentration, hepatotoxic activities"
PIRFA 200 MG 252 FILM TABLET,pirfenidone,350,"risk or severity of adverse effects, therapeutic efficacy, antihypertensive activities"
PIRFA 400 MG FILM KAPLI TABLET (180 TABLET),pirfenidone,350,"risk or severity of adverse effects, therapeutic efficacy, antihypertensive activities"
PIRFA 600 MG FILM KAPLI TABLET (120 TABLET),pirfenidone,350,"risk or severity of adverse effects, therapeutic efficacy, antihypertensive activities"
PIRFECT 200 MG 252 FTB,pirfenidone,350,"risk or severity of adverse effects, therapeutic efficacy, antihypertensive activities"
PIRFECT 600 MG 120 FILM KAPLI TABLET,pirfenidone,350,"risk or severity of adverse effects, therapeutic efficacy, antihypertensive activities"
"PIROXYN % 0,5 JEL (50 GR)",piroxicam,405,"risk or severity of adverse effects, metabolism, therapeutic efficacy"
PIRUCIN 50 MG/25 ML IV ENJ. ICIN LIY.TOZ ICEREN FLAKON,epirubicin,18,"risk or severity of adverse effects, cardiotoxic activities, immunosuppressive activities"
PIVERTEL 100 MG FILM KAPLI TABLET (40 TABLET),pinaverium,132,"risk or severity of hypotension, therapeutic efficacy, metabolism"
PIVERTEL 100 MG FILM KAPLI TABLET (80 TABLET),pinaverium,132,"risk or severity of hypotension, therapeutic efficacy, metabolism"
PIVERTEL 50 MG FILM KAPLI TABLET (40 TABLET),pinaverium,132,"risk or severity of hypotension, therapeutic efficacy, metabolism"
PIVERTEL 50 MG FILM KAPLI TABLET (80 TABLET),pinaverium,132,"risk or severity of hypotension, therapeutic efficacy, metabolism"
PIYELOSEPTYL 100 MG 30 TB,nitrofurantoin,15,"serum concentration, risk or severity of adverse effects, hyperkalemic activities"
PIYELOSEPTYL 25 MG/5 ML 100 ML SUSPANSIYON,nitrofurantoin,15,"serum concentration, risk or severity of adverse effects, hyperkalemic activities"
PIYELOSEPTYL 50 MG 30 KAP,nitrofurantoin,15,"serum concentration, risk or severity of adverse effects, hyperkalemic activities"
PK-MERZ 100 MG 90 TB,amantadine,116,"QTc-prolonging activities, therapeutic efficacy, serum concentration"
PK-MERZ IV INF. COZ. 2X500 ML,amantadine,116,"QTc-prolonging activities, therapeutic efficacy, serum concentration"
PLANOR 75 MG 28 FTB,clopidogrel,321,"metabolism, serum concentration, therapeutic efficacy"
PLANTIGMIN 1 ML 6 AMP,neostigmine,157,"risk or severity of adverse effects, therapeutic efficacy, bradycardic activities"
PLAPANT 40 MG IV ENJEKSIYONLUK COZELTI ICIN LIYOFILIZE TOZ ICEREN 1 FLAKON,pantoprazole,297,"metabolism, serum concentration, therapeutic efficacy"
PLAQUENIL 200 MG 30 FTB,hydroxychloroquine,84,"serum concentration, metabolism, risk or severity of QTc prolongation"
PLASORIN 10 MG TABLET (28 TABLET),warfarin,575,"anticoagulant activities, metabolism, serum concentration"
PLASORIN 5 MG TABLET,warfarin,575,"anticoagulant activities, metabolism, serum concentration"
PLAVIX 75 MG 28 FTB,clopidogrel,321,"metabolism, serum concentration, therapeutic efficacy"
PLAVIX 75 MG 90 FTB,clopidogrel,321,"metabolism, serum concentration, therapeutic efficacy"
PLENDIL 2.5 MG 20 FTB,felodipine,528,"metabolism, hypotensive activities, risk or severity of adverse effects"
PLENDIL 5 MG 20 FTB,felodipine,528,"metabolism, hypotensive activities, risk or severity of adverse effects"
PLETAL 100 MG 60 TB,cilostazol,309,"serum concentration, anticoagulant activities, metabolism"
PLOXAL-S 100 MG/20 ML IV INF. ICIN KONSANTRE COZ. ICEREN FLK,oxaliplatin,59,"metabolism, serum concentration, cardiotoxic activities"
PLOXAL-S 200 MG/40 ML IV INF. ICIN KONSANTRE COZ. ICEREN FLK,oxaliplatin,59,"metabolism, serum concentration, cardiotoxic activities"
PLOXAL-S 50 MG 5 MG/10 ML 1 IV INF. ICIN KON.COZ. ICEREN FLK,oxaliplatin,59,"metabolism, serum concentration, cardiotoxic activities"
PODORA 200 MG FILM KAPLI TABLET (14 ADET),cefpodoxime,46,"serum concentration, absorption, nephrotoxic activities"
PODORA 200 MG FILM KAPLI TABLET (20 ADET),cefpodoxime,46,"serum concentration, absorption, nephrotoxic activities"
"POLGYL %0,5 IV PERFUZYON SOL 100 ML SETLI (POLIFARMA)",metronidazole,211,"metabolism, QTc-prolonging activities, serum concentration"
"POLGYL %0,5 IV PERFUZYON SOL 100 ML SETSIZ (POLIFARMA)",metronidazole,211,"metabolism, QTc-prolonging activities, serum concentration"
"POLIFLEKS %0,45 SODYUM KLORUR IV INF ICIN COZ 1000 ML (SETLI)",sodium chloride,1,risk or severity of adverse effects
"POLIFLEKS %0,45 SODYUM KLORUR IV INFUZYON ICIN COZELTI, 1000 ML (SETSIZ)",sodium chloride,1,risk or severity of adverse effects
"POLIFLEKS %0,45 SODYUM KLORUR IV INFUZYON ICIN COZELTI, 500 ML (SETSIZ)",sodium chloride,1,risk or severity of adverse effects
POLIFLEKS %5 MANNITOL UROLOJIK IRRIGASYON COZELTISI 3000 ML SETLI,mannitol,219,"risk or severity of adverse effects, hypotensive activities, nephrotoxic activities"
POLIFLEKS %5 MANNITOL UROLOJIK IRRIGASYON COZELTISI 3000 ML SETSIZ,mannitol,219,"risk or severity of adverse effects, hypotensive activities, nephrotoxic activities"
"POLIMISIN 10.000 IU/30 MG DERI MERHEMI, (14,2 G)",oxytetracycline,91,"therapeutic efficacy, absorption, neuromuscular blocking activities"
POLTEOFILIN 200 IV INF. ICIN ENJEKTABL COZELTI 100 ML SETLI (POLIFARMA),theophylline,536,"metabolism, serum concentration, antihypertensive activities"
POLTEOFILIN 200 IV INF. ICIN ENJEKTABL COZELTI 100 ML SETSIZ (POLIFARMA),theophylline,536,"metabolism, serum concentration, antihypertensive activities"
POLTEOFILIN 400 IV INF. ICIN ENJEKTABL COZELTI 500 ML SETLI (POLIFARMA),theophylline,536,"metabolism, serum concentration, antihypertensive activities"
POLTEOFILIN 400 IV INF. ICIN ENJEKTABL COZELTI 500 ML SETSIZ (POLIFARMA),theophylline,536,"metabolism, serum concentration, antihypertensive activities"
"POLİFLEKS %20 MANNİTOL SUDAKİ I.V. İNFÜZYON İÇİN ÇÖZELTİ, 1000 ML PVC SETLİ",mannitol,219,"risk or severity of adverse effects, hypotensive activities, nephrotoxic activities"
"POLİFLEKS %20 MANNİTOL SUDAKİ I.V. İNFÜZYON İÇİN ÇÖZELTİ, 1000 ML PVC SETSİZ",mannitol,219,"risk or severity of adverse effects, hypotensive activities, nephrotoxic activities"
"POLİFLEKS %20 MANNİTOL SUDAKİ I.V. İNFÜZYON İÇİN ÇÖZELTİ, 250 ML PVC TORBA (SETSİZ)",mannitol,219,"risk or severity of adverse effects, hypotensive activities, nephrotoxic activities"
POMALEM 1 MG SERT KAPSUL (21 SERT KAPSUL),pomalidomide,521,"risk or severity of adverse effects, metabolism, serum concentration"
POMALEM 2 MG SERT KAPSUL (21 SERT KAPSUL),pomalidomide,521,"risk or severity of adverse effects, metabolism, serum concentration"
POMALEM 3 MG SERT KAPSUL (21 SERT KAPSUL),pomalidomide,521,"risk or severity of adverse effects, metabolism, serum concentration"
POMALEM 4 MG SERT KAPSUL (21 SERT KAPSUL),pomalidomide,521,"risk or severity of adverse effects, metabolism, serum concentration"
PONSTAN FORTE 500 MG 20 FTB,mefenamic acid,406,"risk or severity of adverse effects, metabolism, therapeutic efficacy"
POSAGIL 100 MG GASTOREZISTAN TABLET,posaconazole,678,"metabolism, serum concentration, therapeutic efficacy"
POSAKSIN 40 MG/ML ORAL SUSPANSIYON,posaconazole,678,"metabolism, serum concentration, therapeutic efficacy"
POSECTIO 300 MG I.V. INFUZYONLUK COZELTI HAZIRLAMAK ICIN KONSANTRE (1 FLAKON),posaconazole,678,"metabolism, serum concentration, therapeutic efficacy"
"POSTPİLL ONE 1,5 MG TABLET, 1 TABLET",levonorgestrel,169,"therapeutic efficacy, serum concentration, metabolism"
"POTANT 500 MG FILM KAPLI TABLET, 7 TABLET",levofloxacin,411,"QTc-prolonging activities, neuroexcitatory activities, risk or severity of adverse effects"
POTASYUM KLORUR %22.5 10 ML 10 AMP (GALEN),potassium chloride,67,"ulcerogenic activities, hyperkalemic activities, risk or severity of hyperkalemia"
"POTASYUM KLORUR %7,5 SIBU PHARM ENJEKSIYONLUK COZELTI (10 AMPUL)",potassium chloride,67,"ulcerogenic activities, hyperkalemic activities, risk or severity of hyperkalemia"
POTASYUM KLORUR %7.5 10 ML 10 AMP (BIOSEL),potassium chloride,67,"ulcerogenic activities, hyperkalemic activities, risk or severity of hyperkalemia"
POTASYUM KLORUR %7.5 10 ML 10 AMP (GALEN),potassium chloride,67,"ulcerogenic activities, hyperkalemic activities, risk or severity of hyperkalemia"
"POTASYUM KLORUR ONFARMA %7,5 10 ML 10 AMP",potassium chloride,67,"ulcerogenic activities, hyperkalemic activities, risk or severity of hyperkalemia"
POTCIT 10 MEQ 100 KONTROLLU SALIM TB,potassium citrate,229,"anticoagulant activities, risk or severity of adverse effects, therapeutic efficacy"
PRABEX 20 MG 28 ENTERIK KAPLI TB,rabeprazole,274,"metabolism, serum concentration, risk or severity of adverse effects"
PRADAXA 110 MG 60 SERT KAP,dabigatran etexilate,433,"serum concentration of active metabolites, anticoagulant activities, serum concentration"
PRADAXA 150 MG 60 SERT KAP,dabigatran etexilate,433,"serum concentration of active metabolites, anticoagulant activities, serum concentration"
PRAKORTIL %1+%1 KREM (30 G),hydrocortisone,368,"risk or severity of adverse effects, serum concentration, metabolism"
"PRAMOFEN %1+%0,25 KREM 50 G",pramocaine,279,"risk or severity of adverse effects, central nervous system depressant (CNS depressant) activities, sedative activities"
PRATIN 2 MG 30 FILM KAPLI TABLET,pitavastatin,331,"serum concentration, metabolism, risk or severity of rhabdomyolysis"
PRATIN 4 MG 30 FILM KAPLI TABLET,pitavastatin,331,"serum concentration, metabolism, risk or severity of rhabdomyolysis"
PRAVACHOL 10 MG 20 TB,pravastatin,356,"serum concentration, metabolism, risk or severity of rhabdomyolysis"
PRAVACHOL 20 MG 20 TB,pravastatin,356,"serum concentration, metabolism, risk or severity of rhabdomyolysis"
PRAVACHOL 40 MG 30 TB,pravastatin,356,"serum concentration, metabolism, risk or severity of rhabdomyolysis"
PRECORT 16 MG 20 TB,methylprednisolone,361,"risk or severity of adverse effects, serum concentration, therapeutic efficacy"
PRECORT 4 MG 20 TB,methylprednisolone,361,"risk or severity of adverse effects, serum concentration, therapeutic efficacy"
PRECORT-LIYO 20 MG IM/IV ENJ ICIN LIY. TOZ ICEREN AMP,methylprednisolone,361,"risk or severity of adverse effects, serum concentration, therapeutic efficacy"
PRECORT-LIYO 250 MG IM/IV ENJ. ICIN LIYOFILIZE TOZ ICEREN AMP,methylprednisolone,361,"risk or severity of adverse effects, serum concentration, therapeutic efficacy"
PRECORT-LIYO 40 MG IM/IV ENJ ICIN LIY. TOZ ICEREN AMP,methylprednisolone,361,"risk or severity of adverse effects, serum concentration, therapeutic efficacy"
"PRECOXIN %10 SPREY, 40 ML",lidocaine,572,"metabolism, risk or severity of adverse effects, serum concentration"
PRED-FORTE %1 5 ML GOZ DAMLASI,prednisolone,365,"risk or severity of adverse effects, serum concentration, therapeutic efficacy"
PREDNOL %0.125 30 GR KREM,desonide,251,"risk or severity of adverse effects, serum concentration, hypokalemic activities"
PREDNOL %0.125 30 GR POMAD,desonide,251,"risk or severity of adverse effects, serum concentration, hypokalemic activities"
PREDNOL 16 MG 20 TB,methylprednisolone,361,"risk or severity of adverse effects, serum concentration, therapeutic efficacy"
PREDNOL 4 MG 20 TB,methylprednisolone,361,"risk or severity of adverse effects, serum concentration, therapeutic efficacy"
PREDNOL-L 20 MG 1 AMP,methylprednisolone,361,"risk or severity of adverse effects, serum concentration, therapeutic efficacy"
PREDNOL-L 250 MG 1 AMP,methylprednisolone,361,"risk or severity of adverse effects, serum concentration, therapeutic efficacy"
PREDNOL-L 40 MG 1 AMP,methylprednisolone,361,"risk or severity of adverse effects, serum concentration, therapeutic efficacy"
"PRELICA 75 MG KAPSUL, 56 ADET",pregabalin,345,"therapeutic efficacy, risk or severity of heart failure, central nervous system depressant (CNS depressant) activities"
PREXET 100 MG IVINF ICIN LIYOFILIZE TOZ ICEREN 1 FLK,pemetrexed,17,"risk or severity of adverse effects, cardiotoxic activities, immunosuppressive activities"
PREXET 500 MG IV INF ICIN LIYOFILIZE TOZ ICEREN 1 FLK,pemetrexed,17,"risk or severity of adverse effects, cardiotoxic activities, immunosuppressive activities"
PREZISTA 400 MG 60 TB,darunavir,721,"serum concentration, metabolism, therapeutic efficacy"
PREZISTA 600 MG 60 TB,darunavir,721,"serum concentration, metabolism, therapeutic efficacy"
PRICAIN %2 ENJEKSIYONLUK COZ ICEREN FLAKON,prilocaine,301,"risk or severity of adverse effects, central nervous system depressant (CNS depressant) activities, sedative activities"
PRICALEST %2 ENJ COZ ICEREN 1 FLK,prilocaine,301,"risk or severity of adverse effects, central nervous system depressant (CNS depressant) activities, sedative activities"
PRIDESMO 120 MCG DILALTI TABLET (30 TABLET),desmopressin,143,"risk or severity of adverse effects, therapeutic efficacy"
PRIDESMO 60 MCG DILALTI TABLET (30 TABLET),desmopressin,143,"risk or severity of adverse effects, therapeutic efficacy"
PRILOC %2 ENJEKSIYONLUK COZELTI ICEREN FLAKON,prilocaine,301,"risk or severity of adverse effects, central nervous system depressant (CNS depressant) activities, sedative activities"
"PRILOSEL %2 ENJEKSIYONLUK COZELTI (20 ML, 1 FLAKON)",prilocaine,301,"risk or severity of adverse effects, central nervous system depressant (CNS depressant) activities, sedative activities"
PRIMOLUT-N 5 MG 30 TB,norethisterone,174,"therapeutic efficacy, serum concentration, metabolism"
PRIMOVIST 0.25 MMOL/ML IV ENJ ICIN COZ ICEREN KULL HAZIR ENJ 10 ML,gadoxetic acid,3,serum concentration
"PRO-FLEKS % 0,9 SODYUM KLORUR IZOTONIK COZ 100 ML (SETLI)",sodium chloride,1,risk or severity of adverse effects
"PRO-FLEKS % 0,9 SODYUM KLORUR IZOTONIK COZ 100 ML (SETSIZ)",sodium chloride,1,risk or severity of adverse effects
"PRO-FLEKS % 0,9 SODYUM KLORUR IZOTONIK COZ 1000 ML (SETLI)",sodium chloride,1,risk or severity of adverse effects
"PRO-FLEKS % 0,9 SODYUM KLORUR IZOTONIK COZ 1000 ML (SETSIZ)",sodium chloride,1,risk or severity of adverse effects
"PRO-FLEKS % 0,9 SODYUM KLORUR IZOTONIK COZ 150 ML (SETLI)",sodium chloride,1,risk or severity of adverse effects
"PRO-FLEKS % 0,9 SODYUM KLORUR IZOTONIK COZ 150 ML (SETSIZ)",sodium chloride,1,risk or severity of adverse effects
"PRO-FLEKS % 0,9 SODYUM KLORUR IZOTONIK COZ 250 ML (SETLI)",sodium chloride,1,risk or severity of adverse effects
"PRO-FLEKS % 0,9 SODYUM KLORUR IZOTONIK COZ 250 ML (SETSIZ)",sodium chloride,1,risk or severity of adverse effects
"PRO-FLEKS % 0,9 SODYUM KLORUR IZOTONIK COZ 50 ML (SETLI)",sodium chloride,1,risk or severity of adverse effects
"PRO-FLEKS % 0,9 SODYUM KLORUR IZOTONIK COZ 50 ML (SETSIZ)",sodium chloride,1,risk or severity of adverse effects
"PRO-FLEKS % 0,9 SODYUM KLORUR IZOTONIK COZ 500 ML (SETLI)",sodium chloride,1,risk or severity of adverse effects
"PRO-FLEKS % 0,9 SODYUM KLORUR IZOTONIK COZ 500 ML (SETSIZ)",sodium chloride,1,risk or severity of adverse effects
PROBLOK 100 MG 20 FTB,metoprolol,735,"serum concentration, metabolism, hypotensive activities"
PROBLOK 50 MG 20 TB,metoprolol,735,"serum concentration, metabolism, hypotensive activities"
PROCALUT 150 MG 28 FTB,bicalutamide,130,"metabolism, serum concentration, risk or severity of adverse effects"
PROCALUT 50 MG 28 FTB,bicalutamide,130,"metabolism, serum concentration, risk or severity of adverse effects"
PROFEN % 5 JEL (60 G),ibuprofen,424,"risk or severity of adverse effects, metabolism, therapeutic efficacy"
PROFEN FORT 600 MG 20 TB,ibuprofen,424,"risk or severity of adverse effects, metabolism, therapeutic efficacy"
PROFENID 1 MG/ ML 150 ML SURUP,ketoprofen,397,"risk or severity of adverse effects, metabolism, therapeutic efficacy"
PROFENID 25 MG/GR 60 GR JEL,ketoprofen,397,"risk or severity of adverse effects, metabolism, therapeutic efficacy"
PROGAS 40 MG IV ENJ. TOZ ICEREN 1 FLAKON,pantoprazole,297,"metabolism, serum concentration, therapeutic efficacy"
PROGESTAN 100 MG 30 YUM KAP,progesterone,305,"metabolism, serum concentration, absorption"
PROGESTAN 200 MG 30 YUMUSAK KAP,progesterone,305,"metabolism, serum concentration, absorption"
PROGESTAN 50 MG/ML IM 5 AMP,progesterone,305,"metabolism, serum concentration, absorption"
"PROGESTAN DEX 25 MG / 1 ML I.M. / S.C. ENJEKSİYONLUK ÇÖZELTİ, 7 ADET",progesterone,305,"metabolism, serum concentration, absorption"
PROGRAF 0.5 MG 50 KAP,tacrolimus,432,"metabolism, immunosuppressive activities, serum concentration"
PROGRAF 1 MG 50 KAP,tacrolimus,432,"metabolism, immunosuppressive activities, serum concentration"
PROGRAF 5 MG 50 KAP,tacrolimus,432,"metabolism, immunosuppressive activities, serum concentration"
PROGRAF 5 MG/ML 1 ML 10 AMP,tacrolimus,432,"metabolism, immunosuppressive activities, serum concentration"
PROJEZIK 100 MG 15 FTB,flurbiprofen,396,"risk or severity of adverse effects, metabolism, therapeutic efficacy"
PROKINIB 200MG 112 FİLM KAPLI TABLET,sorafenib,411,"metabolism, serum concentration, QTc-prolonging activities"
PROLIXIN DECANOATE RETARD 25 MG 1ML 1AMP,fluphenazine,440,"risk or severity of adverse effects, metabolism, serum concentration"
PROLUTEX 25 MG ENJEKSİYONLUK ÇÖZELTİ,progesterone,305,"metabolism, serum concentration, absorption"
PROMESTER 50 MG/ML I.M. ENJEKSIYONLUK COZELTI (5 FLAKON),progesterone,305,"metabolism, serum concentration, absorption"
"PROPECİA 1 MG FİLM KAPLI TABLET, 28 ADET",finasteride,84,"metabolism, serum concentration"
PROPESS 10 MG 1 OVUL,dinoprostone,110,"therapeutic efficacy, metabolism, serum concentration"
PROPOFOL-PF %1 200 MG/20 ML I.V. ENJEKSIYONLUK/ INFUZYONLUK EMULSIYON (5 AMPUL),propofol,593,"risk or severity of adverse effects, metabolism, serum concentration"
PROPYCIL 50 MG 20 TB,propylthiouracil,17,"serum concentration, anticoagulant activities, risk or severity of adverse effects"
PROPYCIL 50 MG 50 TB,propylthiouracil,17,"serum concentration, anticoagulant activities, risk or severity of adverse effects"
PROSCAR 5 MG FILM KAPLI TABLET (28 TABLET),finasteride,84,"metabolism, serum concentration"
PROTAZ 40 MG IV ENJ TOZ ICEREN 1 FLK,pantoprazole,297,"metabolism, serum concentration, therapeutic efficacy"
PROTECH 40 MG 14 ENTERIK KAPLI TB,pantoprazole,297,"metabolism, serum concentration, therapeutic efficacy"
PROTECH 40 MG 28 ENTERIK KAPLI TB,pantoprazole,297,"metabolism, serum concentration, therapeutic efficacy"
PROTINUM 20 MG 28 ENTERIK TB,pantoprazole,297,"metabolism, serum concentration, therapeutic efficacy"
PROTINUM 40 MG 14 ENTERIK TB,pantoprazole,297,"metabolism, serum concentration, therapeutic efficacy"
PROTINUM 40 MG 28 ENTERIK TB,pantoprazole,297,"metabolism, serum concentration, therapeutic efficacy"
PROTONEX 40 MG 28 ENTERIK KAPLI TB,pantoprazole,297,"metabolism, serum concentration, therapeutic efficacy"
PROZAC 20 MG 24 KAP,fluoxetine,794,"metabolism, risk or severity of adverse effects, serum concentration"
PSOBETAZOL %0.05 KOPUK (50 G),clobetasol,251,"risk or severity of adverse effects, serum concentration, hypokalemic activities"
"PSODERM % 0,05 50 GR MERHEM",clobetasol,251,"risk or severity of adverse effects, serum concentration, hypokalemic activities"
"PSODERM %0,05 50 G KREM",clobetasol,251,"risk or severity of adverse effects, serum concentration, hypokalemic activities"
PSODERM %0.05 25 ML SAC LOSYONU,clobetasol,251,"risk or severity of adverse effects, serum concentration, hypokalemic activities"
"PSORCUTAN %0,005 MERHEM",calcipotriol,43,"risk or severity of adverse effects, risk or severity of hyperkalemia, cardiotoxic activities"
"PSORCUTAN 0,05 MG/ML SCALP COZELTI",calcipotriol,43,"risk or severity of adverse effects, risk or severity of hyperkalemia, cardiotoxic activities"
PSORETIN 10 MG SERT KAPSUL (100 KAPSUL),acitretin,27,"therapeutic efficacy, risk or severity of adverse effects, teratogenic activities"
PSORETIN 25 MG SERT KAPSUL (100 KAPSUL),acitretin,27,"therapeutic efficacy, risk or severity of adverse effects, teratogenic activities"
"PSOVATE %0,05 50 GR KREM",clobetasol,251,"risk or severity of adverse effects, serum concentration, hypokalemic activities"
"PSOVATE %0,05 50 GR MERHEM",clobetasol,251,"risk or severity of adverse effects, serum concentration, hypokalemic activities"
PSOVATE 25 ML LOSYON (PSOVATE %0.05 25 ML SAC LOSYONU),clobetasol,251,"risk or severity of adverse effects, serum concentration, hypokalemic activities"
PULARTER 20 MG 90 FILM KAPLI TABLET,sildenafil,763,"metabolism, serum concentration, antihypertensive activities"
"PULBIEN 0,25 MG/ML NEBULIZASYON SUSPANSIYONU (20 ADET)",budesonide,305,"risk or severity of adverse effects, serum concentration, hypokalemic activities"
"PULBIEN 0,5 MG/ML NEBULIZASYON SUSPANSIYONU (20 ADET)",budesonide,305,"risk or severity of adverse effects, serum concentration, hypokalemic activities"
PULCET 40 MG 14 ENTERIK KAPLI TB,pantoprazole,297,"metabolism, serum concentration, therapeutic efficacy"
PULCET 40 MG 28 ENTERIK KAPLI TB,pantoprazole,297,"metabolism, serum concentration, therapeutic efficacy"
PULDAFIX 20 MG FILM KAPLI TABLET (60 TABLET),tadalafil,285,"antihypertensive activities, serum concentration, hypotensive activities"
"PULMOR 15 MG/5 ML PEDIATRIK ŞURUP, 150 ML",ambroxol,107,"metabolism, serum concentration, risk or severity of adverse effects"
"PULMOR 30 MG/5 ML ŞURUP, 150 ML",ambroxol,107,"metabolism, serum concentration, risk or severity of adverse effects"
"PURDOX %5 KREM, 30 G",doxepin,688,"risk or severity of adverse effects, metabolism, serum concentration"
PURINOL 250 MG+ 615 MG/5 G EFERVESAN GRANUL (140 G SISE),methenamine,39,"therapeutic efficacy, serum concentration, risk or severity of adverse effects"
PURINOL 250 MG+ 615 MG/5 G EFERVESAN GRANUL (70 G SISE),methenamine,39,"therapeutic efficacy, serum concentration, risk or severity of adverse effects"
Pimavans 34 mg Sert Kapsül (30 adet),pimavanserin,7,therapeutic efficacy
"QALYVIZ 0,25 MCG YUMUSAK KAPSUL",calcitriol,183,"metabolism, therapeutic efficacy, serum concentration"
"QALYVIZ 0,5 MCG YUMUSAK KAPSUL",calcitriol,183,"metabolism, therapeutic efficacy, serum concentration"
"QSMOK 150 MG UZATILMIŞ SALIMLI TABLET, 60 ADET",bupropion,392,"metabolism, serum concentration, risk or severity of adverse effects"
"QUANTAVIR 0,5 MG 30 FTB",entecavir,3,"risk or severity of adverse effects, hepatotoxic activities"
QUANTAVIR 1 MG 30 FTB,entecavir,3,"risk or severity of adverse effects, hepatotoxic activities"
QUELEPT 100 MG 30 FTB,quetiapine,708,"risk or severity of adverse effects, QTc-prolonging activities, serum concentration"
QUELEPT 150 MG FILM KAPLI TABLET (30 TABLET),quetiapine,708,"risk or severity of adverse effects, QTc-prolonging activities, serum concentration"
QUELEPT 200 MG 30 FTB,quetiapine,708,"risk or severity of adverse effects, QTc-prolonging activities, serum concentration"
QUELEPT 25 MG 30 FTB,quetiapine,708,"risk or severity of adverse effects, QTc-prolonging activities, serum concentration"
QUELEPT 300 MG 30 FTB,quetiapine,708,"risk or severity of adverse effects, QTc-prolonging activities, serum concentration"
QUELEPT 400 MG FILM KAPLI TABLET (30 TABLET),quetiapine,708,"risk or severity of adverse effects, QTc-prolonging activities, serum concentration"
QUELEPT 50 MG FILM KAPLI TABLET (30 TABLET),quetiapine,708,"risk or severity of adverse effects, QTc-prolonging activities, serum concentration"
QUET 100 MG 30 FTB,quetiapine,708,"risk or severity of adverse effects, QTc-prolonging activities, serum concentration"
QUET 150 MG 30 FTB,quetiapine,708,"risk or severity of adverse effects, QTc-prolonging activities, serum concentration"
QUET 200 MG 30 FTB,quetiapine,708,"risk or severity of adverse effects, QTc-prolonging activities, serum concentration"
QUET 25 MG 30 FTB,quetiapine,708,"risk or severity of adverse effects, QTc-prolonging activities, serum concentration"
QUET 300 MG 30 FTB,quetiapine,708,"risk or severity of adverse effects, QTc-prolonging activities, serum concentration"
QUET 400 MG 30 FTB,quetiapine,708,"risk or severity of adverse effects, QTc-prolonging activities, serum concentration"
QUET XR 150 MG UZATILMIS SALIMLI 30 TB,quetiapine,708,"risk or severity of adverse effects, QTc-prolonging activities, serum concentration"
QUET XR 200 MG UZATILMIS SALIMLI 30 TB,quetiapine,708,"risk or severity of adverse effects, QTc-prolonging activities, serum concentration"
QUET XR 400 MG UZATILMIS SALIMLI 30 TB,quetiapine,708,"risk or severity of adverse effects, QTc-prolonging activities, serum concentration"
QUET XR 50 MG UZATILMIS SALIMLI 30 TAB,quetiapine,708,"risk or severity of adverse effects, QTc-prolonging activities, serum concentration"
RABELIS 20 MG 28 ENTERIK TB,rabeprazole,274,"metabolism, serum concentration, risk or severity of adverse effects"
RABIDOL 200 MG FILM KAPLI TABLET (40 FILM TABLET),albendazole,128,"metabolism, serum concentration, cardiotoxic activities"
RABIZA 20 MG 14 ENTERIK KAPLI TB,rabeprazole,274,"metabolism, serum concentration, risk or severity of adverse effects"
RABIZA 20 MG 28 ENTERIK KAPLI TB,rabeprazole,274,"metabolism, serum concentration, risk or severity of adverse effects"
RABOBER 20 MG GASTRO REZISTAN TABLET (28 TABLET),rabeprazole,274,"metabolism, serum concentration, risk or severity of adverse effects"
RACE 10 MG 28 TB,ramipril,394,"risk or severity of adverse effects, hypotensive activities, serum concentration"
"RACE 2,5 MG 28 TB",ramipril,394,"risk or severity of adverse effects, hypotensive activities, serum concentration"
RACE 5 MG 28 TB,ramipril,394,"risk or severity of adverse effects, hypotensive activities, serum concentration"
RAJIL 1 MG 30 TB,rasagiline,475,"risk or severity of adverse effects, hypotensive activities, hypertensive activities"
RALEF 20 MG 30 FTB,leflunomide,598,"risk or severity of adverse effects, metabolism, therapeutic efficacy"
RAMADEX 100 MG / 2ML ENJEKSIYONLUK COZELTI (5 AMPUL),tramadol,545,"risk or severity of adverse effects, serum concentration, therapeutic efficacy"
"RAMIPEX 0,25 MG 100 TB",pramipexole,403,"sedative activities, risk or severity of adverse effects, therapeutic efficacy"
"RAMIPEX 1,0 MG 100 TB",pramipexole,403,"sedative activities, risk or severity of adverse effects, therapeutic efficacy"
RANEKS 20 MG 28 ENTERIK TB,rabeprazole,274,"metabolism, serum concentration, risk or severity of adverse effects"
RANTUDIL FORTE 60 MG 20 KAP,acemetacin,399,"risk or severity of adverse effects, therapeutic efficacy, risk or severity of bleeding"
RANTUDIL RETARD 90 MG 10 KAP,acemetacin,399,"risk or severity of adverse effects, therapeutic efficacy, risk or severity of bleeding"
RAPAMUNE 1 MG/ML 60 ML SOL,sirolimus,246,"serum concentration, therapeutic efficacy, metabolism"
RAPAMUNE 1MG 100 KAPLI TB,sirolimus,246,"serum concentration, therapeutic efficacy, metabolism"
RASALAS 1 MG 30 FTB,rasagiline,475,"risk or severity of adverse effects, hypotensive activities, hypertensive activities"
RASTEL 25 MG 20 CENTIKLI FTB,dexketoprofen,217,"risk or severity of adverse effects, thrombogenic activities, antiplatelet activities"
"RAVIVO 500 MG FILM KAPLI TABLET, 7 ADET",levofloxacin,411,"QTc-prolonging activities, neuroexcitatory activities, risk or severity of adverse effects"
"RAVIVO 500 MG/100 ML IV INFUZYON COZELTI ICEREN FLAKON, 1 ADET",levofloxacin,411,"QTc-prolonging activities, neuroexcitatory activities, risk or severity of adverse effects"
"RAVIVO 750 MG FILM KAPLI TABLET, 7 ADET",levofloxacin,411,"QTc-prolonging activities, neuroexcitatory activities, risk or severity of adverse effects"
"RAWEX %0,5 JEL",piroxicam,405,"risk or severity of adverse effects, metabolism, therapeutic efficacy"
RAZINA 375 MG UZATILMIS SALIMLI TABLET (60 TABLET),ranolazine,772,"serum concentration, metabolism, QTc-prolonging activities"
RAZINA 500 MG UZATILMIS SALIMLI TABLET (60 TABLET),ranolazine,772,"serum concentration, metabolism, QTc-prolonging activities"
RAZINA 750 MG UZATILMIS SALIMLI TABLET (60 TABLET),ranolazine,772,"serum concentration, metabolism, QTc-prolonging activities"
RAZOGEN 20 MG 28 ENTERIK KAPLI TB,rabeprazole,274,"metabolism, serum concentration, risk or severity of adverse effects"
REAMPLA 100 MG FILM KAPLI TABLET (21 FILM TABLET),palbociclib,570,"serum concentration, risk or severity of adverse effects, metabolism"
REAMPLA 100 MG KAPSUL (21 KAPSUL),palbociclib,570,"serum concentration, risk or severity of adverse effects, metabolism"
REAMPLA 125 MG FILM KAPLI TABLET (21 FILM TABLET),palbociclib,570,"serum concentration, risk or severity of adverse effects, metabolism"
REAMPLA 125 MG KAPSUL (21 KAPSUL),palbociclib,570,"serum concentration, risk or severity of adverse effects, metabolism"
REAMPLA 75 MG FILM KAPLI TABLET (21 FILM TABLET),palbociclib,570,"serum concentration, risk or severity of adverse effects, metabolism"
REAMPLA 75 MG KAPSUL (21 KAPSUL),palbociclib,570,"serum concentration, risk or severity of adverse effects, metabolism"
RECHROSITOL 10 MCG/ 2 ML IV ENJEKSIYONLUK COZELTI ICEREN (5 AMPUL),paricalcitol,123,"serum concentration, metabolism, risk or severity of adverse effects"
RECHROSITOL 5 MCG/ML IV ENJEKSIYONLUK COZELTI (5 AMPUL),paricalcitol,123,"serum concentration, metabolism, risk or severity of adverse effects"
RECTAZIN 4 G/60 ML REKTAL SUSPANSIYON (7 ADET),mesalazine,443,"risk or severity of adverse effects, therapeutic efficacy, antihypertensive activities"
RECTUS 161 MG/ML + 59 MG/ML REKTAL COZELTI (135 ML),sodium phosphate,185,"nephrotoxic activities, absorption, risk or severity of adverse effects"
RECTUS 161 MG/ML + 59 MG/ML REKTAL COZELTI (210 ML),sodium phosphate,185,"nephrotoxic activities, absorption, risk or severity of adverse effects"
REDEKAIN %5 POMAD (30 GR),lidocaine,572,"metabolism, risk or severity of adverse effects, serum concentration"
REDEPRA 15 MG 28 FTB,mirtazapine,527,"central nervous system depressant (CNS depressant) activities, metabolism, risk or severity of adverse effects"
REDEPRA 30 MG 28 FTB,mirtazapine,527,"central nervous system depressant (CNS depressant) activities, metabolism, risk or severity of adverse effects"
REDEPRA 45 MG 28 FTB,mirtazapine,527,"central nervous system depressant (CNS depressant) activities, metabolism, risk or severity of adverse effects"
REFASTIL 40 MG IV ENJ VE INF ICIN TOZ ICEREN 1 FLK,esomeprazole,277,"metabolism, serum concentration, therapeutic efficacy"
REGAPEN 150 MG 56 KAP,pregabalin,345,"therapeutic efficacy, risk or severity of heart failure, central nervous system depressant (CNS depressant) activities"
REGAPEN 25 MG 56 KAP,pregabalin,345,"therapeutic efficacy, risk or severity of heart failure, central nervous system depressant (CNS depressant) activities"
REGAPEN 300 MG 56 KAP,pregabalin,345,"therapeutic efficacy, risk or severity of heart failure, central nervous system depressant (CNS depressant) activities"
REGAPEN 75 MG 14 KAP,pregabalin,345,"therapeutic efficacy, risk or severity of heart failure, central nervous system depressant (CNS depressant) activities"
REGAPEN 75 MG 56 KAP,pregabalin,345,"therapeutic efficacy, risk or severity of heart failure, central nervous system depressant (CNS depressant) activities"
REGAPEN 75 MG KAPSUL (42 KAPSUL),pregabalin,345,"therapeutic efficacy, risk or severity of heart failure, central nervous system depressant (CNS depressant) activities"
RELESTAT 0.5 MG/ML 5 ML GOZ DAMLASI,epinastine,278,"metabolism, serum concentration, vasoconstricting activities"
RELIV 10 MG SERT KAPSUL (21 ADET),lenalidomide,37,"thrombogenic activities, serum concentration, risk or severity of adverse effects"
RELIV 15 MG SERT KAPSUL (21 ADET),lenalidomide,37,"thrombogenic activities, serum concentration, risk or severity of adverse effects"
RELIV 25 MG SERT KAPSUL (21 ADET),lenalidomide,37,"thrombogenic activities, serum concentration, risk or severity of adverse effects"
RELIV 5 MG SERT KAPSUL (21 ADET),lenalidomide,37,"thrombogenic activities, serum concentration, risk or severity of adverse effects"
RELPAX 40 MG 3 FTB,eletriptan,277,"metabolism, risk or severity of adverse effects, serum concentration"
REMERON 30 MG 14 FTB,mirtazapine,527,"central nervous system depressant (CNS depressant) activities, metabolism, risk or severity of adverse effects"
REMERON 30 MG 28 FTB,mirtazapine,527,"central nervous system depressant (CNS depressant) activities, metabolism, risk or severity of adverse effects"
REMINYL 4 MG/ML 100 ML ORAL SOL,galantamine,325,"metabolism, risk or severity of adverse effects, QTc-prolonging activities"
REMINYL 8 MG 28 UZATILMIS SALIMLI KAP,galantamine,325,"metabolism, risk or severity of adverse effects, QTc-prolonging activities"
RENALAMER 800 MG 180 FTB,sevelamer,24,"absorption, serum concentration"
RENTANIL 2 MG ENJ LIYO TOZ ICEREN FLK,remifentanil,505,"risk or severity of adverse effects, bradycardic activities, central nervous system depressant (CNS depressant) activities"
RENTANIL 5 MG ENJ LIYO TOZ ICEREN FLK,remifentanil,505,"risk or severity of adverse effects, bradycardic activities, central nervous system depressant (CNS depressant) activities"
REPALBO 100 MG FILM KAPLI TABLET (21 FILM KAPLI TABLET),palbociclib,570,"serum concentration, risk or severity of adverse effects, metabolism"
REPALBO 125 MG FILM KAPLI TABLET (21 FILM KAPLI TABLET),palbociclib,570,"serum concentration, risk or severity of adverse effects, metabolism"
REPALBO 75 MG FILM KAPLI TABLET (21 FILM KAPLI TABLET),palbociclib,570,"serum concentration, risk or severity of adverse effects, metabolism"
REQUIP XL 2 MG 28 UZATILMIS SALIMLI TB,ropinirole,700,"sedative activities, metabolism, risk or severity of adverse effects"
REQUIP XL 4 MG 28 UZATILMIS SALIMLI TB,ropinirole,700,"sedative activities, metabolism, risk or severity of adverse effects"
REQUIP XL 8 MG 28 UZATILMIS SALIMLI TB,ropinirole,700,"sedative activities, metabolism, risk or severity of adverse effects"
RESECTISOL %5 3.000 ML (SETLI TORBA),mannitol,219,"risk or severity of adverse effects, hypotensive activities, nephrotoxic activities"
RESECTISOL %5 3000 ML (SETSIZ TORBA),mannitol,219,"risk or severity of adverse effects, hypotensive activities, nephrotoxic activities"
"RESTAD 0,5 MG YUMUSAK KAPSUL (30 KAPSUL)",dutasteride,84,"serum concentration, metabolism"
RETOMIN 20 MG 90 FTB,sildenafil,763,"metabolism, serum concentration, antihypertensive activities"
RETROVIR 200 MG/20 ML 5 FLK,zidovudine,193,"metabolism, serum concentration, risk or severity of adverse effects"
RETROVIR 250 MG 40 KAP,zidovudine,193,"metabolism, serum concentration, risk or severity of adverse effects"
RETROVIR 50 MG/5 ML 200 ML SURUP,zidovudine,193,"metabolism, serum concentration, risk or severity of adverse effects"
REUMIL 10 MG FILM TABLET,leflunomide,598,"risk or severity of adverse effects, metabolism, therapeutic efficacy"
REUMIL 20 MG FTB,leflunomide,598,"risk or severity of adverse effects, metabolism, therapeutic efficacy"
REVATIO 20 MG 90 FTB,sildenafil,763,"metabolism, serum concentration, antihypertensive activities"
REVLIMID 10 MG 21 SERT KAP,lenalidomide,37,"thrombogenic activities, serum concentration, risk or severity of adverse effects"
REVLIMID 15 MG 21 SERT KAP,lenalidomide,37,"thrombogenic activities, serum concentration, risk or severity of adverse effects"
REVLIMID 25 MG 21 SERT KAP,lenalidomide,37,"thrombogenic activities, serum concentration, risk or severity of adverse effects"
REVLIMID 5 MG 21 SERT KAP,lenalidomide,37,"thrombogenic activities, serum concentration, risk or severity of adverse effects"
"REVOLADE 12,5 MG 14 FILM KAPLI TABLET",eltrombopag,167,"serum concentration, metabolism"
REVOLADE 25 MG 14 FTB,eltrombopag,167,"serum concentration, metabolism"
REVOLADE 50 MG 14 FTB,eltrombopag,167,"serum concentration, metabolism"
REVOPAG 25 MG 14 FILM KAPLI TABLET,eltrombopag,167,"serum concentration, metabolism"
REVOPAG 50 MG 14 FILM KAPLI TABLET,eltrombopag,167,"serum concentration, metabolism"
REVOPAG 75 MG FILM KAPLI TABLET (14 ADET),eltrombopag,167,"serum concentration, metabolism"
REXAPIN 10 MG 28 TB,olanzapine,622,"risk or severity of adverse effects, antihypertensive activities, vasoconstricting activities"
REXAPIN 15 MG 28 FTB,olanzapine,622,"risk or severity of adverse effects, antihypertensive activities, vasoconstricting activities"
REXAPIN 2.5 MG 28 FTB,olanzapine,622,"risk or severity of adverse effects, antihypertensive activities, vasoconstricting activities"
REXAPIN 20 MG 28 FTB,olanzapine,622,"risk or severity of adverse effects, antihypertensive activities, vasoconstricting activities"
REXAPIN 5 MG 28 FTB,olanzapine,622,"risk or severity of adverse effects, antihypertensive activities, vasoconstricting activities"
REXAPIN EASYTAB 10 MG 28 AGIZDA DAGILAN TB,olanzapine,622,"risk or severity of adverse effects, antihypertensive activities, vasoconstricting activities"
REXAPIN EASYTAB 15 MG 28 AGIZDA DAGILAN TB,olanzapine,622,"risk or severity of adverse effects, antihypertensive activities, vasoconstricting activities"
REXAPIN EASYTAB 20 MG 28 AGIZDA DAGILAN TB,olanzapine,622,"risk or severity of adverse effects, antihypertensive activities, vasoconstricting activities"
REXAPIN EASYTAB 5 MG 28 AGIZDA DAGILAN TB,olanzapine,622,"risk or severity of adverse effects, antihypertensive activities, vasoconstricting activities"
"REXULTI 0,5 MG FILM KAPLI TABLET (28 ADET)",brexpiprazole,574,"risk or severity of adverse effects, serum concentration, vasoconstricting activities"
REXULTI 1 MG FILM KAPLI TABLET (28 ADET),brexpiprazole,574,"risk or severity of adverse effects, serum concentration, vasoconstricting activities"
REXULTI 2 MG FILM KAPLI TABLET (28 ADET),brexpiprazole,574,"risk or severity of adverse effects, serum concentration, vasoconstricting activities"
REXULTI 3 MG FILM KAPLI TABLET (28 ADET),brexpiprazole,574,"risk or severity of adverse effects, serum concentration, vasoconstricting activities"
REXULTI 4 MG FILM KAPLI TABLET (28 ADET),brexpiprazole,574,"risk or severity of adverse effects, serum concentration, vasoconstricting activities"
REZOSEL %5 MANNITOL 3.000 ML SOL (BIOSEL SETLI TORBA),mannitol,219,"risk or severity of adverse effects, hypotensive activities, nephrotoxic activities"
REZOSEL %5 MANNITOL 3.000 ML SOL (BIOSEL SETSIZ TORBA),mannitol,219,"risk or severity of adverse effects, hypotensive activities, nephrotoxic activities"
RHEUMON 100 MG/ML 50 ML SPREY,etofenamate,319,"risk or severity of adverse effects, therapeutic efficacy, antihypertensive activities"
RHEUMON 50 MG/GR 40 GR JEL,etofenamate,319,"risk or severity of adverse effects, therapeutic efficacy, antihypertensive activities"
"RHINFANT %0,01 PEDIATRIK BURUN SPREYI, COZELTI",oxymetazoline,155,"vasoconstricting activities, atrioventricular blocking (AV block) activities, risk or severity of adverse effects"
"RHINFANT %0.025 PEDIYATRIK BURUN SPREYI, COZELTI (10 ML)",oxymetazoline,155,"vasoconstricting activities, atrioventricular blocking (AV block) activities, risk or severity of adverse effects"
"RHINFANT %0.05 BURUN SPREYI, COZELTI (10 ML)",oxymetazoline,155,"vasoconstricting activities, atrioventricular blocking (AV block) activities, risk or severity of adverse effects"
RICUS 1 MG 20 FILM KAPLI TABLET,risperidone,694,"risk or severity of adverse effects, hypotensive activities, metabolism"
"RICUS 1 MG/ML ORAL COZELTI, 100 ML",risperidone,694,"risk or severity of adverse effects, hypotensive activities, metabolism"
RICUS 2 MG 20 FILM KAPLI TABLET,risperidone,694,"risk or severity of adverse effects, hypotensive activities, metabolism"
RICUS 3 MG 20 FILM KAPLI TABLET,risperidone,694,"risk or severity of adverse effects, hypotensive activities, metabolism"
RICUS 4 MG 20 FILM KAPLI TABLET,risperidone,694,"risk or severity of adverse effects, hypotensive activities, metabolism"
RIFCAP 150 MG 16 KAP,rifampicin,819,"metabolism, serum concentration, risk or severity of hypotension"
RIFCAP 300 MG 16 KAP,rifampicin,819,"metabolism, serum concentration, risk or severity of hypotension"
RILACE 10 MG 28 TB,lisinopril,394,"risk or severity of adverse effects, hypotensive activities, serum concentration"
RILACE 20 MG 28 TB,lisinopril,394,"risk or severity of adverse effects, hypotensive activities, serum concentration"
RILACE 5 MG 28 TB,lisinopril,394,"risk or severity of adverse effects, hypotensive activities, serum concentration"
RILEPTID 1 MG 20 FTB,risperidone,694,"risk or severity of adverse effects, hypotensive activities, metabolism"
RILEPTID 1 MG 60 TB,risperidone,694,"risk or severity of adverse effects, hypotensive activities, metabolism"
RILEPTID 1 MG FILM KAPLI TABLET (30 TABLET),risperidone,694,"risk or severity of adverse effects, hypotensive activities, metabolism"
RILEPTID 2 MG 20 FTB,risperidone,694,"risk or severity of adverse effects, hypotensive activities, metabolism"
RILEPTID 2 MG 60 TB,risperidone,694,"risk or severity of adverse effects, hypotensive activities, metabolism"
RILEPTID 2 MG FILM KAPLI TABLET (30 TABLET),risperidone,694,"risk or severity of adverse effects, hypotensive activities, metabolism"
RILEPTID 3 MG 20 FTB,risperidone,694,"risk or severity of adverse effects, hypotensive activities, metabolism"
RILEPTID 3 MG 60 TB,risperidone,694,"risk or severity of adverse effects, hypotensive activities, metabolism"
RILEPTID 3 MG FILM KAPLI 30 TABLET,risperidone,694,"risk or severity of adverse effects, hypotensive activities, metabolism"
RILEPTID 4 MG 20 FTB,risperidone,694,"risk or severity of adverse effects, hypotensive activities, metabolism"
RILEPTID 4 MG 60 TB,risperidone,694,"risk or severity of adverse effects, hypotensive activities, metabolism"
RILEPTID 4 MG FILM KAPLI TABLET (30 TABLET),risperidone,694,"risk or severity of adverse effects, hypotensive activities, metabolism"
RILUTEK 50 MG 56 FTB,riluzole,35,"metabolism, serum concentration, therapeutic efficacy"
"RIMONAL P %0.15 GOZ DAMLASI, COZELTI",brimonidine,497,"central nervous system depressant (CNS depressant) activities, antihypertensive activities, risk or severity of adverse effects"
"RIONERA 0,5 MG FILM KAPLI TABLET (42 TABLET)",riociguat,377,"hypotensive activities, serum concentration, risk or severity of adverse effects"
RIONERA 1 MG FILM KAPLI TABLET (42 TABLET),riociguat,377,"hypotensive activities, serum concentration, risk or severity of adverse effects"
"RIONERA 1,5 MG FILM KAPLI TABLET (42 TABLET)",riociguat,377,"hypotensive activities, serum concentration, risk or severity of adverse effects"
RIONERA 2 MG FILM KAPLI TABLET (42 TABLET),riociguat,377,"hypotensive activities, serum concentration, risk or severity of adverse effects"
RIONERA 2.5 MG FILM KAPLI TABLET (42 TABLET),riociguat,377,"hypotensive activities, serum concentration, risk or severity of adverse effects"
RIPATRIN 10 MG 20 TB,rupatadine,178,"metabolism, serum concentration, sedative activities"
RIPAZOL 10 MG 28 AGIZDA DAGILAN TB,aripiprazole,741,"serum concentration, risk or severity of adverse effects, hypotensive activities"
RIPAZOL 5 MG AGIZDA DAGILAN 28 TB,aripiprazole,741,"serum concentration, risk or severity of adverse effects, hypotensive activities"
RIPESIL 1 MG FILM KAPLI TABLET,risperidone,694,"risk or severity of adverse effects, hypotensive activities, metabolism"
RIPESIL 2 MG FILM KAPLI TABLET,risperidone,694,"risk or severity of adverse effects, hypotensive activities, metabolism"
RIPESIL 3 MG FILM KAPLI TABLET,risperidone,694,"risk or severity of adverse effects, hypotensive activities, metabolism"
RIPESIL 4 MG FILM KAPLI TABLET,risperidone,694,"risk or severity of adverse effects, hypotensive activities, metabolism"
RISONEL %0.05 (50 MCG/DOZ) 140 DOZ NAZAL SPREY,mometasone,254,"risk or severity of adverse effects, serum concentration, hypokalemic activities"
RISPERDAL 1 MG 20 FTB,risperidone,694,"risk or severity of adverse effects, hypotensive activities, metabolism"
RISPERDAL 1 MG/1ML 100 ML ORAL SOL,risperidone,694,"risk or severity of adverse effects, hypotensive activities, metabolism"
RISPERDAL 2 MG 20 FTB,risperidone,694,"risk or severity of adverse effects, hypotensive activities, metabolism"
RISPERDAL 3 MG 20 FTB,risperidone,694,"risk or severity of adverse effects, hypotensive activities, metabolism"
RISPERDAL 4 MG 20 FTB,risperidone,694,"risk or severity of adverse effects, hypotensive activities, metabolism"
RISPERDAL-CONSTA 25 MG IM 1 FLK,risperidone,694,"risk or severity of adverse effects, hypotensive activities, metabolism"
RISPERDAL-CONSTA 37.5 MG IM 1 FLK,risperidone,694,"risk or severity of adverse effects, hypotensive activities, metabolism"
RISPERDAL-CONSTA 50 MG IM 1 FLK,risperidone,694,"risk or severity of adverse effects, hypotensive activities, metabolism"
RITALIN 10 MG 30 TB,methylphenidate,310,"antihypertensive activities, risk or severity of adverse effects, metabolism"
RIVELIME 10 MG 21 SERT KAPSUL,lenalidomide,37,"thrombogenic activities, serum concentration, risk or severity of adverse effects"
RIVELIME 15 MG 21 SERT KAPSUL,lenalidomide,37,"thrombogenic activities, serum concentration, risk or severity of adverse effects"
"RIVELIME 2,5 MG SERT KAPSUL (21 KAPSUL)",lenalidomide,37,"thrombogenic activities, serum concentration, risk or severity of adverse effects"
RIVELIME 20 MG SERT KAPSUL (21 KAPSUL),lenalidomide,37,"thrombogenic activities, serum concentration, risk or severity of adverse effects"
RIVELIME 25 MG 21 SERT KAPSUL,lenalidomide,37,"thrombogenic activities, serum concentration, risk or severity of adverse effects"
RIVELIME 5 MG 21 SERT KAPSUL,lenalidomide,37,"thrombogenic activities, serum concentration, risk or severity of adverse effects"
"RIVELIME 7,5 MG 21 SERT KAPSUL",lenalidomide,37,"thrombogenic activities, serum concentration, risk or severity of adverse effects"
RIVELTO 15 MG FILM KAPLI TABLET (28 TABLET) (RIVAROGARD 15 MG FILM KAPLI TABLET (28 TABLET)),rivaroxaban,297,"anticoagulant activities, serum concentration, metabolism"
RIVELTO 20 MG FILM KAPLI TABLET (28 TABLET) (RIVAROGARD 20 MG FILM KAPLI TABLET (28 TABLET)),rivaroxaban,297,"anticoagulant activities, serum concentration, metabolism"
RIVOCLON 2 MG 30 TABLET,clonazepam,359,"risk or severity of adverse effects, metabolism, serum concentration"
"RIVOCLON 2.5 MG/1 ML ORAL DAMLA, COZELTI (10 ML)",clonazepam,359,"risk or severity of adverse effects, metabolism, serum concentration"
RIVOKSAR 10 MG FILM KAPLI TABLET (10 TABLET),rivaroxaban,297,"anticoagulant activities, serum concentration, metabolism"
RIVOKSAR 15 MG FILM KAPLI TABLET (28 TABLET),rivaroxaban,297,"anticoagulant activities, serum concentration, metabolism"
RIVOKSAR 20 MG FILM KAPLI TABLET (28 TABLET),rivaroxaban,297,"anticoagulant activities, serum concentration, metabolism"
RIVOTRIL 2.5 MG/ML 10 ML DAMLA,clonazepam,359,"risk or severity of adverse effects, metabolism, serum concentration"
RIXPER 1 MG 30 FTB,risperidone,694,"risk or severity of adverse effects, hypotensive activities, metabolism"
RIXPER 2 MG 30 FTB,risperidone,694,"risk or severity of adverse effects, hypotensive activities, metabolism"
RIXPER 3 MG 30 FTB,risperidone,694,"risk or severity of adverse effects, hypotensive activities, metabolism"
RIXPER 4 MG 30 FTB,risperidone,694,"risk or severity of adverse effects, hypotensive activities, metabolism"
"RIZOPROL 5 MG FILM KAPLI TABLET, 30 ADET",bisoprolol,568,"hypotensive activities, metabolism, antihypertensive activities"
"ROLGİCİN % 0.5 STERİL GÖZ DAMLASI, ÇÖZELTİ",ketorolac,347,"risk or severity of adverse effects, therapeutic efficacy, antihypertensive activities"
ROMACTIL FORTE 60 MG 20 KAP,acemetacin,399,"risk or severity of adverse effects, therapeutic efficacy, risk or severity of bleeding"
ROMATIM %1 JEL,diclofenac,491,"risk or severity of adverse effects, metabolism, serum concentration"
ROMEZON DR 1 MG 30 TABLET,prednisone,379,"risk or severity of adverse effects, serum concentration, therapeutic efficacy"
ROMEZON DR 2 MG 30 TABLET,prednisone,379,"risk or severity of adverse effects, serum concentration, therapeutic efficacy"
ROMEZON DR 5 MG 30 TABLET,prednisone,379,"risk or severity of adverse effects, serum concentration, therapeutic efficacy"
ROMPAG 25 MG FILM KAPLI TABLET (14 TABLET),eltrombopag,167,"serum concentration, metabolism"
ROMPAG 25 MG FILM KAPLI TABLET (28 TABLET),eltrombopag,167,"serum concentration, metabolism"
ROMPAG 50 MG FILM KAPLI TABLET (14 TABLET),eltrombopag,167,"serum concentration, metabolism"
ROMPAG 50 MG FILM KAPLI TABLET (28 TABLET),eltrombopag,167,"serum concentration, metabolism"
ROMPAG 75 MG FILM KAPLI TABLET (14 TABLET),eltrombopag,167,"serum concentration, metabolism"
ROMPAG 75 MG FILM KAPLI TABLET (28 TABLET),eltrombopag,167,"serum concentration, metabolism"
RONAP 10 MG FILM TABLET (28 ADET),rosuvastatin,356,"serum concentration, metabolism, risk or severity of rhabdomyolysis"
RONAP 20 MG FILM TABLET (28 ADET),rosuvastatin,356,"serum concentration, metabolism, risk or severity of rhabdomyolysis"
RONAP 40 MG FILM TABLET (28 ADET),rosuvastatin,356,"serum concentration, metabolism, risk or severity of rhabdomyolysis"
RONIDRO 5 MG/100 ML IV INFUZYON ICIN COZELTI ICEREN 1 FLAKON,zoledronic acid,126,"risk or severity of adverse effects, serum concentration, hypocalcemic activities"
"RONKOTOL 2,5 MG/2,5 ML NEBULIZASYON ICIN INH COZ ICEREN TEK DOZLUK 20 FLK",salbutamol,204,"QTc-prolonging activities, risk or severity of adverse effects, vasoconstricting activities"
ROSUCOR 10 MG 28 FTB,rosuvastatin,356,"serum concentration, metabolism, risk or severity of rhabdomyolysis"
ROSUFIX 10 MG 28 FTB,rosuvastatin,356,"serum concentration, metabolism, risk or severity of rhabdomyolysis"
ROSUVAS 10 MG 28 FTB,rosuvastatin,356,"serum concentration, metabolism, risk or severity of rhabdomyolysis"
ROSUVAS 20 MG 28 FTB,rosuvastatin,356,"serum concentration, metabolism, risk or severity of rhabdomyolysis"
"ROTALEPTIN 300 MG KAPSÜL ,50 KAPSÜL",gabapentin,389,"risk or severity of adverse effects, therapeutic efficacy, risk or severity of hypotension"
"ROTAZAR 300 MG FILM KAPLI TABLET, 28 ADET",irbesartan,546,"metabolism, risk or severity of adverse effects, hypotensive activities"
ROXIN 500 MG 14 FTB,ciprofloxacin,447,"QTc-prolonging activities, neuroexcitatory activities, risk or severity of adverse effects"
ROXIN 750 MG 14 FTB,ciprofloxacin,447,"QTc-prolonging activities, neuroexcitatory activities, risk or severity of adverse effects"
ROXIPIME 1 GR IM/IV ENJEKTABL TOZ ICEREN 1 FLK,cefepime,19,"nephrotoxic activities, anticoagulant activities, serum concentration"
ROZA %0.75 30 GR JEL,metronidazole,211,"metabolism, QTc-prolonging activities, serum concentration"
RUNOMEX FORT 15 MG 10 TB,meloxicam,454,"risk or severity of adverse effects, metabolism, therapeutic efficacy"
RUPAFIN 10 MG 20 TB,rupatadine,178,"metabolism, serum concentration, sedative activities"
RUPATEK 10 MG 20 TB,rupatadine,178,"metabolism, serum concentration, sedative activities"
RUPAX 10 MG 20 TABLET,rupatadine,178,"metabolism, serum concentration, sedative activities"
RYDAPT 25 MG YUMUSAK KAPSUL (112 KAPSUL),midostaurin,496,"metabolism, serum concentration, cardiotoxic activities"
"RYOFEL 500 MG/2 ML I.M./I.V. ENJEKSİYONLUK ÇÖZELTİ, 1 ADET",amikacin,185,"excretion rate of higher serum level, serum concentration, nephrotoxic activities"
RYTMONORM 150 MG 30 FTB,propafenone,498,"serum concentration, QTc-prolonging activities, antihypertensive activities"
RYTMONORM 300 MG 30 FTB,propafenone,498,"serum concentration, QTc-prolonging activities, antihypertensive activities"
"RİMONAL % 0.2 GÖZ DAMLASI, 5 ML",brimonidine,497,"central nervous system depressant (CNS depressant) activities, antihypertensive activities, risk or severity of adverse effects"
"RİPESİL 0,5 MG FİLM KAPLI TABLET, 20 ADET",risperidone,694,"risk or severity of adverse effects, hypotensive activities, metabolism"
SABRIL 500 MG 100 FTB,vigabatrin,283,"risk or severity of adverse effects, central nervous system depressant (CNS depressant) activities, therapeutic efficacy"
SAFECAINE 30MG/ML ENJEKSIYONLUK COZELTI ICEREN AMPUL,mepivacaine,307,"risk or severity of adverse effects, serum concentration, central nervous system depressant (CNS depressant) activities"
SAFRAX 250 MG 100 KAPSUL,ursodeoxycholic acid,23,"therapeutic efficacy, absorption, excretion rate of higher serum level"
SALAGEN 5 MG 84 FTB,pilocarpine,163,"risk or severity of adverse effects, metabolism, serum concentration"
SALAZOPYRIN-EN 500 MG 50 TB,sulfasalazine,357,"risk or severity of adverse effects, antihypertensive activities, therapeutic efficacy"
SALMIDEN 500 MG 100 ENT TABLET,mesalazine,443,"risk or severity of adverse effects, therapeutic efficacy, antihypertensive activities"
SALOFALK 500 MG 100 ENTERIK TB,mesalazine,443,"risk or severity of adverse effects, therapeutic efficacy, antihypertensive activities"
SALOFALK 500 MG 30 SUPP,mesalazine,443,"risk or severity of adverse effects, therapeutic efficacy, antihypertensive activities"
SALRES 100 MCG INHALASYON ICIN OLCULU DOZLU AEROSOL 200 DOZ,salbutamol,204,"QTc-prolonging activities, risk or severity of adverse effects, vasoconstricting activities"
SALRES 2 MG/5 ML SURUP (150 ML),salbutamol,204,"QTc-prolonging activities, risk or severity of adverse effects, vasoconstricting activities"
"SALRES 2,5 MG /2,5 ML NEBULIZASYON ICIN TEK DOZLUK INHALASYON COZELTISI ICEREN 20 FLK",salbutamol,204,"QTc-prolonging activities, risk or severity of adverse effects, vasoconstricting activities"
SAMSCA 15 MG 10 TB,tolvaptan,350,"serum concentration, hyperkalemic activities, risk or severity of adverse effects"
SANDOSTATIN 0.1 MG/ML 5 AMP,octreotide,152,"QTc-prolonging activities, bradycardic activities, therapeutic efficacy"
SANDOSTATIN-LAR 10 MG 1 FLK,octreotide,152,"QTc-prolonging activities, bradycardic activities, therapeutic efficacy"
SANDOSTATIN-LAR 20 MG 1 FLK,octreotide,152,"QTc-prolonging activities, bradycardic activities, therapeutic efficacy"
SANDOSTATIN-LAR 30 MG 1 FLK,octreotide,152,"QTc-prolonging activities, bradycardic activities, therapeutic efficacy"
SANELOC 100 MG DEGISTIRILMIS SALIMLI FILM KAPLI TABLET (20 TABLET),metoprolol,735,"serum concentration, metabolism, hypotensive activities"
SANELOC 25 MG KONTROLLU SALIMLI FILM KAPLI TABLET (20 TABLET),metoprolol,735,"serum concentration, metabolism, hypotensive activities"
SANELOC 25 MG KONTROLLU SALIMLI FILM KAPLI TABLET (30 TABLET),metoprolol,735,"serum concentration, metabolism, hypotensive activities"
SANELOC 50 MG DEGISTIRILMIS SALIMLI FILM KAPLI TABLET (20 TABLET) (TANELOR 50 MG KONTROLLU SALIMLI 20 FILM TABLET),metoprolol,735,"serum concentration, metabolism, hypotensive activities"
SANELOC 50 MG DEGISTIRILMIS SALIMLI FILM KAPLI TABLET (30 TABLET),metoprolol,735,"serum concentration, metabolism, hypotensive activities"
SANOSITA 100 MG FILM KAPLI TABLET,sitagliptin,311,"hypoglycemic activities, serum concentration, therapeutic efficacy"
SANTADINE 6 MG 10 DEGISTIRILMIS SALIMLI SERT KAPSUL,tizanidine,562,"risk or severity of adverse effects, serum concentration, QTc-prolonging activities"
SANTIS 4 MG AGIZDA DAGILAN 10 TABLET,ondansetron,519,"risk or severity of adverse effects, QTc-prolonging activities, metabolism"
SANTIS 8 MG AGIZDA DAGILAN 10 TABLET,ondansetron,519,"risk or severity of adverse effects, QTc-prolonging activities, metabolism"
SANTRA 1 MG 28 TB,anastrozole,50,"risk or severity of adverse effects, serum concentration, therapeutic efficacy"
SARILEN 100 MG 28 FTB,losartan,630,"metabolism, risk or severity of adverse effects, hypotensive activities"
SARILEN 50 MG 28 FTB,losartan,630,"metabolism, risk or severity of adverse effects, hypotensive activities"
"SEBIROX % 1,5 100 ML SAMPUAN",ciclopirox,69,"therapeutic efficacy, serum concentration, metabolism"
SECITA 10 MG 28 FTB,escitalopram,733,"risk or severity of adverse effects, QTc-prolonging activities, metabolism"
SECITA 15 MG 28 FTB,escitalopram,733,"risk or severity of adverse effects, QTc-prolonging activities, metabolism"
SECITA 20 MG 28 FTB,escitalopram,733,"risk or severity of adverse effects, QTc-prolonging activities, metabolism"
SECITA 5 MG 28 FTB,escitalopram,733,"risk or severity of adverse effects, QTc-prolonging activities, metabolism"
SEDADOMID 200 MCG/2 ML IV KONS INF COZL ICEREN 5 FLK,dexmedetomidine,462,"risk or severity of adverse effects, atrioventricular blocking (AV block) activities, central nervous system depressant (CNS depressant) activities"
SEFAL 25 MG 50 TABLET,cinnarizine,253,"metabolism, therapeutic efficacy, risk or severity of hypotension"
SEFAL FORT 75 MG 20 TABLET,cinnarizine,253,"metabolism, therapeutic efficacy, risk or severity of hypotension"
SEFAZOL IM 1 GR 1 FLK,cefazolin,11,"anticoagulant activities, protein binding, serum concentration"
SEFAZOL IM 250 MG 1 FLK,cefazolin,11,"anticoagulant activities, protein binding, serum concentration"
SEFAZOL IM 500 MG 1 FLK,cefazolin,11,"anticoagulant activities, protein binding, serum concentration"
SEFFUR 750 MG IM/IV 1 FLK,cefuroxime,46,"serum concentration, absorption, nephrotoxic activities"
SEFFUR IM 750 MG ENJ TOZ ICEREN FLK,cefuroxime,46,"serum concentration, absorption, nephrotoxic activities"
SEFOTAK IM/IV 1 GR 1 FLK,cefotaxime,19,"nephrotoxic activities, anticoagulant activities, therapeutic efficacy"
SEFOTAK IM/IV 500 MG 1 FLK,cefotaxime,19,"nephrotoxic activities, anticoagulant activities, therapeutic efficacy"
SEFPODO 200 MG 10 FILM TABLET,cefpodoxime,46,"serum concentration, absorption, nephrotoxic activities"
SEFTRASIM 1G IM ENJEKSIYONLUK COZELTI HAZIRLAMAK ICIN TOZ VE COZUCU (1 ADET),ceftriaxone,28,"nephrotoxic activities, risk or severity of adverse effects, anticoagulant activities"
SEFTRASIM 1G IV ENJEKSIYONLUK COZELTI HAZIRLAMAK ICIN TOZ VE COZUCU (1 ADET),ceftriaxone,28,"nephrotoxic activities, risk or severity of adverse effects, anticoagulant activities"
"SEKROL 15 MG/5 ML PEDİYATRİKŞURUP, 150 ML",ambroxol,107,"metabolism, serum concentration, risk or severity of adverse effects"
"SEKROL 30 MG/5 ML SURUP, 150 ML",ambroxol,107,"metabolism, serum concentration, risk or severity of adverse effects"
SELECTRA 100 MG 28 FTB (KAP),sertraline,777,"metabolism, risk or severity of adverse effects, serum concentration"
SELECTRA 25 MG 28 FTB (KAP),sertraline,777,"metabolism, risk or severity of adverse effects, serum concentration"
SELECTRA 50 MG 28 FTB (KAP),sertraline,777,"metabolism, risk or severity of adverse effects, serum concentration"
"SELFLEKS CIPRASEL 200 MG/100 ML IV INF COZ (1 PVC TORBA, 100 ML)",ciprofloxacin,447,"QTc-prolonging activities, neuroexcitatory activities, risk or severity of adverse effects"
"SELINCRO 18MG FILM KAPLI TABLET ,TABLET, 14 ADET",nalmefene,2,risk or severity of adverse effects
SELKAP 200 MG 30 SERT KAPSUL,celecoxib,683,"metabolism, risk or severity of adverse effects, serum concentration"
SELOFEN 400 MG/4ML I.V. INFUZYONLUK COZELTI (1 FLAKON),ibuprofen,424,"risk or severity of adverse effects, metabolism, therapeutic efficacy"
SELPENZA 1000 MCG FILM KAPLI TABLET (60 ADET),selexipag,300,"hypotensive activities, metabolism, anticoagulant activities"
SELPENZA 1200 MCG FILM KAPLI TABLET (60 ADET),selexipag,300,"hypotensive activities, metabolism, anticoagulant activities"
SELPENZA 1400 MCG FILM KAPLI TABLET (60 ADET),selexipag,300,"hypotensive activities, metabolism, anticoagulant activities"
SELPENZA 1600 MCG FILM KAPLI TABLET (60 ADET),selexipag,300,"hypotensive activities, metabolism, anticoagulant activities"
SELPENZA 200 MCG FILM KAPLITABLET (140 ADET),selexipag,300,"hypotensive activities, metabolism, anticoagulant activities"
SELPENZA 200 MCG FILM KAPLITABLET (60 ADET),selexipag,300,"hypotensive activities, metabolism, anticoagulant activities"
SELPENZA 400 MCG FILM KAPLI TABLET (60 ADET),selexipag,300,"hypotensive activities, metabolism, anticoagulant activities"
SELPENZA 600 MCG FILM KAPLI TABLET (60 ADET),selexipag,300,"hypotensive activities, metabolism, anticoagulant activities"
SELPENZA 800 MCG FILM KAPLI TABLET (60 ADET),selexipag,300,"hypotensive activities, metabolism, anticoagulant activities"
SELTAVIR 75 MG SERT KAPSUL (10 ADET),oseltamivir,1,serum concentration of active metabolites
SEMOTIDIN 200 MCG / 2 ML I.V. INFUZYONLUK COZELTI HAZIRLAMAK ICIN KONSANTRE ( 5 FLAKON ),dexmedetomidine,462,"risk or severity of adverse effects, atrioventricular blocking (AV block) activities, central nervous system depressant (CNS depressant) activities"
SEQUA 300 MG 30 FTB,quetiapine,708,"risk or severity of adverse effects, QTc-prolonging activities, serum concentration"
SERALIN 100 MG CENTIKLI 28 FTB,sertraline,777,"metabolism, risk or severity of adverse effects, serum concentration"
SERALIN 50 MG CENTIKLI 28 FTB,sertraline,777,"metabolism, risk or severity of adverse effects, serum concentration"
SERDOLECT 12 MG 28 FTB,sertindole,416,"risk or severity of adverse effects, metabolism, serum concentration"
SERDOLECT 16 MG 28 FTB,sertindole,416,"risk or severity of adverse effects, metabolism, serum concentration"
SERDOLECT 20 MG 28 FTB,sertindole,416,"risk or severity of adverse effects, metabolism, serum concentration"
SEREX 100 MG 30 FTB,quetiapine,708,"risk or severity of adverse effects, QTc-prolonging activities, serum concentration"
SEREX 200 MG 30 FTB,quetiapine,708,"risk or severity of adverse effects, QTc-prolonging activities, serum concentration"
SEREX 25 MG 30 FTB,quetiapine,708,"risk or severity of adverse effects, QTc-prolonging activities, serum concentration"
SEREX 300 MG 30 FTB,quetiapine,708,"risk or severity of adverse effects, QTc-prolonging activities, serum concentration"
SEREX 50 MG FILM KAPLI TABLET (30 FILM KAPLI TABLET),quetiapine,708,"risk or severity of adverse effects, QTc-prolonging activities, serum concentration"
SEROQUEL 100 MG 30 FTB,quetiapine,708,"risk or severity of adverse effects, QTc-prolonging activities, serum concentration"
SEROQUEL 200 MG 30 FTB,quetiapine,708,"risk or severity of adverse effects, QTc-prolonging activities, serum concentration"
SEROQUEL 25 MG 30 FTB,quetiapine,708,"risk or severity of adverse effects, QTc-prolonging activities, serum concentration"
SEROQUEL 300 MG 30 FTB,quetiapine,708,"risk or severity of adverse effects, QTc-prolonging activities, serum concentration"
SERUM FIZ %0.9 10 ML 10 AMP (BIOSEL),sodium chloride,1,risk or severity of adverse effects
SERUM FIZ %0.9 10 ML 10 AMP (GALEN),sodium chloride,1,risk or severity of adverse effects
"SERUM FIZYOLOJIK IZOTONIK %0,9 10 ML (10 AMPUL)",sodium chloride,1,risk or severity of adverse effects
"SERUM FIZYOLOJIK IZOTONIK %0,9 ENJEKSIYONLUK COZELTI, 10 ML",sodium chloride,1,risk or severity of adverse effects
"SERUM FIZYOLOJIK IZOTONIK %0,9 ENJEKSIYONLUK COZELTI, 2 ML",sodium chloride,1,risk or severity of adverse effects
"SERUM FIZYOLOJIK IZOTONIK %0,9 ENJEKSIYONLUK COZELTI, 5 ML",sodium chloride,1,risk or severity of adverse effects
SERUM FIZYOLOJIK ONFARMA 10 ML 10 AMP,sodium chloride,1,risk or severity of adverse effects
"SERUM SALE 2000 MG/10 ML ENJEKSİYONLUK ÇÖZELTİ, 10 AMPUL",sodium chloride,1,risk or severity of adverse effects
SETIDRIL 10 MG FILM KAPLI TABLET (20 FILM TABLET),cetirizine,291,"risk or severity of adverse effects, central nervous system depressant (CNS depressant) activities, sedative activities"
SETINOX 10 MG 28 KAPSUL,atomoxetine,697,"metabolism, serum concentration, QTc-prolonging activities"
SETINOX 18 MG 28 KAPSUL,atomoxetine,697,"metabolism, serum concentration, QTc-prolonging activities"
SETINOX 25 MG 28 KAPSUL,atomoxetine,697,"metabolism, serum concentration, QTc-prolonging activities"
SETINOX 40 MG 28 KAPSUL,atomoxetine,697,"metabolism, serum concentration, QTc-prolonging activities"
SETINOX 60 MG 28 KAPSUL,atomoxetine,697,"metabolism, serum concentration, QTc-prolonging activities"
SEVAREN 800 MG 180 TABLET,sevelamer,24,"absorption, serum concentration"
SEVASTRA 100 MG FILM KAPLI TABLET,erlotinib,209,"serum concentration, metabolism, risk or severity of adverse effects"
SEVASTRA 150 MG FILM KAPLI TABLET,erlotinib,209,"serum concentration, metabolism, risk or severity of adverse effects"
SIABET 100 MG FILM KAPLI TABLET (28 ADET),sitagliptin,311,"hypoglycemic activities, serum concentration, therapeutic efficacy"
SIBELIUM 5 MG 50 TB,flunarizine,469,"risk or severity of adverse effects, metabolism, therapeutic efficacy"
SIDOVIS 375 MG/5 ML IV KONSANTRE INFUZYONLUK COZELTI,cidofovir,2,"excretion rate of higher serum level, serum concentration"
SIFLOKS 500 MG FILM KAPLI TABLET (14 TABLET),ciprofloxacin,447,"QTc-prolonging activities, neuroexcitatory activities, risk or severity of adverse effects"
SIFLOKS 750 MG 14 TABLET,ciprofloxacin,447,"QTc-prolonging activities, neuroexcitatory activities, risk or severity of adverse effects"
"SIGNIFOR 0,3 MG/ML ENJEKSIYONLUK COZELTI 60 AMP",pasireotide,144,"QTc-prolonging activities, bradycardic activities, therapeutic efficacy"
"SIGNIFOR 0,6 MG/ML ENJEKSIYONLUK COZELTI 60 AMP",pasireotide,144,"QTc-prolonging activities, bradycardic activities, therapeutic efficacy"
"SIGNIFOR 0,9 MG/ML ENJEKSIYONLUK COZELTI 60 AMP",pasireotide,144,"QTc-prolonging activities, bradycardic activities, therapeutic efficacy"
SIKLOCAP 250 MG 40 KAP,cycloserine,4,"risk or severity of adverse effects, neurotoxic activities, therapeutic efficacy"
SIKLOPLEJIN %1 5 ML GOZ DAMLASI,cyclopentolate,119,"risk or severity of adverse effects, therapeutic efficacy, serum concentration"
"SILDEGRA 100 MG FİLM KAPLI TABLET, 4 ADET",sildenafil,763,"metabolism, serum concentration, antihypertensive activities"
"SILDEGRA 50 MG FİLM KAPLI TABLET, 4 ADET",sildenafil,763,"metabolism, serum concentration, antihypertensive activities"
"SILFECT 100 MG FILM TABLET ,4 ADET",sildenafil,763,"metabolism, serum concentration, antihypertensive activities"
"SILFECT 50 MG FILM TABLET ,4 ADET",sildenafil,763,"metabolism, serum concentration, antihypertensive activities"
"SILMED 100 MG FILM KAPLI TABLET, 4 ADET",sildenafil,763,"metabolism, serum concentration, antihypertensive activities"
SILNORM 100 MG 60 TABLET,cilostazol,309,"serum concentration, anticoagulant activities, metabolism"
SILVADIAZIN %1 40 GR KREM,silver sulfadiazine,3,risk or severity of adverse effects
SILVAMED %1 40 GR KREM,silver sulfadiazine,3,risk or severity of adverse effects
SILVERDIN %1 40 GR KREM,silver sulfadiazine,3,risk or severity of adverse effects
SILVERDIN %1 400 GR KREM,silver sulfadiazine,3,risk or severity of adverse effects
SIMENDAN 12.5 MG/5 ML I.V. INFUZYONLUK COZELTI HAZIRLAMAK ICIN KONSANTRE,levosimendan,173,"risk or severity of adverse effects, hypotensive activities, orthostatic hypotensive activities"
SIN-MONT 10 MG FILM KAPLI TABLET (28 FILM KAPLI TABLET),montelukast,121,"metabolism, serum concentration, therapeutic efficacy"
SIN-MONT 4 MG 28 CIGNEME TB,montelukast,121,"metabolism, serum concentration, therapeutic efficacy"
SIN-MONT 5 MG 28 CIGNEME TB,montelukast,121,"metabolism, serum concentration, therapeutic efficacy"
SINAKORT-A 40 MG ENJEKSIYONLUK SUSPANSIYON (1 AMPUL),triamcinolone,393,"risk or severity of adverse effects, metabolism, serum concentration"
SINEGRA 100 MG 4 FILM TABLET,sildenafil,763,"metabolism, serum concentration, antihypertensive activities"
SINEGRA 50 MG 4 FILM TABLET,sildenafil,763,"metabolism, serum concentration, antihypertensive activities"
SINGULAIR 10 MG 28 FTB,montelukast,121,"metabolism, serum concentration, therapeutic efficacy"
SINGULAIR 4 MG CIGNEME TABLETI (28 TABLET),montelukast,121,"metabolism, serum concentration, therapeutic efficacy"
SINGULAIR 5 MG 28 CIGNEME TB,montelukast,121,"metabolism, serum concentration, therapeutic efficacy"
SINOPRYL 10 MG 30 TB,lisinopril,394,"risk or severity of adverse effects, hypotensive activities, serum concentration"
SINOPRYL 20 MG 30 TB,lisinopril,394,"risk or severity of adverse effects, hypotensive activities, serum concentration"
SINOPRYL 5 MG 30 TB,lisinopril,394,"risk or severity of adverse effects, hypotensive activities, serum concentration"
"SIPLONE %0.3 GOZ DAMLASI, COZELTI (5 ML, 1 SISE) (FLOXIMED %0.3 GOZ DAMLASI, COZELTI (5 ML, 1 SISE))",ciprofloxacin,447,"QTc-prolonging activities, neuroexcitatory activities, risk or severity of adverse effects"
SIPRAKTIN 2 MG/5 ML 240 ML SURUP,cyproheptadine,303,"risk or severity of adverse effects, central nervous system depressant (CNS depressant) activities, therapeutic efficacy"
"SIPROGUT % 0,3 GOZ DAMLASI, COZELTI (5 ML)",ciprofloxacin,447,"QTc-prolonging activities, neuroexcitatory activities, risk or severity of adverse effects"
"SIPROGUT %0,3 KULAK DAMLASI, COZELTI (5 ML)",ciprofloxacin,447,"QTc-prolonging activities, neuroexcitatory activities, risk or severity of adverse effects"
"SIPROSAN 500 MG FILM KAPLI TABLET, 14 ADET",ciprofloxacin,447,"QTc-prolonging activities, neuroexcitatory activities, risk or severity of adverse effects"
SIRDALUD 2 MG 30 TB,tizanidine,562,"risk or severity of adverse effects, serum concentration, QTc-prolonging activities"
SIROKSIL TIRNAK CILASI SETI,ciclopirox,69,"therapeutic efficacy, serum concentration, metabolism"
SIVEX 50 GR LOSYON,sulfacetamide,4,"risk or severity of adverse effects, therapeutic efficacy"
SNOXX 5 MG FILM KAPLI TABLET (30 TABLET),linagliptin,227,"serum concentration, therapeutic efficacy, risk or severity of adverse effects"
"SODYUM BIKAR. %8,4 INF ICIN COZ ICEREN 10 AMP",sodium bicarbonate,162,"absorption, bioavailability, serum concentration"
SODYUM BIKARB MOLAR %8.4 10 ML 10 AMP (BIOSEL),sodium bicarbonate,162,"absorption, bioavailability, serum concentration"
SODYUM BIKARB MOLAR %8.4 10 ML 10 AMP (GALEN),sodium bicarbonate,162,"absorption, bioavailability, serum concentration"
SOFEXAN 200 MG FILM KAPLI TABLET,sorafenib,411,"metabolism, serum concentration, QTc-prolonging activities"
SOLERAT %5 + %1.5 + %1.5 JEL,lidocaine,572,"metabolism, risk or severity of adverse effects, serum concentration"
SOLFESIRE 10 MG 30 FTB,solifenacin,294,"metabolism, risk or severity of adverse effects, QTc-prolonging activities"
SOLIAN 200 MG 60 TB,amisulpride,325,"risk or severity of adverse effects, antipsychotic activities, central nervous system depressant (CNS depressant) activities"
SOLIAN 400 MG 30 FTB,amisulpride,325,"risk or severity of adverse effects, antipsychotic activities, central nervous system depressant (CNS depressant) activities"
SOLIFAS 10 MG 30 FTB,solifenacin,294,"metabolism, risk or severity of adverse effects, QTc-prolonging activities"
SOLIFAS 5 MG 30 FTB,solifenacin,294,"metabolism, risk or severity of adverse effects, QTc-prolonging activities"
SOLIRON 10 MG 30 FILM TABLET,solifenacin,294,"metabolism, risk or severity of adverse effects, QTc-prolonging activities"
SOLIRON 5 MG 30 FTB,solifenacin,294,"metabolism, risk or severity of adverse effects, QTc-prolonging activities"
SOLOPINA 100 MG FILM KAPLI TABLET (40 TABLET),pinaverium,132,"risk or severity of hypotension, therapeutic efficacy, metabolism"
SOLOPINA 100 MG FILM KAPLI TABLET (80 TABLET),pinaverium,132,"risk or severity of hypotension, therapeutic efficacy, metabolism"
SOLOPINA 50 MG FILM KAPLI TABLET (40 TABLET),pinaverium,132,"risk or severity of hypotension, therapeutic efficacy, metabolism"
SOLOPINA 50 MG FILM KAPLI TABLET (80 TABLET),pinaverium,132,"risk or severity of hypotension, therapeutic efficacy, metabolism"
SOMATULINE AUTOGEL 120 MG UZATILMIS SALIMLI ENJ COZ ICEREN KULL HAZIR SIRINGA,lanreotide,93,"bradycardic activities, therapeutic efficacy, hypoglycemic activities"
SOMATULINE AUTOGEL 60 MG UZATILMIS SALIMLI ENJ COZ ICEREN KULL HAZIR SIRINGA,lanreotide,93,"bradycardic activities, therapeutic efficacy, hypoglycemic activities"
SOMATULINE AUTOGEL 90 MG UZATILMIS SALIMLI ENJ COZ ICEREN KULL HAZIR SIRINGA,lanreotide,93,"bradycardic activities, therapeutic efficacy, hypoglycemic activities"
SOTACAR 245 MG 30 FTB,tenofovir disoproxil,271,"metabolism, risk or severity of adverse effects, serum concentration"
SPASMEX 30 MG 50 FTB,trospium,124,"risk or severity of adverse effects, therapeutic efficacy, serum concentration"
SPAZBEN 10 MG FILM KAPLI TABLET (30 TABLET),cyclobenzaprine,433,"risk or severity of adverse effects, metabolism, serum concentration"
SPAZBEN 5 MG FILM KAPLI TABLET (30 TABLET),cyclobenzaprine,433,"risk or severity of adverse effects, metabolism, serum concentration"
SPAZMOTEK 20MG/ML 1 ML 6 AMP,butylscopolamine,119,"risk or severity of adverse effects, therapeutic efficacy, serum concentration"
SPRYCEL 20 MG 60 FTB,dasatinib,666,"serum concentration, anticoagulant activities, absorption"
SPRYCEL 50 MG 60 FTB,dasatinib,666,"serum concentration, anticoagulant activities, absorption"
SPRYCEL 70 MG 60 FTB,dasatinib,666,"serum concentration, anticoagulant activities, absorption"
SPRYTINIB 100 MG 30 FILM KAPLI TABLET,dasatinib,666,"serum concentration, anticoagulant activities, absorption"
SPRYTINIB 50 MG FILM KAPLI TABLET (30 TABLET),dasatinib,666,"serum concentration, anticoagulant activities, absorption"
SPYLACTON 100 MG FILM KAPLI TABLET (16 FILM TABLET),spironolactone,384,"risk or severity of adverse effects, antihypertensive activities, vasoconstricting activities"
SPYLACTON 25 MG FILM KAPLI TABLET (20 FILM TABLET),spironolactone,384,"risk or severity of adverse effects, antihypertensive activities, vasoconstricting activities"
STABLON 12.5 MG 60 TB,tianeptine,180,"risk or severity of adverse effects, serum concentration, antihypertensive activities"
STAFINE %1 VISKOZ 5 GR GOZ DAMLASI,fusidic acid,538,"serum concentration, excretion rate of higher serum level, risk or severity of adverse effects"
STAFINE %2 KREM,fusidic acid,538,"serum concentration, excretion rate of higher serum level, risk or severity of adverse effects"
STAFINE %2 MERHEM (15 G),fusidic acid,538,"serum concentration, excretion rate of higher serum level, risk or severity of adverse effects"
STAFINE 500 MG 15 FTB,fusidic acid,538,"serum concentration, excretion rate of higher serum level, risk or severity of adverse effects"
STAGE 10 MG 28 FTB,rosuvastatin,356,"serum concentration, metabolism, risk or severity of rhabdomyolysis"
STAGE 20 MG 28 FTB,rosuvastatin,356,"serum concentration, metabolism, risk or severity of rhabdomyolysis"
STAMIC 40 MG 28 ENTERIK KAPLI TB,pantoprazole,297,"metabolism, serum concentration, therapeutic efficacy"
"STIDERM % 1,5/ % 1,5/ % 5 JEL (30 G)",lidocaine,572,"metabolism, risk or severity of adverse effects, serum concentration"
STILEX 30 GR JEL,lidocaine,572,"metabolism, risk or severity of adverse effects, serum concentration"
STILIZAN 1 MG KAPLI TABLET (30 DRAJE),trifluoperazine,533,"risk or severity of adverse effects, antihypertensive activities, vasoconstricting activities"
STILIZAN 2 MG KAPLI TABLET (30 DRAJE),trifluoperazine,533,"risk or severity of adverse effects, antihypertensive activities, vasoconstricting activities"
STILIZAN 5 MG KAPLI TABLET (30 DRAJE),trifluoperazine,533,"risk or severity of adverse effects, antihypertensive activities, vasoconstricting activities"
STIVARGA 40 MG 84 FTB,regorafenib,166,"serum concentration, metabolism, bradycardic activities"
STRATTERA 4 MG/ML ORAL ÇÖZELTI,atomoxetine,697,"metabolism, serum concentration, QTc-prolonging activities"
SUBMEX 10 MG/0.4 ML ENJEKSIYONLUK COZELTI ICEREN KULLANIMA HAZIR SIRINGA (1 SIRINGA),methotrexate,168,"serum concentration, risk or severity of adverse effects, therapeutic efficacy"
SUBMEX 15 MG/0.6 ML ENJEKSIYONLUK COZELTI ICEREN KULLANIMA HAZIR SIRINGA (1 SIRINGA),methotrexate,168,"serum concentration, risk or severity of adverse effects, therapeutic efficacy"
SUBMEX 20 MG/0.8 ML ENJEKSIYONLUK COZELTI ICEREN KULLANIMA HAZIR SIRINGA (1 SIRINGA),methotrexate,168,"serum concentration, risk or severity of adverse effects, therapeutic efficacy"
SUBMEX 25 MG/ ML ENJEKSIYONLUK COZELTI ICEREN KULLANIMA HAZIR SIRINGA (1 SIRINGA),methotrexate,168,"serum concentration, risk or severity of adverse effects, therapeutic efficacy"
SUDAFED 30 MG/5 ML 150 ML SURUP,pseudoephedrine,360,"sedative activities, metabolism, stimulatory activities"
SUDAFED 60 MG 30 TB,pseudoephedrine,360,"sedative activities, metabolism, stimulatory activities"
SUGACENT 200 MG/2 ML IV ENJEKSIYONLUK COZELTI (10 FLAKON),sugammadex,43,"anticoagulant activities, serum concentration, therapeutic efficacy"
SUGAVER 200 MG/2 ML I.V. ENJEKSIYONLUK COZELTI (10 AMPUL),sugammadex,43,"anticoagulant activities, serum concentration, therapeutic efficacy"
SUGVIDA 10 MG 28 FILM KAPLI TABLET,prasugrel,204,"metabolism, anticoagulant activities, serum concentration"
SULCID 250 MG/5 ML ORAL SUSPANSIYON HAZ. ICIN KURU TOZ 100 ML,sultamicillin,27,"serum concentration, therapeutic efficacy, anticoagulant activities"
SULCID 250MG/5 ML 40 ML SUSP,sultamicillin,27,"serum concentration, therapeutic efficacy, anticoagulant activities"
SULCID 250MG/5 ML 70 ML SUSP,sultamicillin,27,"serum concentration, therapeutic efficacy, anticoagulant activities"
SULCID 375 MG 10 FTB,sultamicillin,27,"serum concentration, therapeutic efficacy, anticoagulant activities"
SULCID 375 MG 14 FTB,sultamicillin,27,"serum concentration, therapeutic efficacy, anticoagulant activities"
SULCID 375 MG 20 FTB,sultamicillin,27,"serum concentration, therapeutic efficacy, anticoagulant activities"
SULCID 750 MG 10 FTB,sultamicillin,27,"serum concentration, therapeutic efficacy, anticoagulant activities"
SULCID 750 MG 14 FTB,sultamicillin,27,"serum concentration, therapeutic efficacy, anticoagulant activities"
"SULFAFUR % 10 KREM, 30 GRAM",sulfacetamide,4,"risk or severity of adverse effects, therapeutic efficacy"
SULFAZINK FORT 30 MG/5 ML SURUP,zinc sulfate,1,serum concentration
SULIDEXPOL %3 JEL (30 GRAM),nimesulide,494,"risk or severity of adverse effects, therapeutic efficacy, risk or severity of hypotension"
SULIDIN % 1 TOPIKAL JEL 30 G,nimesulide,494,"risk or severity of adverse effects, therapeutic efficacy, risk or severity of hypotension"
SULIDIN PLUS %1 + %5 LIKIT JEL 50 G,nimesulide,494,"risk or severity of adverse effects, therapeutic efficacy, risk or severity of hypotension"
SULINEX 150 MG XR 28 TB,venlafaxine,970,"metabolism, risk or severity of adverse effects, serum concentration"
SULINEX 225 MG XR 28 TB,venlafaxine,970,"metabolism, risk or severity of adverse effects, serum concentration"
"SULINEX 37,5 MG XR 28 TB",venlafaxine,970,"metabolism, risk or severity of adverse effects, serum concentration"
SULINEX 75 MG XR 28 TB,venlafaxine,970,"metabolism, risk or severity of adverse effects, serum concentration"
SULJEL JEL % 3 30 GR JEL,nimesulide,494,"risk or severity of adverse effects, therapeutic efficacy, risk or severity of hypotension"
"SULJEL PLUS %1+%5 JEL, 50 G",nimesulide,494,"risk or severity of adverse effects, therapeutic efficacy, risk or severity of hypotension"
SULPIR 50 MG 30 KAP,sulpiride,418,"risk or severity of adverse effects, antipsychotic activities, anticholinergic activities"
"SUNO 12,5 MG 28 SERT KAPSUL",sunitinib,294,"hypoglycemic activities, metabolism, QTc-prolonging activities"
SUNO 25 MG SERT KAPSUL (28 KAPSUL),sunitinib,294,"hypoglycemic activities, metabolism, QTc-prolonging activities"
"SUNO 37,5 MG 28 SERT KAPSUL",sunitinib,294,"hypoglycemic activities, metabolism, QTc-prolonging activities"
SUNO 50 MG 14 SERT KAPSUL,sunitinib,294,"hypoglycemic activities, metabolism, QTc-prolonging activities"
"SUNUBIS 12,5 MG SERT KAPSUL (28 KAPSUL)",sunitinib,294,"hypoglycemic activities, metabolism, QTc-prolonging activities"
SUNUBIS 25 MG SERT KAPSUL (28 KAPSUL),sunitinib,294,"hypoglycemic activities, metabolism, QTc-prolonging activities"
SUNUBIS 50 MG SERT KAPSUL (14 KAPSUL),sunitinib,294,"hypoglycemic activities, metabolism, QTc-prolonging activities"
SUPRAFEN 400 MG 100 FTB,ibuprofen,424,"risk or severity of adverse effects, metabolism, therapeutic efficacy"
SUPRAFEN 400 MG 20 FTB,ibuprofen,424,"risk or severity of adverse effects, metabolism, therapeutic efficacy"
SUPRAFEN 400 MG 30 FTB,ibuprofen,424,"risk or severity of adverse effects, metabolism, therapeutic efficacy"
SUPRAX 100 MG/5 ML 100 ML SUSP,cefixime,19,"nephrotoxic activities, anticoagulant activities, therapeutic efficacy"
SUPRAX 100 MG/5 ML 50 ML SUSP,cefixime,19,"nephrotoxic activities, anticoagulant activities, therapeutic efficacy"
SUPRAX 400 MG 10 FTB,cefixime,19,"nephrotoxic activities, anticoagulant activities, therapeutic efficacy"
SUPRAX 400 MG 5 FTB,cefixime,19,"nephrotoxic activities, anticoagulant activities, therapeutic efficacy"
SUPRAX-DT 400 MG DAGILABILIR TABLET (10 TABLET),cefixime,19,"nephrotoxic activities, anticoagulant activities, therapeutic efficacy"
SUPRAX-DT 400 MG DAGILABILIR TABLET (5 TABLET),cefixime,19,"nephrotoxic activities, anticoagulant activities, therapeutic efficacy"
SURGAM 300 MG 20 TB,tiaprofenic acid,343,"risk or severity of adverse effects, therapeutic efficacy, antihypertensive activities"
SURGAM RETARD 300 MG 20 TB,tiaprofenic acid,343,"risk or severity of adverse effects, therapeutic efficacy, antihypertensive activities"
SUSTANON 250 MG/ML ENJEKSIYONLUK COZELTI,testosterone,264,"metabolism, serum concentration, fluid retaining activities"
"SUTENT 12,5 MG 28 KAP",sunitinib,294,"hypoglycemic activities, metabolism, QTc-prolonging activities"
SUTENT 25 MG 28 KAP,sunitinib,294,"hypoglycemic activities, metabolism, QTc-prolonging activities"
"SUTENT 37,5 MG 28 KAPSUL",sunitinib,294,"hypoglycemic activities, metabolism, QTc-prolonging activities"
SUTENT 50 MG 14 KAP,sunitinib,294,"hypoglycemic activities, metabolism, QTc-prolonging activities"
"SUTESGO 12,5 MG SERT KAPSUL (28 KAPSUL)",sunitinib,294,"hypoglycemic activities, metabolism, QTc-prolonging activities"
"SUTESGO 37,5 MG SERT KAPSUL (28 KAPSUL)",sunitinib,294,"hypoglycemic activities, metabolism, QTc-prolonging activities"
SUTESGO 50 MG SERT KAPSUL (14 KAPSUL),sunitinib,294,"hypoglycemic activities, metabolism, QTc-prolonging activities"
SUTRIL NEO 10 MG UZATILMIS SALIMLI TB (30 TB),torasemide,550,"hypotensive activities, risk or severity of adverse effects, therapeutic efficacy"
SUTRIL NEO 5 MG UZATILMIS SALIMLI TB (30 TB),torasemide,550,"hypotensive activities, risk or severity of adverse effects, therapeutic efficacy"
SYMRA 150 MG 56 KAP,pregabalin,345,"therapeutic efficacy, risk or severity of heart failure, central nervous system depressant (CNS depressant) activities"
SYMRA 225 MG 56 KAPSUL,pregabalin,345,"therapeutic efficacy, risk or severity of heart failure, central nervous system depressant (CNS depressant) activities"
SYMRA 25 MG 56 TB,pregabalin,345,"therapeutic efficacy, risk or severity of heart failure, central nervous system depressant (CNS depressant) activities"
SYMRA 300 MG SERT KAPSUL (56 KAPSUL),pregabalin,345,"therapeutic efficacy, risk or severity of heart failure, central nervous system depressant (CNS depressant) activities"
SYMRA 75 MG 14 KAPSUL,pregabalin,345,"therapeutic efficacy, risk or severity of heart failure, central nervous system depressant (CNS depressant) activities"
SYMRA 75 MG 56 KAPSUL,pregabalin,345,"therapeutic efficacy, risk or severity of heart failure, central nervous system depressant (CNS depressant) activities"
"TACROLIN %0,03 MERHEM (30 GR)",tacrolimus,432,"metabolism, immunosuppressive activities, serum concentration"
"TACROLIN %0,1 MERHEM (30 GR)",tacrolimus,432,"metabolism, immunosuppressive activities, serum concentration"
"TADACİA 20MG FİLM KAPLI TABLET, 4 ADET",tadalafil,285,"antihypertensive activities, serum concentration, hypotensive activities"
"TADACİA 5 MG FİLM KAPLI TABLET, 14 ADET",tadalafil,285,"antihypertensive activities, serum concentration, hypotensive activities"
"TADACİA 5 MG FİLM KAPLI TABLET, 28 ADET",tadalafil,285,"antihypertensive activities, serum concentration, hypotensive activities"
TADARTER 20 MG FILM KAPLI TABLET (60 TABLET),tadalafil,285,"antihypertensive activities, serum concentration, hypotensive activities"
"TADLIS 20 MG EFERVESAN TABLET, 4 ADET",tadalafil,285,"antihypertensive activities, serum concentration, hypotensive activities"
TADOLAK FORT 400 MG 14 FTB,etodolac,397,"risk or severity of adverse effects, metabolism, therapeutic efficacy"
TADOLAK FORT 500 MG 14 FTB,etodolac,397,"risk or severity of adverse effects, metabolism, therapeutic efficacy"
TADOLAK SR 600 MG UZATILMIS SALIMLI FILM KAPLI TABLET (10 TABLET),etodolac,397,"risk or severity of adverse effects, metabolism, therapeutic efficacy"
"TADON 5 MG FİLM KAPLI TABLET, 14 ADET",tadalafil,285,"antihypertensive activities, serum concentration, hypotensive activities"
"TADON 5 MG FİLM KAPLI TABLET, 28 ADET",tadalafil,285,"antihypertensive activities, serum concentration, hypotensive activities"
TAFINLAR 50 MG 120 KAP,dabrafenib,716,"serum concentration, QTc-prolonging activities, therapeutic efficacy"
TAFINLAR 75 MG 120 KAP,dabrafenib,716,"serum concentration, QTc-prolonging activities, therapeutic efficacy"
TAGLIN 50 MG 56 TABLET,vildagliptin,172,"therapeutic efficacy, serum concentration, hypoglycemic activities"
TAGRISSO 40 MG 28 FILM KAPLI TABLET,osimertinib,599,"serum concentration, cardiotoxic activities"
TAGRISSO 80 MG 28 FILM KAPLI TABLET,osimertinib,599,"serum concentration, cardiotoxic activities"
TAKSEN 100 MG/17 ML IV ENJEKSIYONLUK COZELTI,paclitaxel,519,"risk or severity of adverse effects, metabolism, serum concentration"
TAKSEN 150 MG/25 ML IV ENJEKSIYONLUK COZELTI,paclitaxel,519,"risk or severity of adverse effects, metabolism, serum concentration"
TAKSEN 30 MG/5 ML IV ENJEKSIYONLUK COZELTI,paclitaxel,519,"risk or severity of adverse effects, metabolism, serum concentration"
TAKSEN 300 MG/50 ML IV ENJEKSIYONLUK COZELTI,paclitaxel,519,"risk or severity of adverse effects, metabolism, serum concentration"
"TALAVİST 20 MG FİLM KAPLI TABLET , 4 ADET",tadalafil,285,"antihypertensive activities, serum concentration, hypotensive activities"
"TALAVİST 5 MG FİLM KAPLI TABLET , 28 ADET",tadalafil,285,"antihypertensive activities, serum concentration, hypotensive activities"
TALCID 500 MG 40 CIGNEME TB,hydrotalcite,170,"absorption, bioavailability, serum concentration"
TALDEROL 90 MG FILM KAPLI TABLET (56 TABLET),ticagrelor,360,"metabolism, serum concentration, anticoagulant activities"
"TALINAT 0,5MG/10ML 1 AMP",fentanyl,568,"risk or severity of adverse effects, serum concentration, bradycardic activities"
TAMCEF 125 MG / 5ML SUSP HAZ ICIN KURU TOZ,cefdinir,21,"nephrotoxic activities, anticoagulant activities, serum concentration"
TAMCEF 250 MG/5 ML SUSP HAZ ICIN KURU TOZ 100 ML,cefdinir,21,"nephrotoxic activities, anticoagulant activities, serum concentration"
TAMCEF 300 MG 20 KAPSUL,cefdinir,21,"nephrotoxic activities, anticoagulant activities, serum concentration"
TAMIDRA MR 0.4 MG DEGISTIRILMIS SALIMLI 30 SERT KAP,tamsulosin,405,"risk or severity of adverse effects, vasoconstricting activities, serum concentration"
TAMOVIR 500 MG IV INF ICIN LIYOFILIZE TOZ ICEREN 1 FLK,ganciclovir,12,"risk or severity of adverse effects, serum concentration, risk or severity of generalized seizure"
TAMOXIFEN 10 MG 30 TABLET,tamoxifen,364,"metabolism, serum concentration, QTc-prolonging activities"
TAMOXIFEN 20 MG 30 TB,tamoxifen,364,"metabolism, serum concentration, QTc-prolonging activities"
TAMOXIT 10 MG 30 FTB,tamoxifen,364,"metabolism, serum concentration, QTc-prolonging activities"
TAMOXIT 10 MG 60 FTB,tamoxifen,364,"metabolism, serum concentration, QTc-prolonging activities"
TAMOXIT 20 MG FTB (30 TAB),tamoxifen,364,"metabolism, serum concentration, QTc-prolonging activities"
"TAMPROST MR 0,4 MG 90 KAPSUL",tamsulosin,405,"risk or severity of adverse effects, vasoconstricting activities, serum concentration"
TAMPROST MR 0.4 MG 30 KAPSUL,tamsulosin,405,"risk or severity of adverse effects, vasoconstricting activities, serum concentration"
TANFLEX %0.15 120 ML GARGARA,benzydamine,319,"risk or severity of adverse effects, therapeutic efficacy, antihypertensive activities"
TANFLEX %0.15 30 ML SPREY,benzydamine,319,"risk or severity of adverse effects, therapeutic efficacy, antihypertensive activities"
"TANFLEX FORT %0,3 ORAL SPREY 15 ML",benzydamine,319,"risk or severity of adverse effects, therapeutic efficacy, antihypertensive activities"
TANTUM %5 50 GR JEL,benzydamine,319,"risk or severity of adverse effects, therapeutic efficacy, antihypertensive activities"
TANTUM 50 MG 20 DRJ,benzydamine,319,"risk or severity of adverse effects, therapeutic efficacy, antihypertensive activities"
TANTUM VERDE %0.15 120 ML GARGARA,benzydamine,319,"risk or severity of adverse effects, therapeutic efficacy, antihypertensive activities"
TANTUM VERDE %0.15 30 ML SPREY,benzydamine,319,"risk or severity of adverse effects, therapeutic efficacy, antihypertensive activities"
TARBETAX 500 MG 50 FTB,mycophenolic acid,410,"risk or severity of adverse effects, serum concentration, therapeutic efficacy"
TARCEVA ROCHE 100 MG 30 FTB,erlotinib,209,"serum concentration, metabolism, risk or severity of adverse effects"
TARCEVA ROCHE 150 MG 30 FTB,erlotinib,209,"serum concentration, metabolism, risk or severity of adverse effects"
TARDEN 10 MG 30 FTB,atorvastatin,384,"risk or severity of adverse effects, serum concentration, metabolism"
TARDEN 20 MG 30 FTB,atorvastatin,384,"risk or severity of adverse effects, serum concentration, metabolism"
TARDEN 40 MG 30 FTB,atorvastatin,384,"risk or severity of adverse effects, serum concentration, metabolism"
TARDEN 80 MG 30 FILM TABLET,atorvastatin,384,"risk or severity of adverse effects, serum concentration, metabolism"
TARDYFERON 80 MG UZATILMIS SALIMLI KAPLI TABLET,ferrous sulfate,1,absorption of reduced serum concentration and potentially
TARSINIB 150MG 30 FILM TABLET,erlotinib,209,"serum concentration, metabolism, risk or severity of adverse effects"
TARTADA 150 MG FILM KAPLI TABLET (30 TB),erlotinib,209,"serum concentration, metabolism, risk or severity of adverse effects"
TASIGNA 200 MG 112 KAP,nilotinib,741,"metabolism, serum concentration, QTc-prolonging activities"
TAVANIC 500 MG 7 FTB,levofloxacin,411,"QTc-prolonging activities, neuroexcitatory activities, risk or severity of adverse effects"
"TAXATU 100 MG /16,7 ML IV INFUZYONLUK COZELTI HAZIRLAMAK ICIN KONSANTRE (1 FLAKON)",paclitaxel,519,"risk or severity of adverse effects, metabolism, serum concentration"
TAXATU 150 MG /25 ML IV INFUZYONLUK COZELTI HAZIRLAMAK ICIN KONSANTRE (1 FLAKON),paclitaxel,519,"risk or severity of adverse effects, metabolism, serum concentration"
TAXATU 30 MG /5 ML IV INFUZYONLUK COZELTI HAZIRLAMAK ICIN KONSANTRE (1 FLAKON),paclitaxel,519,"risk or severity of adverse effects, metabolism, serum concentration"
TAXATU 300 MG /50 ML IV INFUZYONLUK COZELTI HAZIRLAMAK ICIN KONSANTRE (1 FLAKON),paclitaxel,519,"risk or severity of adverse effects, metabolism, serum concentration"
TEB VITAMIN B12 1000 MCG/ML IM ENJEKSIYONLUK COZELTI (5X1 ML AMPUL),cyanocobalamin,2,"therapeutic efficacy, serum concentration"
TECAR 240 MG/10 ML IV INF. COZ ICEREN 6 AMP,aminophylline,246,"serum concentration, metabolism, therapeutic efficacy"
TECDIMEX 120 MG GASTROREZISTAN SERT KAPSUL,dimethyl fumarate,6,"immunosuppressive activities, risk or severity of adverse effects"
TECDIMEX 240 MG GASTROREZISTAN SERT KAPSUL,dimethyl fumarate,6,"immunosuppressive activities, risk or severity of adverse effects"
TEGLIX 120 MG 84 FILM KAPLI TABLET,nateglinide,318,"metabolism, hypoglycemic activities, therapeutic efficacy"
TEGRETOL 100 MG/5 ML 100 ML SURUP,carbamazepine,931,"metabolism, serum concentration, risk or severity of adverse effects"
TEGRETOL 200 MG 24 TB,carbamazepine,931,"metabolism, serum concentration, risk or severity of adverse effects"
TEGRETOL-CR 200 MG 20 DIVITAB,carbamazepine,931,"metabolism, serum concentration, risk or severity of adverse effects"
TEGRETOL-CR 400 MG 20 DIVITAB,carbamazepine,931,"metabolism, serum concentration, risk or severity of adverse effects"
TEKAMEN 100 MG 5 ML 1 FLK,irinotecan,149,"serum concentration, metabolism, risk or severity of adverse effects"
TEKFIN %1 15 GR KREM,terbinafine,397,"metabolism, serum concentration, therapeutic efficacy"
TEKFIN %1 30 GR KREM,terbinafine,397,"metabolism, serum concentration, therapeutic efficacy"
TEKFIN %1 30 ML SPREY DERMAL,terbinafine,397,"metabolism, serum concentration, therapeutic efficacy"
TEKFIN 250 MG 14 TB,terbinafine,397,"metabolism, serum concentration, therapeutic efficacy"
TEKFIN 250 MG 28 TB,terbinafine,397,"metabolism, serum concentration, therapeutic efficacy"
TELVIS 80 MG 28 TB,telmisartan,345,"risk or severity of adverse effects, hypotensive activities, serum concentration"
TEMODAL 100 MG 5 KAP,temozolomide,22,"risk or severity of adverse effects, cardiotoxic activities, serum concentration"
TEMODAL 20 MG 5 KAP,temozolomide,22,"risk or severity of adverse effects, cardiotoxic activities, serum concentration"
TEMODAL 250 MG 5 KAP,temozolomide,22,"risk or severity of adverse effects, cardiotoxic activities, serum concentration"
"TEMODAL 5 MG SERT KAPSÜL, 5 ADET",temozolomide,22,"risk or severity of adverse effects, cardiotoxic activities, serum concentration"
TEMOMID 100 MG 5 KAP,temozolomide,22,"risk or severity of adverse effects, cardiotoxic activities, serum concentration"
TEMOMID 20 MG 5 KAP,temozolomide,22,"risk or severity of adverse effects, cardiotoxic activities, serum concentration"
TEMOMID 250 MG 5 KAP,temozolomide,22,"risk or severity of adverse effects, cardiotoxic activities, serum concentration"
TEMOMID 5 MG 5 KAP,temozolomide,22,"risk or severity of adverse effects, cardiotoxic activities, serum concentration"
TEMOZOLID 100 MG 5 KAPSUL,temozolomide,22,"risk or severity of adverse effects, cardiotoxic activities, serum concentration"
TEMOZOLID 20 MG 5 KAPSUL,temozolomide,22,"risk or severity of adverse effects, cardiotoxic activities, serum concentration"
TEMOZOLID 250 MG KAP,temozolomide,22,"risk or severity of adverse effects, cardiotoxic activities, serum concentration"
TENOVIRAL 245 MG 30 FTB,tenofovir disoproxil,271,"metabolism, risk or severity of adverse effects, serum concentration"
TENRIBEL 245 MG 30 FTB,tenofovir disoproxil,271,"metabolism, risk or severity of adverse effects, serum concentration"
TENSINOR 100 MG 28 TB,atenolol,500,"hypotensive activities, antihypertensive activities, risk or severity of adverse effects"
TENSINOR 50 MG 28 TB,atenolol,500,"hypotensive activities, antihypertensive activities, risk or severity of adverse effects"
TEOBAG-200 %0.2 100 ML SOL (SETLI TORBA),theophylline,536,"metabolism, serum concentration, antihypertensive activities"
TEOBAG-200 %0.2 100 ML SOL (SETSIZ TORBA),theophylline,536,"metabolism, serum concentration, antihypertensive activities"
"TEOBAG-400 %0,08 500 ML SOL (SETSIZ TORBA)",theophylline,536,"metabolism, serum concentration, antihypertensive activities"
TEOBAG-400 %0.08 500 ML SOL ( SETLI TORBA),theophylline,536,"metabolism, serum concentration, antihypertensive activities"
TEOKAP-SR 100 MG 30 MIKROPELLET KAP,theophylline,536,"metabolism, serum concentration, antihypertensive activities"
TEOKAP-SR 200 MG 30 MIKROPELLET KAP,theophylline,536,"metabolism, serum concentration, antihypertensive activities"
TEOKAP-SR 300 MG 30 MIKROPELLET KAP,theophylline,536,"metabolism, serum concentration, antihypertensive activities"
TEORY 1 MCG/ML IV ENJEKSIYONLUK COZELTI,calcitriol,183,"metabolism, therapeutic efficacy, serum concentration"
TEORY 2 MCG/ML IV ENJEKSIYONLUK COZELTI,calcitriol,183,"metabolism, therapeutic efficacy, serum concentration"
TEOSEL-200 IV %0.2 100 ML SOL (BIOSEL SETLI TORBA),theophylline,536,"metabolism, serum concentration, antihypertensive activities"
TEOSEL-200 IV %0.2 100 ML SOL (BIOSEL SETSIZ TORBA),theophylline,536,"metabolism, serum concentration, antihypertensive activities"
"TEPADİNA 100 MG IV İNFÜZYONLUK ÇÖZELTİ HAZIRLAMADA KULLANILACAK KONSANTRE İÇİN TOZ, 1 ADET",thiotepa,177,"metabolism, serum concentration, risk or severity of adverse effects"
"TERAPIX-JEL %0,5 50 GR",piroxicam,405,"risk or severity of adverse effects, metabolism, therapeutic efficacy"
TERAUMON 5 MG 30 TABLET,terazosin,320,"risk or severity of adverse effects, vasoconstricting activities, antihypertensive activities"
TERBIN % 1 KREM (30 G),terbinafine,397,"metabolism, serum concentration, therapeutic efficacy"
"TERBIN %1 SPREY, COZELTI (30 ML)",terbinafine,397,"metabolism, serum concentration, therapeutic efficacy"
TERBIN 250 MG 28 TABLET,terbinafine,397,"metabolism, serum concentration, therapeutic efficacy"
TERBISIL %1 30 GR KREM,terbinafine,397,"metabolism, serum concentration, therapeutic efficacy"
TERBISIL %1 30 ML SPREY,terbinafine,397,"metabolism, serum concentration, therapeutic efficacy"
TERBISIL 250 MG 14 TB,terbinafine,397,"metabolism, serum concentration, therapeutic efficacy"
TERBISIL 250 MG 28 TB,terbinafine,397,"metabolism, serum concentration, therapeutic efficacy"
TERBONILE %1 15 GR KREM,terbinafine,397,"metabolism, serum concentration, therapeutic efficacy"
TERIGIO 14 MG FILM KAPLI TABLET (28 TABLET),teriflunomide,605,"serum concentration, risk or severity of adverse effects, metabolism"
TERMINUS %1 DERMAL SPREY COZELTI (30 ML SISE),terbinafine,397,"metabolism, serum concentration, therapeutic efficacy"
TERMINUS %1 KREM (30 G),terbinafine,397,"metabolism, serum concentration, therapeutic efficacy"
TERMINUS 250 MG 14 TB,terbinafine,397,"metabolism, serum concentration, therapeutic efficacy"
TERMINUS 250 MG 28 TB,terbinafine,397,"metabolism, serum concentration, therapeutic efficacy"
TERNAVIR 245 MG 30 FTB,tenofovir disoproxil,271,"metabolism, risk or severity of adverse effects, serum concentration"
TERNAVIR 245 MG FILM TABLET (90 TABLET),tenofovir disoproxil,271,"metabolism, risk or severity of adverse effects, serum concentration"
TEROLAM 800 MG 180 FILM KAPLI TABLET,sevelamer,24,"absorption, serum concentration"
TERRAMYCIN 14.2 GR POMAD,oxytetracycline,91,"therapeutic efficacy, absorption, neuromuscular blocking activities"
"TESARA 12,5 MG SERT KAPSUL (28 KAPSUL)",sunitinib,294,"hypoglycemic activities, metabolism, QTc-prolonging activities"
TESARA 25 MG SERT KAPSUL (28 KAPSUL),sunitinib,294,"hypoglycemic activities, metabolism, QTc-prolonging activities"
TESROJECT 250 MG/ML I.M. ENJEKSIYONLUK COZELTI,testosterone,264,"metabolism, serum concentration, fluid retaining activities"
"TESTOGEL 50 MG TRANSDERMAL JEL ICEREN SASE, 30 ADET",testosterone,264,"metabolism, serum concentration, fluid retaining activities"
TETRA 250 MG 16 KAP,tetracycline,200,"metabolism, serum concentration, therapeutic efficacy"
TETRA 500 MG 16 KAP,tetracycline,200,"metabolism, serum concentration, therapeutic efficacy"
TETRADOX 100 MG 14 KAP,doxycycline,653,"metabolism, serum concentration, therapeutic efficacy"
TEXEF 200 MG 20 FILM TABLET,cefpodoxime,46,"serum concentration, absorption, nephrotoxic activities"
"TEXONIM 20 MG ENJEKSIYONLUK COZELTI HAZIRLAMAK IÇIN TOZ VE COZUCU (1 FLAKON, 1 AMPUL)",tenoxicam,396,"risk or severity of adverse effects, metabolism, therapeutic efficacy"
THALIDOMIDE CELGENE 50 MG 28 KAP (THALIDOMIDE PHARMION 50 MG 28 KAP),thalidomide,533,"central nervous system depressant (CNS depressant) activities, risk or severity of adverse effects, metabolism"
THERMO FUZO %1 + %0.025 JEL (50 G),nimesulide,494,"risk or severity of adverse effects, therapeutic efficacy, risk or severity of hypotension"
"THERMO GESIC %1 + % 0,025 JEL (50 GR)",nimesulide,494,"risk or severity of adverse effects, therapeutic efficacy, risk or severity of hypotension"
"THERMO SULIDIN %1 + %0,025 LIKIT JEL 50 GR",nimesulide,494,"risk or severity of adverse effects, therapeutic efficacy, risk or severity of hypotension"
THERMO-DOLINE 50 GR KREM,etofenamate,319,"risk or severity of adverse effects, therapeutic efficacy, antihypertensive activities"
THERMO-RHEUMON 100 MG/G+ 10 MG/G KREM (50 G),etofenamate,319,"risk or severity of adverse effects, therapeutic efficacy, antihypertensive activities"
THERMOFLEX 50 GR KREM,etofenamate,319,"risk or severity of adverse effects, therapeutic efficacy, antihypertensive activities"
THERMOVE %10+ %1 KREM (50 G TUP),etofenamate,319,"risk or severity of adverse effects, therapeutic efficacy, antihypertensive activities"
THINCAL 120 MG 84 KAP,orlistat,75,"serum concentration, anticoagulant activities, absorption"
THRODUCE 0.5 MG SERT KAPSUL (100 KAPSUL),anagrelide,258,"QTc-prolonging activities, anticoagulant activities, risk or severity of QTc prolongation"
"THROMBOREDUCTIN 0,5 MG 100 KAP",anagrelide,258,"QTc-prolonging activities, anticoagulant activities, risk or severity of QTc prolongation"
TIGECID 50 MG IV INF COZ ICIN LIYO TOZ ICEREN 10 FLK,tigecycline,6,"therapeutic efficacy, serum concentration, absorption"
TIGRELO 90 MG 56 FILM KAPLI TABLET,ticagrelor,360,"metabolism, serum concentration, anticoagulant activities"
TILAC SR 600 MG 10 UZATILMIS SALIMLI TB,etodolac,397,"risk or severity of adverse effects, metabolism, therapeutic efficacy"
TILANTA 90 MG FILM KAPLI TABLET (56 TABLET),ticagrelor,360,"metabolism, serum concentration, anticoagulant activities"
TILCOTIL 20 MG 1 FLAKON,tenoxicam,396,"risk or severity of adverse effects, metabolism, therapeutic efficacy"
TILCOTIL 20 MG 10 FTB,tenoxicam,396,"risk or severity of adverse effects, metabolism, therapeutic efficacy"
"TIMOSOL %0,5 GOZ DAMLASI, COZELTI (5 ML)",timolol,549,"hypotensive activities, antihypertensive activities, metabolism"
TINEAX 80 MG/G TIRNAK CILASI SETI,ciclopirox,69,"therapeutic efficacy, serum concentration, metabolism"
TINFOL 5 MG TABLET (50 TABLET),folic acid,97,"therapeutic efficacy, serum concentration, metabolism"
TINSERC 16 MG 30 TABLET,betahistine,158,"therapeutic efficacy, serum concentration, sedative activities"
TINSERC 8 MG 30 TABLET,betahistine,158,"therapeutic efficacy, serum concentration, sedative activities"
TINSERC BID 24 MG TABLET (30 TABLET),betahistine,158,"therapeutic efficacy, serum concentration, sedative activities"
TIOWELL 4 MG/2 ML I.M. ENJEKSIYON ICIN COZELTI ICEREN AMPUL (6 AMPUL),thiocolchicoside,1,therapeutic efficacy
TIREMIX %2 20 G KREM,fusidic acid,538,"serum concentration, excretion rate of higher serum level, risk or severity of adverse effects"
"TIROPREST 12,5 MG/50 ML IV INF. ICIN KONSANTRE COZ. ICEREN FLK",tirofiban,69,"anticoagulant activities, risk or severity of adverse effects, antiplatelet activities"
"TIROSTU 12,5 MG/50 ML IV KONS INF COZ 1 FLK",tirofiban,69,"anticoagulant activities, risk or severity of adverse effects, antiplatelet activities"
TIVICAY 50 MG 30 FTB,dolutegravir,50,serum concentration
TIXALOR 90 MG FILM KAPLI TABLET (56 TABLET),ticagrelor,360,"metabolism, serum concentration, anticoagulant activities"
"TIYOKAS MONO 12,5 MG/1 G JEL (60 G)",dexketoprofen,217,"risk or severity of adverse effects, thrombogenic activities, antiplatelet activities"
TOBI 300 MG/5 ML NEBULIZASYON ICIN COZELTI (56 AMPUL),tobramycin,185,"excretion rate of higher serum level, serum concentration, nephrotoxic activities"
TOBLAIR 300 MG/5 ML NEBULIZASYON COZELTISI (56 AMPUL),tobramycin,185,"excretion rate of higher serum level, serum concentration, nephrotoxic activities"
"TOBRASED % 0,3 GOZ DAMLASI, COZELTI (5 ML)",tobramycin,185,"excretion rate of higher serum level, serum concentration, nephrotoxic activities"
TOBRASED % 0.3 5 GR GOZ POMADI,tobramycin,185,"excretion rate of higher serum level, serum concentration, nephrotoxic activities"
"TOBREX % 0.3 STERİL OFTALMİK ÇÖZELTİ, 5 ML",tobramycin,185,"excretion rate of higher serum level, serum concentration, nephrotoxic activities"
TOBREX %0.3 3.5 GR GOZ POMADI,tobramycin,185,"excretion rate of higher serum level, serum concentration, nephrotoxic activities"
TOBSIN %0.3 5 ML GOZ DAMLASI,tobramycin,185,"excretion rate of higher serum level, serum concentration, nephrotoxic activities"
TOFANZI 5 MG FILM KAPLI TABLET (56 FILM KAPLI TABLET),tofacitinib,245,"immunosuppressive activities, serum concentration, metabolism"
TOFIK 5 MG FILM KAPLI TABLET (56 TABLET),tofacitinib,245,"immunosuppressive activities, serum concentration, metabolism"
TOFRANIL 25 MG 50 DRJ,imipramine,782,"risk or severity of adverse effects, metabolism, serum concentration"
TOINEX 250 MG/5 ML ENJEKSIYONLUK COZELTI (5 AMPUL),phenytoin,939,"metabolism, serum concentration, risk or severity of adverse effects"
TOLDIN 2 MG 56 FILM KAPLI TABLET,tolterodine,321,"metabolism, risk or severity of adverse effects, serum concentration"
TOLIVER SR 4 MG UZATILMIS SALIMLI KAPSUL (28 KAPSUL),tolterodine,321,"metabolism, risk or severity of adverse effects, serum concentration"
TOLPERON 150 MG FILM KAPLI TABLET (30 ADET),tolperisone,27,"metabolism, serum concentration, therapeutic efficacy"
TOLTERIDEX SR 4 MG UZATILMIS SALIMLI SERT KAPSUL (28 KAPSUL),tolterodine,321,"metabolism, risk or severity of adverse effects, serum concentration"
TOLVON 10 MG 30 TB,mianserin,294,"metabolism, therapeutic efficacy, anticholinergic activities"
TOLVON 30 MG 14 TB,mianserin,294,"metabolism, therapeutic efficacy, anticholinergic activities"
TOPAMAX 100 MG 60 FTB,topiramate,468,"risk or severity of adverse effects, metabolism, serum concentration"
TOPAMAX 200 MG 60 FTB,topiramate,468,"risk or severity of adverse effects, metabolism, serum concentration"
TOPAMAX 25 MG 60 FTB,topiramate,468,"risk or severity of adverse effects, metabolism, serum concentration"
TOPAMAX 50 MG 60 FTB,topiramate,468,"risk or severity of adverse effects, metabolism, serum concentration"
"TOPICLIN %0,03 30 GR MERHEM",tacrolimus,432,"metabolism, immunosuppressive activities, serum concentration"
"TOPICLIN %0,1 MERHEM",tacrolimus,432,"metabolism, immunosuppressive activities, serum concentration"
"TOPIKAZOL %1 DERI SPREYI, COZELTI (50 G)",econazole,101,"therapeutic efficacy, serum concentration, risk or severity of adverse effects"
TOPIKAZOL %1 KREM (30 G),econazole,101,"therapeutic efficacy, serum concentration, risk or severity of adverse effects"
TOPOTU 4 MG/4 ML KONSANTRE INF COZ,topotecan,277,"serum concentration, risk or severity of adverse effects, cardiotoxic activities"
TOREDA SR 4 MG 28 UZATILMIS SALIMLI SERT KAPSUL,tolterodine,321,"metabolism, risk or severity of adverse effects, serum concentration"
TORISEL 25% MG/ML IV INF COZ ICEREN KONSANTRE FLK,temsirolimus,200,"risk or severity of adverse effects, serum concentration, metabolism"
TOVIAZ 4 MG 28 UZATILMIS SALIMLI TB,fesoterodine,381,"serum concentration of active metabolites, risk or severity of adverse effects, serum concentration"
TOVIAZ 8 MG 28 UZATILMIS SALIMLI TB,fesoterodine,381,"serum concentration of active metabolites, risk or severity of adverse effects, serum concentration"
TRACLEER 125 MG 56 FTB,bosentan,701,"serum concentration, hypotensive activities, metabolism"
TRACLEER 62.5 MG 56 FTB,bosentan,701,"serum concentration, hypotensive activities, metabolism"
TRACTAN 125 MG FILM KAPLI TABLET (56 FILM KAPLI TABLET),bosentan,701,"serum concentration, hypotensive activities, metabolism"
TRACTAN 32 MG DAGILABILIR TABLET (56TABLET),bosentan,701,"serum concentration, hypotensive activities, metabolism"
"TRACTAN 62,5 MG FILM KAPLI TABLET (56 FILM KAPLI TABLET)",bosentan,701,"serum concentration, hypotensive activities, metabolism"
"TRACTOCILE 7,5 MG/ML ENJEKSIYONLUK ÇÖZELTİ, 0,9 ML FLAKON, 1 ADET",atosiban,30,risk or severity of adverse effects
"TRACTOCILE 7,5 MG/ML İNFÜZYONLUK ÇÖZELTİ HAZIRLAMAK İÇİN KONSANTRE, 1 ADET",atosiban,30,risk or severity of adverse effects
TRADOLEX 100 MG/2 ML IM/IV/SC ENJ. COZ. ICEREN 5 AMP,tramadol,545,"risk or severity of adverse effects, serum concentration, therapeutic efficacy"
TRAJENTA 5 MG FILM KAPLI TABLET,linagliptin,227,"serum concentration, therapeutic efficacy, risk or severity of adverse effects"
TRAMOSEL 100 MG/2 ML IV/IM/SC ENJ COZ ICEREN 5 AMP,tramadol,545,"risk or severity of adverse effects, serum concentration, therapeutic efficacy"
TRANEXEL %10 A/H IV/IM ENJEKSIYONLUK COZELTI (10 AMPUL),tranexamic acid,27,thrombogenic activities
TRANEXEL %5 A/H IV/IM ENJEKSIYONLUK COZELTI (10 AMPUL),tranexamic acid,27,thrombogenic activities
TRANSAMIN 500 MG 50 TB,tranexamic acid,27,thrombogenic activities
TRANSAMINE 100 MG/ML IV ENJEKSIYONLUK COZELTI (10 AMPUL),tranexamic acid,27,thrombogenic activities
TRANSAMINE 50 MG/ML IV ENJEKSIYONLUK COZELTI (10 AMPUL),tranexamic acid,27,thrombogenic activities
TRAVATAN %0.004 2.5 ML GOZ DAMLASI,travoprost,229,"hypotensive activities, therapeutic efficacy, antihypertensive activities"
TRAVOGEN %1 KREM (30 G),isoconazole,71,"therapeutic efficacy, serum concentration, metabolism"
TREDISON 20 MG IM/IV ENJEKSIYONLUK/INFUZYONLUK COZELTI HAZIRLAMAK ICIN TOZ VE COZUCU (1 FLAKON + 1 COZUCU AMPUL),methylprednisolone,361,"risk or severity of adverse effects, serum concentration, therapeutic efficacy"
TREDISON 40 MG IM/IV ENJEKSIYONLUK/INFUZYONLUK COZELTI HAZIRLAMAK ICIN TOZ VE COZUCU (1 FLAKON + 1 COZUCU AMPUL),methylprednisolone,361,"risk or severity of adverse effects, serum concentration, therapeutic efficacy"
TRENTAL-CR 600 MG 20 FTB,pentoxifylline,275,"hypotensive activities, antiplatelet activities, anticoagulant activities"
TRENTILIN-RETARD 400 MG 20 FTB,pentoxifylline,275,"hypotensive activities, antiplatelet activities, anticoagulant activities"
TREPAR 1 MG 30 TABLET,rasagiline,475,"risk or severity of adverse effects, hypotensive activities, hypertensive activities"
TREPOKS 100 MG/20 ML INFUZYONLUK COZELTI,treprostinil,392,"hypotensive activities, risk or severity of adverse effects, QTc-prolonging activities"
TREPOKS 50 MG/20 ML INFUZYONLUK COZELTI,treprostinil,392,"hypotensive activities, risk or severity of adverse effects, QTc-prolonging activities"
TREVICTA 175 MG I.M. ENJEKSIYON ICIN UZUN SALIMLI SUSPANSIYON ICEREN KULLANIMA HAZIR ENJEKTOR,paliperidone,580,"risk or severity of adverse effects, QTc-prolonging activities, antihypertensive activities"
TREVICTA 263 MG I.M. ENJEKSIYON ICIN UZUN SALIMLI SUSPANSIYON ICEREN KULLANIMA HAZIR ENJEKTOR,paliperidone,580,"risk or severity of adverse effects, QTc-prolonging activities, antihypertensive activities"
TREVICTA 350 MG I.M. ENJEKSIYON ICIN UZUN SALIMLI SUSPANSIYON ICEREN KULLANIMA HAZIR ENJEKTOR,paliperidone,580,"risk or severity of adverse effects, QTc-prolonging activities, antihypertensive activities"
TREVICTA 525 MG I.M. ENJEKSIYON ICIN UZUN SALIMLI SUSPANSIYON ICEREN KULLANIMA HAZIR ENJEKTOR,paliperidone,580,"risk or severity of adverse effects, QTc-prolonging activities, antihypertensive activities"
TRIAVER 40 MG/ML 1 ML 1 AMP,triamcinolone,393,"risk or severity of adverse effects, metabolism, serum concentration"
TRIBUDAT 100 MG 40 TB,trimebutine,132,"risk or severity of hypotension, therapeutic efficacy, metabolism"
TRIBUDAT 24 MG/5 ML 250 ML SUSP ICIN GRANUL,trimebutine,132,"risk or severity of hypotension, therapeutic efficacy, metabolism"
TRIBUDAT FORTE 200 MG 20 TB,trimebutine,132,"risk or severity of hypotension, therapeutic efficacy, metabolism"
TRIBUDAT FORTE 200 MG 40 TB,trimebutine,132,"risk or severity of hypotension, therapeutic efficacy, metabolism"
TRICEF 600 MG FILM KAPLI TABLET (10 TABLET),cefdinir,21,"nephrotoxic activities, anticoagulant activities, serum concentration"
TRICEF 600 MG FILM KAPLI TABLET (14 TABLET),cefdinir,21,"nephrotoxic activities, anticoagulant activities, serum concentration"
TRIFLUCAN 100 MG 7 KAP,fluconazole,679,"metabolism, serum concentration, QTc-prolonging activities"
TRIFLUCAN 200 MG 7 KAP,fluconazole,679,"metabolism, serum concentration, QTc-prolonging activities"
TRIFLUCAN 5 MG/ML 70 ML SURUP,fluconazole,679,"metabolism, serum concentration, QTc-prolonging activities"
TRILEPTAL 60 MG/ML 250 ML SUSP,oxcarbazepine,63,"serum concentration, risk or severity of hyponatremia, therapeutic efficacy"
TRIPLUS MR 35 MG 60 FILM KAPLI MODIFIYE SALIM TB,trimetazidine,1,risk or severity of adverse effects
TROCMETAM 20 MG ENJEKSIYONLUK LIYOFILIZE TOZ 1 FLAKON 1 COZUCU AMPUL,tenoxicam,396,"risk or severity of adverse effects, metabolism, therapeutic efficacy"
TROMABAN 15 MG FILM KAPLI TABLET (28 TABLET),rivaroxaban,297,"anticoagulant activities, serum concentration, metabolism"
TROMABAN 20 MG FILM KAPLI TABLET (28 TABLET),rivaroxaban,297,"anticoagulant activities, serum concentration, metabolism"
TROMBOLIZ 75 MG KAPLI TABLET (50 KAPLI TABLET),dipyridamole,373,"risk or severity of adverse effects, hypotensive activities, anticoagulant activities"
"TROMBOSTAT 12,5 MG/50 ML IV INF ICIN KONS COZ ICEREN FLK",tirofiban,69,"anticoagulant activities, risk or severity of adverse effects, antiplatelet activities"
TROMBOXAR 2.5 MG FILM KAPLI TABLET (56 TABLET),apixaban,351,"serum concentration, anticoagulant activities, metabolism"
TROMBOXAR 5 MG FILM KAPLI TABLET,apixaban,351,"serum concentration, anticoagulant activities, metabolism"
"TROPAMID %0,5 GOZ DAMLASI, COZELTI (5 ML)",tropicamide,119,"risk or severity of adverse effects, therapeutic efficacy, serum concentration"
"TROPAMID %1 FORTE GOZ DAMLASI, COZELTI (5 ML)",tropicamide,119,"risk or severity of adverse effects, therapeutic efficacy, serum concentration"
TROZASIN 200 MG IV INF COZ ICIN LIYO TOZ ICEREN 1 FLK,voriconazole,760,"metabolism, serum concentration, QTc-prolonging activities"
TRUJEL %5 JEL(45 G),diclofenac,491,"risk or severity of adverse effects, metabolism, serum concentration"
"TRİAKNE %10 EMÜLSİYON JEL, 50 G",benzoyl peroxide,1,risk or severity of adverse effects
"TRİAKNE %5 EMÜLSİYON JEL, 50 G",benzoyl peroxide,1,risk or severity of adverse effects
TTS IZOTONIK %0.9 SODYUM KLORUR CERRAHI KULLANIM ICIN IRIGASYON COZELTISI 1000 ML (SETSIZ),sodium chloride,1,risk or severity of adverse effects
TTS IZOTONIK %0.9 SODYUM KLORUR CERRAHI KULLANIM ICIN IRIGASYON COZELTISI 500 ML (SETSIZ),sodium chloride,1,risk or severity of adverse effects
"TURKTIPSAN ATROPIN SULFAT 0,5 MG / ML IM / SC / IV ENJEKSIYONLUK COZELTI",atropine,133,"risk or severity of adverse effects, therapeutic efficacy, hypertensive activities"
TURKTIPSAN ATROPIN SULFAT 1 MG / ML IM / SC / IV ENJEKSIYONLUK COZELTI,atropine,133,"risk or severity of adverse effects, therapeutic efficacy, hypertensive activities"
TURKTIPSAN DIKLOFENAK SODYUM 75 MG/3 ML IM ENJ COZ 10 AMP,diclofenac,491,"risk or severity of adverse effects, metabolism, serum concentration"
"TURKTIPSAN FENIRAMIN MALEAT 45,5 MG/2 ML IM/IV ENJ COZ (5 AMP)",pheniramine,13,"sedative activities, therapeutic efficacy, diagnostic agent"
TURKTIPSAN FUROSEMID 20 MG / 2 ML ENJEKSIYONLUK VE INFUZYONLUK COZELTI,furosemide,443,"risk or severity of adverse effects, therapeutic efficacy, hypokalemic activities"
TURKTIPSAN GENTAMISIN SULFAT 80 MG/ 2 ML IM/ IV ENJEKSIYONLUK / INFUZYONLUK COZELTI (1 AMPUL),gentamicin,185,"excretion rate of higher serum level, serum concentration, nephrotoxic activities"
TURKTIPSAN MAGNEZYUM SULFAT 1500 MG/10 ML ENJ COZL (10 AMP),magnesium sulfate,467,"therapeutic efficacy, serum concentration, risk or severity of hypotension and neuromuscular blockade"
TURKTIPSAN MAGNEZYUM SULFAT 40 G/1000 ML IV. INF. COZ. (1000 SETSIZ),magnesium sulfate,467,"therapeutic efficacy, serum concentration, risk or severity of hypotension and neuromuscular blockade"
TURKTIPSAN MAGNEZYUM SULFAT 4G/100 ML IV. INF. COZ. (SETSIZ),magnesium sulfate,467,"therapeutic efficacy, serum concentration, risk or severity of hypotension and neuromuscular blockade"
TURKTIPSAN METOKLOPRAMID HIDROKLORUR 10 MG/2 ML ENJ COZ (6 AMP),metoclopramide,370,"risk or severity of adverse effects, QTc-prolonging activities, therapeutic efficacy"
TURKTIPSAN MOLAR SODYUM 840 MG/10 ML IV ENJ COZ (10 AMP),sodium bicarbonate,162,"absorption, bioavailability, serum concentration"
"TURKTIPSAN NEOSTIGMINE METIL SULFAT 0,5 MG/1 ML ENJ COZL 6 AMP",neostigmine,157,"risk or severity of adverse effects, therapeutic efficacy, bradycardic activities"
TURKTIPSAN PIRASETAM 1 G / 5 ML ENJEKSIYONLUK COZELTI (12 AMPUL),piracetam,4,risk or severity of adverse effects
TURKTIPSAN POTASYUM KLORUR 750 MG / 10 ML ENJEKSIYONLUK COZELTI ICEREN AMPUL (10 AMPUL),potassium chloride,67,"ulcerogenic activities, hyperkalemic activities, risk or severity of hyperkalemia"
TYBICID 50 MG INFUZYONLUK COZELTI ICIN LIYOFILIZE TOZ (10 ADET),tigecycline,6,"therapeutic efficacy, serum concentration, absorption"
TYKERB 250 MG 70 FTB,lapatinib,316,"metabolism, serum concentration, QTc-prolonging activities"
TYOFLEX 4 MG 20 KAP,thiocolchicoside,1,therapeutic efficacy
TYOFLEX 4 MG/2 ML 6 AMP,thiocolchicoside,1,therapeutic efficacy
TYOFLEX FORT 8 MG 10 KAP,thiocolchicoside,1,therapeutic efficacy
Tab Melatonin 5 mg Tablet (30 adet),melatonin,365,"risk or severity of adverse effects, metabolism, central nervous system depressant (CNS depressant) activities"
ULCEZOL 40 MG I.V. ENJEKSIYONLUK COZELTI HAZIRLAMAK ICIN TOZ (1 FLAKON),pantoprazole,297,"metabolism, serum concentration, therapeutic efficacy"
ULCOREKS 40 MG 14 ENTERIK KAPLI FİLM TABLET,pantoprazole,297,"metabolism, serum concentration, therapeutic efficacy"
"ULPİSAD 30 MG FİLM KAPLI TABLET, 1 ADET",ulipristal,163,"serum concentration, therapeutic efficacy, metabolism"
ULSEPAN 40 MG 28 ENTERIK KAPLI TAB,pantoprazole,297,"metabolism, serum concentration, therapeutic efficacy"
ULTAN 2 MG IV INFUZYONLUK COZELTI HAZIRLAMAK ICIN LIYOFILIZE TOZ,remifentanil,505,"risk or severity of adverse effects, bradycardic activities, central nervous system depressant (CNS depressant) activities"
ULTAN 5 MG IV INFUZYONLUK COZELTI HAZIRLAMAK ICIN LIYOFILIZE TOZ,remifentanil,505,"risk or severity of adverse effects, bradycardic activities, central nervous system depressant (CNS depressant) activities"
ULTRACEF 500 MG 10 FTB,cefprozil,19,"nephrotoxic activities, anticoagulant activities, serum concentration"
ULTRACEF 500 MG 20 FTB,cefprozil,19,"nephrotoxic activities, anticoagulant activities, serum concentration"
ULTRAMEX 100 MG/2ML ENJEKSIYONLUK COZELTI,tramadol,545,"risk or severity of adverse effects, serum concentration, therapeutic efficacy"
ULTRAVIST 300 100 ML 1 FLK,iopromide,1,risk or severity of adverse effects
ULTRAVIST 370 MG 100 ML FLK,iopromide,1,risk or severity of adverse effects
ULTRAVIST 370 MG 200 ML FLK,iopromide,1,risk or severity of adverse effects
ULTRAVIST 370 MG 500 ML,iopromide,1,risk or severity of adverse effects
ULTROX 10 MG 28 FTB,rosuvastatin,356,"serum concentration, metabolism, risk or severity of rhabdomyolysis"
ULTROX 20 MG 28 FTB,rosuvastatin,356,"serum concentration, metabolism, risk or severity of rhabdomyolysis"
ULTROX 40 MG 28 FTB,rosuvastatin,356,"serum concentration, metabolism, risk or severity of rhabdomyolysis"
ULTROX 5 MG 28 FTB,rosuvastatin,356,"serum concentration, metabolism, risk or severity of rhabdomyolysis"
UNAMITY 2 MG FILM KAPLI TABLET (14 TABLET),baricitinib,89,"metabolism, serum concentration"
UNAMITY 4 MG FILM KAPLI TABLET (14 TABLET),baricitinib,89,"metabolism, serum concentration"
UNIKLAR 250 MG FILM KAPLI TABLET (14 TABLET),clarithromycin,712,"metabolism, serum concentration, QTc-prolonging activities"
UNIKLAR 500 MG 14 TABLET,clarithromycin,712,"metabolism, serum concentration, QTc-prolonging activities"
UNISOM 25 MG 20 TB,doxylamine,303,"central nervous system depressant (CNS depressant) activities, anticholinergic activities, sedative activities"
UPSLACK 100 MG FILM KAPLI TABLET (40 TB),pinaverium,132,"risk or severity of hypotension, therapeutic efficacy, metabolism"
UPSLACK 100 MG FILM KAPLI TABLET (80 TABLET),pinaverium,132,"risk or severity of hypotension, therapeutic efficacy, metabolism"
UPSLACK 50 MG FILM KAPLI TABLET (40 TABLET),pinaverium,132,"risk or severity of hypotension, therapeutic efficacy, metabolism"
UPSLACK 50 MG FILM KAPLI TABLET (80 TABLET),pinaverium,132,"risk or severity of hypotension, therapeutic efficacy, metabolism"
UPTRAVI 1000 MCG 60 FILM KAPLI TABLET,selexipag,300,"hypotensive activities, metabolism, anticoagulant activities"
UPTRAVI 1200 MCG 60 FILM KAPLI TABLET,selexipag,300,"hypotensive activities, metabolism, anticoagulant activities"
UPTRAVI 1400 MCG 60 FILM KAPLI TABLET,selexipag,300,"hypotensive activities, metabolism, anticoagulant activities"
UPTRAVI 1600 MCG 60 FILM KAPLI TABLET,selexipag,300,"hypotensive activities, metabolism, anticoagulant activities"
UPTRAVI 200 MCG 140 FILM KAPLI TABLET,selexipag,300,"hypotensive activities, metabolism, anticoagulant activities"
UPTRAVI 200 MCG 60 FILM KAPLI TABLET,selexipag,300,"hypotensive activities, metabolism, anticoagulant activities"
UPTRAVI 400 MCG 60 FILM KAPLI TABLET,selexipag,300,"hypotensive activities, metabolism, anticoagulant activities"
UPTRAVI 600 MCG 60 FILM KAPLI TABLET,selexipag,300,"hypotensive activities, metabolism, anticoagulant activities"
UPTRAVI 800 MCG 60 FILM KAPLI TABLET,selexipag,300,"hypotensive activities, metabolism, anticoagulant activities"
URADEX 20 MG/2 ML 5 AMP,furosemide,443,"risk or severity of adverse effects, therapeutic efficacy, hypokalemic activities"
URIKOLIZ 300 MG 50 TB,allopurinol,68,"risk of hypersensitivity reaction to, absorption, serum concentration"
UROCARE 3 G GRANUL ICEREN SASE,fosfomycin,1,therapeutic efficacy
UROCIT-K 10 MEQ (1080 MG) 100 KONTROLLU SALIM TB,potassium citrate,229,"anticoagulant activities, risk or severity of adverse effects, therapeutic efficacy"
URODAY 3 GR 1 SASE,fosfomycin,1,therapeutic efficacy
UROMAX MR 0.4 MG DEGISTIRILMIS SALIMLI 30 SERT KAP,tamsulosin,405,"risk or severity of adverse effects, vasoconstricting activities, serum concentration"
UROMISIN 3 G TOZ ICEREN SASE,fosfomycin,1,therapeutic efficacy
UROPAN 5 MG 100 TB,oxybutynin,230,"risk or severity of adverse effects, serum concentration, metabolism"
UROPAN 5 MG/5 ML 100 ML SUSP,oxybutynin,230,"risk or severity of adverse effects, serum concentration, metabolism"
"UROPROST MR 0,4 MG DEGISTIRILMIS SALIMLI SERT KAPSUL (30 KAPSUL)",tamsulosin,405,"risk or severity of adverse effects, vasoconstricting activities, serum concentration"
"UROPROST MR 0,4 MG DEGISTIRILMIS SALIMLI SERT KAPSUL (90 KAPSUL)",tamsulosin,405,"risk or severity of adverse effects, vasoconstricting activities, serum concentration"
UROREC 4MG 30 KAP,silodosin,416,"serum concentration, vasoconstricting activities, antihypertensive activities"
UROREC 8MG 30 KAP,silodosin,416,"serum concentration, vasoconstricting activities, antihypertensive activities"
URSABAY 250 MG 100 KAPSUL,ursodeoxycholic acid,23,"therapeutic efficacy, absorption, excretion rate of higher serum level"
URSACTIVE 250 MG 100 KAP,ursodeoxycholic acid,23,"therapeutic efficacy, absorption, excretion rate of higher serum level"
URSACTIVE 500 MG 60 FILM KAPLI TABLET,ursodeoxycholic acid,23,"therapeutic efficacy, absorption, excretion rate of higher serum level"
URSODIN 250 MG 100 KAP,ursodeoxycholic acid,23,"therapeutic efficacy, absorption, excretion rate of higher serum level"
URSOFALK 250 MG KAPSÜL,ursodeoxycholic acid,23,"therapeutic efficacy, absorption, excretion rate of higher serum level"
URSOMED 250 MG KAPSUL (100 KAPSUL),ursodeoxycholic acid,23,"therapeutic efficacy, absorption, excretion rate of higher serum level"
"URSOMED 250 MG/5 ML ORAL SUSPANSIYON (1 SISE, 250 ML)",ursodeoxycholic acid,23,"therapeutic efficacy, absorption, excretion rate of higher serum level"
URSOVEF 250 MG 100 FILM KAPLI TABLET,ursodeoxycholic acid,23,"therapeutic efficacy, absorption, excretion rate of higher serum level"
URSOVEF 500 MG 60 FILM KAPLI TABLET,ursodeoxycholic acid,23,"therapeutic efficacy, absorption, excretion rate of higher serum level"
URSOVEF 750 MG 30 FILM KAPLI TABLET,ursodeoxycholic acid,23,"therapeutic efficacy, absorption, excretion rate of higher serum level"
UTESEL 0.2 MG/ML IM/IV ENJEKSIYON ICIN COZELTI ICEREN 1 ML 3 AMP,methylergometrine,393,"risk or severity of adverse effects, hypertensive and vasoconstricting activities, serum concentration"
"VAGI-HEX 10 MG VAJINAL TABLET, 12 ADET",hexetidine,69,"therapeutic efficacy, serum concentration, metabolism"
"VAGIFEM 10 MCG FILM KAPLI VAJINAL TABLET, 18 ADET",estradiol,373,"serum concentration, metabolism, thrombogenic activities"
VAGLINIB 400 MG FILM KAPLI TABLET (30 TABLET),imatinib,622,"metabolism, serum concentration, risk or severity of adverse effects"
VALAMOR 200 MG FILM KAPLI TABLET (63 TABLET),ribociclib,133,"serum concentration, risk or severity of QTc prolongation, cardiotoxic activities"
VALCYTE 450 MG FILM KAPLI TABLET (VALCYTE ROCHE 450 MG 60 FTB),valganciclovir,12,"risk or severity of adverse effects, serum concentration, risk or severity of generalized seizure"
VALDOXAN 25 MG 28 FTB,agomelatine,298,"risk or severity of adverse effects, central nervous system depressant (CNS depressant) activities, serum concentration"
VALIDOL 50 MG/ML 20 ML DAMLA,hydroxyzine,346,"central nervous system depressant (CNS depressant) activities, QTc-prolonging activities, sedative activities"
VALPROCAN 400MG/4ML ENJEKSIYONLUK COZELTI HAZIRLAMAK ICIN LIYOFILIZE TOZ VE COZUCU,valproic acid,574,"risk or severity of adverse effects, metabolism, serum concentration"
VALTREX 1000 MG 21 FTB,valaciclovir,5,"serum concentration, excretion rate of higher serum level, central nervous system depressant (CNS depressant) activities"
VALTREX 500 MG 10 FTB,valaciclovir,5,"serum concentration, excretion rate of higher serum level, central nervous system depressant (CNS depressant) activities"
VALTREX 500 MG 42 FTB,valaciclovir,5,"serum concentration, excretion rate of higher serum level, central nervous system depressant (CNS depressant) activities"
VAMYCIN 1000 MG IV ENJEKSIYON ICIN LIYOFILIZE TOZ ICEREN 1 FLAKON,vancomycin,112,"serum concentration, neuromuscular blocking activities, nephrotoxic activities"
VANCOTEK 1 GR IV ENJ. SOL. HAZIRLAMAK ICIN LIYOFILIZE TOZ ICEREN FLK (KOCAK),vancomycin,112,"serum concentration, neuromuscular blocking activities, nephrotoxic activities"
VANCOTEK 500 MG IV ENJEKSIYONLUK COZELTI HAZIRLAMAK ICIN LIYOFILIZE TOZ,vancomycin,112,"serum concentration, neuromuscular blocking activities, nephrotoxic activities"
"VANIKET %2,5 JEL (60 G)",ketoprofen,397,"risk or severity of adverse effects, metabolism, therapeutic efficacy"
"VANKOMYL 1000 MG IV İNFÜZYONLUK VE ORAL ÇÖZELTİ HAZIRLAMAK İÇİN LİYOFİLİZE TOZ, 1 FLAKON",vancomycin,112,"serum concentration, neuromuscular blocking activities, nephrotoxic activities"
"VANKOMYL 500 MG IV İNFÜZYONLUK VE ORAL ÇÖZELTİ HAZIRLAMAK İÇİN LİYOFİLİZE TOZ, 1 FLAKON",vancomycin,112,"serum concentration, neuromuscular blocking activities, nephrotoxic activities"
"VANKOPOL 500 MG IV INFUZYONLUK VE ORAL COZELTI HAZIRLAMAK ICIN LIYOFILIZE TOZ, 1 FLAKON",vancomycin,112,"serum concentration, neuromuscular blocking activities, nephrotoxic activities"
VASOCARD 10 MG 30 TAB,amlodipine,435,"hypotensive activities, risk or severity of adverse effects, metabolism"
VASOCARD 5 MG 30 TB,amlodipine,435,"hypotensive activities, risk or severity of adverse effects, metabolism"
VASOSERC 8 MG 30 TB,betahistine,158,"therapeutic efficacy, serum concentration, sedative activities"
VASOSERC BID 24 MG 30 TABLET,betahistine,158,"therapeutic efficacy, serum concentration, sedative activities"
VASOSERC BID 24 MG 60 TABLET,betahistine,158,"therapeutic efficacy, serum concentration, sedative activities"
VASOSERC BID 24 MG 90 TABLET,betahistine,158,"therapeutic efficacy, serum concentration, sedative activities"
VASOSERC FORT 16 MG 30 TABLET,betahistine,158,"therapeutic efficacy, serum concentration, sedative activities"
VASOXEN 10 MG 28 TABLET,nebivolol,523,"hypotensive activities, antihypertensive activities, serum concentration"
VASOXEN 5 MG 28 TABLET,nebivolol,523,"hypotensive activities, antihypertensive activities, serum concentration"
VASTAREL 20 MG 60 FILM TABLET,trimetazidine,1,risk or severity of adverse effects
VASTAREL MR 35 MG 60 FTB,trimetazidine,1,risk or severity of adverse effects
VASTAREL MR 80 MG UZATILMIS ETKILI 30 KAPSUL,trimetazidine,1,risk or severity of adverse effects
VAXVIRE 1000 MG 21 FILM KAPLI TABLET,valaciclovir,5,"serum concentration, excretion rate of higher serum level, central nervous system depressant (CNS depressant) activities"
VAZIDIN MR 35 MG 60 FILM KAPLI MODIFIYE SALIM TAB,trimetazidine,1,risk or severity of adverse effects
VAZKOR 10 MG 30 TB,amlodipine,435,"hypotensive activities, risk or severity of adverse effects, metabolism"
VAZKOR 10 MG 90 TAB,amlodipine,435,"hypotensive activities, risk or severity of adverse effects, metabolism"
VAZKOR 5 MG 30 TABLET,amlodipine,435,"hypotensive activities, risk or severity of adverse effects, metabolism"
VAZKOR 5 MG 90 TABLET,amlodipine,435,"hypotensive activities, risk or severity of adverse effects, metabolism"
VEBULIS 10 MCG/ML NEBULIZATOR ICIN COZ ICEREN 30 AMP,iloprost,347,"risk or severity of adverse effects, therapeutic efficacy, hypotensive activities"
VEFORIX 245 MG 30 FILM KAPLI TABLET,tenofovir disoproxil,271,"metabolism, risk or severity of adverse effects, serum concentration"
VEGABON 70 MG 4 TABLET,alendronic acid,125,"risk or severity of adverse effects, serum concentration, hypocalcemic activities"
VELARIX 800 MG 180 FTB,sevelamer,24,"absorption, serum concentration"
"VELCADE 3,5 MG IV/SC ENJ SOL ICIN TOZ (VELCADE 3.5 MG IV 1 FLK)",bortezomib,787,"metabolism, serum concentration, risk or severity of adverse effects"
"VELETRI 0,5 MG INFUZYONLUK COZELTI HAZIRLAMAK ICIN TOZ (1 FLAKON)",epoprostenol,416,"hypotensive activities, risk or severity of adverse effects, therapeutic efficacy"
"VELETRI 1,5 MG INFUZYONLUK COZELTI HAZIRLAMAK ICIN TOZ (1 FLAKON)",epoprostenol,416,"hypotensive activities, risk or severity of adverse effects, therapeutic efficacy"
VELORIN OD 15 MG AGIZDA DAGILAN 30 TB,mirtazapine,527,"central nervous system depressant (CNS depressant) activities, metabolism, risk or severity of adverse effects"
VELORIN OD 30 MG AGIZDA DAGILAN 30 TB,mirtazapine,527,"central nervous system depressant (CNS depressant) activities, metabolism, risk or severity of adverse effects"
VELORIN OD 45 MG AGIZDA DAGILAN 30 TB,mirtazapine,527,"central nervous system depressant (CNS depressant) activities, metabolism, risk or severity of adverse effects"
VEMCAINE % 10 PUMP SPREY,lidocaine,572,"metabolism, risk or severity of adverse effects, serum concentration"
VENCLYXTO 10 MG 14 FILM KAPLI TABLET,venetoclax,96,"metabolism, serum concentration, cardiotoxic activities"
VENCLYXTO 100 MG 112 FILM KAPLI TABLET,venetoclax,96,"metabolism, serum concentration, cardiotoxic activities"
VENCLYXTO 100 MG 14 FILM KAPLI TABLET,venetoclax,96,"metabolism, serum concentration, cardiotoxic activities"
VENCLYXTO 100 MG 7 FILM KAPLI TABLET,venetoclax,96,"metabolism, serum concentration, cardiotoxic activities"
VENCLYXTO 50 MG 7 FILM KAPLI TABLET,venetoclax,96,"metabolism, serum concentration, cardiotoxic activities"
VENEGIS XR 150 MG UZATILMIS SALINIMLI 28 SERT KAP,venlafaxine,970,"metabolism, risk or severity of adverse effects, serum concentration"
"VENEGIS XR 37,5 MG UZATILMIS SALIMLI 28 SERT KAP",venlafaxine,970,"metabolism, risk or severity of adverse effects, serum concentration"
VENEGIS XR 75 MG UZATILMIS SALINIMLI 28 SERT KAP,venlafaxine,970,"metabolism, risk or severity of adverse effects, serum concentration"
VENMIX 15 MG 28 FILM KAPLI TABLET,rivaroxaban,297,"anticoagulant activities, serum concentration, metabolism"
VENMIX 20 MG 28 FILM KAPLI TABLET,rivaroxaban,297,"anticoagulant activities, serum concentration, metabolism"
VENOMIA 15 MG KAPSUL (28 KAPSUL),rivaroxaban,297,"anticoagulant activities, serum concentration, metabolism"
VENOMIA 20 MG KAPSUL (28 KAPSUL),rivaroxaban,297,"anticoagulant activities, serum concentration, metabolism"
"VENTACORT 100MCG AEROSOL İNHALER , 1 ADET",salbutamol,204,"QTc-prolonging activities, risk or severity of adverse effects, vasoconstricting activities"
VENTAVIS 10MCG/ML NEB ICIN SOL ICEREN 30 AMP,iloprost,347,"risk or severity of adverse effects, therapeutic efficacy, hypotensive activities"
VENTOLIN 100 MCG/DOZ 200 DOZ INH,salbutamol,204,"QTc-prolonging activities, risk or severity of adverse effects, vasoconstricting activities"
VENTOLIN 2 MG/5 ML 150 ML SURUP,salbutamol,204,"QTc-prolonging activities, risk or severity of adverse effects, vasoconstricting activities"
VENTOLIN 2.5 MG/2.5 ML 2.5 ML 20 NEBULES,salbutamol,204,"QTc-prolonging activities, risk or severity of adverse effects, vasoconstricting activities"
VENTOSAL 2 MG/5 ML SURUP (150 ML),salbutamol,204,"QTc-prolonging activities, risk or severity of adverse effects, vasoconstricting activities"
"VENTOSAL 2,5 MG/2,5 ML NEBULIZASYON ICIN INHALASYON COZ ICEREN TEK DOZLUK 20 FLK",salbutamol,204,"QTc-prolonging activities, risk or severity of adverse effects, vasoconstricting activities"
"VENTİXOL 30 MG/5 ML ŞURUP, 150 ML",ambroxol,107,"metabolism, serum concentration, risk or severity of adverse effects"
"VENİDARA % 5 KREM, 12 ADET",imiquimod,114,"metabolism, serum concentration, cardiotoxic activities"
VERIDEX 1 MG FILM TABLET (28 TABLET),anastrozole,50,"risk or severity of adverse effects, serum concentration, therapeutic efficacy"
VERMAZOL 100 MG 30 CIGNEME TB,mebendazole,115,"metabolism, serum concentration, cardiotoxic activities"
VESICARE 10 MG 30 FILM TABLET,solifenacin,294,"metabolism, risk or severity of adverse effects, QTc-prolonging activities"
VESICARE 5 MG 30 FILM TABLET,solifenacin,294,"metabolism, risk or severity of adverse effects, QTc-prolonging activities"
VESIFIX 10 MG 30 FILM KAPLI TABLET,solifenacin,294,"metabolism, risk or severity of adverse effects, QTc-prolonging activities"
VESIFIX 5 MG 30 FTB,solifenacin,294,"metabolism, risk or severity of adverse effects, QTc-prolonging activities"
VEXPERDA 180 MG FILM KAPLI TABLET (30 TABLET),deferasirox,714,"serum concentration, risk or severity of adverse effects, absorption"
VEXPERDA 360 MG FILM KAPLI TABLET (30 TABLET),deferasirox,714,"serum concentration, risk or severity of adverse effects, absorption"
VEXPERDA 90 MG FILM KAPLI TABLET (30 TABLET),deferasirox,714,"serum concentration, risk or severity of adverse effects, absorption"
VFEND 200 MG 30 FILM KAPLI TABLET,voriconazole,760,"metabolism, serum concentration, QTc-prolonging activities"
VFEND 50 MG 30 FILM TABLET,voriconazole,760,"metabolism, serum concentration, QTc-prolonging activities"
VFEND IV 200 MG 1 FLK,voriconazole,760,"metabolism, serum concentration, QTc-prolonging activities"
VI-PLEX B12 1000 MCG 1 MLX5 AMPUL,cyanocobalamin,2,"therapeutic efficacy, serum concentration"
"VIAGRA 100 MG FILM KAPLI TABLET, 4 ADET",sildenafil,763,"metabolism, serum concentration, antihypertensive activities"
"VIAGRA 100 MG FILM KAPLI TABLET, 8 ADET",sildenafil,763,"metabolism, serum concentration, antihypertensive activities"
"VIAGRA 25 MG FILM KAPLI TABLET, 4 ADET",sildenafil,763,"metabolism, serum concentration, antihypertensive activities"
"VIAGRA 50 MG FILM TABLET, 4 ADET",sildenafil,763,"metabolism, serum concentration, antihypertensive activities"
VIDAPTIN 50 MG 56 TABLET,vildagliptin,172,"therapeutic efficacy, serum concentration, hypoglycemic activities"
VIDAZA 100 MG SC 1 FLK,azacitidine,17,"risk or severity of adverse effects, cardiotoxic activities, immunosuppressive activities"
"VIGAROO 100 MG FILM KAPLI TABLET, 4 ADET",sildenafil,763,"metabolism, serum concentration, antihypertensive activities"
"VIGRANDE 100 MG FİLM KAPLI TABLET, 4 ADET",sildenafil,763,"metabolism, serum concentration, antihypertensive activities"
"VIGRANDE 50 MG FİLM KAPLI TABLET, 4 TABLET",sildenafil,763,"metabolism, serum concentration, antihypertensive activities"
VIKISEF 1 G IV ENJEKSIYONLUK/INFUZYONLUK COZELTI HAZIRLAMAK ICIN TOZ VE COZUCU,ceftriaxone,28,"nephrotoxic activities, risk or severity of adverse effects, anticoagulant activities"
VILDABET 50 MG TABLET (56 TABLET),vildagliptin,172,"therapeutic efficacy, serum concentration, hypoglycemic activities"
VILDEGA 50 MG TABLET (56 TABLET),vildagliptin,172,"therapeutic efficacy, serum concentration, hypoglycemic activities"
VINCRISTINE-KOCAK 1 MG/1 ML IV ENJEKSIYONLUK COZELTI,vincristine,363,"excretion, serum concentration, metabolism"
VINCRISTINE-KOCAK 2 MG/2 ML IV ENJEKSIYONLUK COZELTI,vincristine,363,"excretion, serum concentration, metabolism"
VINKO 1 MG/ML IV INF. ICIN COZ.ICEREN FLK 10 ML,vinblastine,194,"metabolism, serum concentration, risk or severity of adverse effects"
"VINTOR 0,5 MG 28 KAPSUL",fingolimod,314,"immunosuppressive activities, metabolism, bradycardic activities"
VIPRAZOL 200 MG IV INFUZYONLUK COZELTI ICIN TOZ ICEREN FLAKON,voriconazole,760,"metabolism, serum concentration, QTc-prolonging activities"
"VIRATIT 0,5 MG 30 FILM TABLET",entecavir,3,"risk or severity of adverse effects, hepatotoxic activities"
VIRATIT 1 MG 30 FILM TABLET,entecavir,3,"risk or severity of adverse effects, hepatotoxic activities"
VIREAD 245 MG 30 FILM KAPLI TABLET,tenofovir disoproxil,271,"metabolism, risk or severity of adverse effects, serum concentration"
"VIRENTE 0,5 MG 30 FILM TABLET",entecavir,3,"risk or severity of adverse effects, hepatotoxic activities"
VIRENTE 1 MG 30 FTB,entecavir,3,"risk or severity of adverse effects, hepatotoxic activities"
"VIRGAN 1,5 MG/G OFTALMIK JEL",ganciclovir,12,"risk or severity of adverse effects, serum concentration, risk or severity of generalized seizure"
VIRTENIX 245 MG FILM KAPLI TABLET (30 FILM KAPLI TABLET),tenofovir disoproxil,271,"metabolism, risk or severity of adverse effects, serum concentration"
VISANNE 2 MG 28 TABLET,dienogest,187,"serum concentration, therapeutic efficacy, metabolism"
VISCAP 30 MG 28 FILM TABLET,cinacalcet,309,"metabolism, serum concentration, serum concentration of active metabolites"
VISCAP 60 MG 28 FILM TABLET,cinacalcet,309,"metabolism, serum concentration, serum concentration of active metabolites"
VISCAP 90 MG 28 FILM TABLET,cinacalcet,309,"metabolism, serum concentration, serum concentration of active metabolites"
VISINE %0.05 5 ML GOZ DAMLASI,tetryzoline,132,"vasoconstricting activities, risk or severity of adverse effects, hypertensive activities"
VITAKOBAL 1000 MCG/1 ML IM ENJ. COZELTI,cyanocobalamin,2,"therapeutic efficacy, serum concentration"
VITPSO %0.1 50 GR JEL,methoxsalen,90,"metabolism, serum concentration, photosensitizing activities"
VITPSO %1 50 GR JEL,methoxsalen,90,"metabolism, serum concentration, photosensitizing activities"
VOCHERON 4 MG/2 ML IM/IV ENJEKSIYONLUK/INFUZYONLUK COZELTI (5 AMPUL),ondansetron,519,"risk or severity of adverse effects, QTc-prolonging activities, metabolism"
VOCHERON 8 MG/4 ML IM/IV ENJEKSIYONLUK/INFUZYONLUK COZELTI (5 AMPUL),ondansetron,519,"risk or severity of adverse effects, QTc-prolonging activities, metabolism"
VOLIBRIS 10 MG 30 FTB,ambrisentan,251,"hypotensive activities, metabolism, serum concentration"
VOLIBRIS 5 MG 30 FTB,ambrisentan,251,"hypotensive activities, metabolism, serum concentration"
VOLIMRA 10 MG 30 FILM KAPLI TABLET,ambrisentan,251,"hypotensive activities, metabolism, serum concentration"
VOLIMRA 5 MG 30 FILM KAPLI TABLET,ambrisentan,251,"hypotensive activities, metabolism, serum concentration"
VOLTAREN %1 50 GR EMULGEL,diclofenac,491,"risk or severity of adverse effects, metabolism, serum concentration"
VOLTAREN 100 MG 10 SUPP,diclofenac,491,"risk or severity of adverse effects, metabolism, serum concentration"
VOLTAREN 100 MG 5 SUPP,diclofenac,491,"risk or severity of adverse effects, metabolism, serum concentration"
VOLTAREN 50 MG 20 FTB,diclofenac,491,"risk or severity of adverse effects, metabolism, serum concentration"
"VOLTAREN EMULGEL FORTE %2.32 JEL, 50 G",diclofenac,491,"risk or severity of adverse effects, metabolism, serum concentration"
VOLTAREN RETARD 100 MG 10 TB,diclofenac,491,"risk or severity of adverse effects, metabolism, serum concentration"
VOLTAREN RETARD 100 MG 30 TB,diclofenac,491,"risk or severity of adverse effects, metabolism, serum concentration"
VOLTAREN SR 75 MG 10 TB,diclofenac,491,"risk or severity of adverse effects, metabolism, serum concentration"
VOLTAREN-SR 75 MG 20 FTB,diclofenac,491,"risk or severity of adverse effects, metabolism, serum concentration"
VONAXI 250 MCG/5 ML IV. ENJ COZ ICEREN 1 FLK,palonosetron,185,"metabolism, serotonergic activities, serum concentration"
VOPAZZI 200 MG FILM KAPLI TABLET (30 TABLET),pazopanib,454,"serum concentration, QTc-prolonging activities, metabolism"
VOPAZZI 400 MG FILM KAPLI TABLET (60 TABLET),pazopanib,454,"serum concentration, QTc-prolonging activities, metabolism"
VORENT 200 MG 30 FILM TABLET,voriconazole,760,"metabolism, serum concentration, QTc-prolonging activities"
VORIFULL 200 MG 28 FTB,voriconazole,760,"metabolism, serum concentration, QTc-prolonging activities"
VORIGEN 200 MG IV INF COZ ICIN TOZ,voriconazole,760,"metabolism, serum concentration, QTc-prolonging activities"
VORISPER 200 MG FILM KAPLI TABLET (30 TABLET),voriconazole,760,"metabolism, serum concentration, QTc-prolonging activities"
VORIX 200 MG IV INF COZ ICIN TOZ ICEREN 1 FLK,voriconazole,760,"metabolism, serum concentration, QTc-prolonging activities"
VOTRIENT 200 MG 30 TB,pazopanib,454,"serum concentration, QTc-prolonging activities, metabolism"
VOTRIENT 400 MG 60 TB,pazopanib,454,"serum concentration, QTc-prolonging activities, metabolism"
VOTRON 250 MCG/5 ML ENJ COZ ICEREN FLK,palonosetron,185,"metabolism, serotonergic activities, serum concentration"
VOXUS 245 MG 30 FILM KAPLI TABLET,tenofovir disoproxil,271,"metabolism, risk or severity of adverse effects, serum concentration"
VOXUS 245 MG 90 FILM KAPLI TABLET,tenofovir disoproxil,271,"metabolism, risk or severity of adverse effects, serum concentration"
"VULGAREX %7,5 JEL (30 G )",dapsone,204,"metabolism, risk or severity of adverse effects, serum concentration"
"VYZULTA 0,24 MG/ML GOZ DAMLASI, COZELTI (5 ML)",latanoprostene bunod,82,therapeutic efficacy
"Varoni 20 mg Film Kaplı Tablet, 4 ADET",vardenafil,304,"antihypertensive activities, QTc-prolonging activities, serum concentration"
"VİAMED 100 MG FİLM KAPLI TABLET, 4 ADET",sildenafil,763,"metabolism, serum concentration, antihypertensive activities"
"VİAMED 50 MG FİLM KAPLI TABLET, 4 ADET",sildenafil,763,"metabolism, serum concentration, antihypertensive activities"
"VİLCOZA 50 MG TABLET, 56 ADET",vildagliptin,172,"therapeutic efficacy, serum concentration, hypoglycemic activities"
WARFMADIN 10 MG TABLET (28 TABLET),warfarin,575,"anticoagulant activities, metabolism, serum concentration"
WARFMADIN 5 MG TABLET (28 TABLET),warfarin,575,"anticoagulant activities, metabolism, serum concentration"
WARSU 5 MG TABLET (28 TABLET),warfarin,575,"anticoagulant activities, metabolism, serum concentration"
"WEGOVY 0.25 MG ENJEKSİYONLUK ÇÖZELTİ İÇEREN KULLANIMA HAZIR KALEM, 1 ADET",semaglutide,9,hypoglycemic activities
"WEGOVY 0.5 MG ENJEKSİYONLUK ÇÖZELTİ İÇEREN KULLANIMA HAZIR KALEM, 1 ADET",semaglutide,9,hypoglycemic activities
"WEGOVY 1 MG ENJEKSİYONLUK ÇÖZELTİ İÇEREN KULLANIMA HAZIR KALEM, 1 ADET",semaglutide,9,hypoglycemic activities
"WEGOVY 1.7 MG ENJEKSİYONLUK ÇÖZELTİ İÇEREN KULLANIMA HAZIR KALEM, 1 ADET",semaglutide,9,hypoglycemic activities
"WEGOVY 2.4 MG ENJEKSİYONLUK ÇÖZELTİ İÇEREN KULLANIMA HAZIR KALEM, 1 ADET",semaglutide,9,hypoglycemic activities
WELLBUTRIN XL 150 MG 30 YAVAS SALINIMLI FILM KAPLI TABLET,bupropion,392,"metabolism, serum concentration, risk or severity of adverse effects"
WELLBUTRIN XL 300 MG 30 YAVAS SALINIMLI FILM KAPLI TABLET,bupropion,392,"metabolism, serum concentration, risk or severity of adverse effects"
WINCEF 400 MG 10 FILM KAPLI TABLET,ceftibuten,19,"nephrotoxic activities, anticoagulant activities, serum concentration"
WINCEF 90 MG/5 ML ORAL SUSPANSIYON HAZIRLAMAK ICIN KURU TOZ 100 ML,ceftibuten,19,"nephrotoxic activities, anticoagulant activities, serum concentration"
"XADAGO 100 MG FİLM KAPLI TABLET, 30 ADET",safinamide,88,"metabolism, serum concentration, serotonergic activities"
"XADAGO 50 MG FİLM KAPLI TABLET, 30 ADET",safinamide,88,"metabolism, serum concentration, serotonergic activities"
"XAGRILYN 0,5 MG SERT KAPSUL",anagrelide,258,"QTc-prolonging activities, anticoagulant activities, risk or severity of QTc prolongation"
XALATAN %0.005 2.5 ML GOZ DAMLASI,latanoprost,229,"hypotensive activities, therapeutic efficacy, antihypertensive activities"
XALFU XL 10 MG UZATILMIS SALIMLI 30 TABLET,alfuzosin,403,"hypotensive activities, serum concentration, vasoconstricting activities"
XALKORI 200 MG 60 KAPSUL,crizotinib,663,"metabolism, serum concentration, QTc-prolonging activities"
XALKORI 250 MG 60 KAPSUL,crizotinib,663,"metabolism, serum concentration, QTc-prolonging activities"
XAMATE 50 MG 60 FILM KAPLI TABLET,topiramate,468,"risk or severity of adverse effects, metabolism, serum concentration"
"XANAX 0,5 MG 30 TABLET",alprazolam,448,"risk or severity of adverse effects, serum concentration, metabolism"
XANAX 1 MG 50 TABLET,alprazolam,448,"risk or severity of adverse effects, serum concentration, metabolism"
"XAPREV 2,5 MG FİLM KAPLI TABLET (56 TABLET)",apixaban,351,"serum concentration, anticoagulant activities, metabolism"
XAPREV 5 MG FİLM KAPLI TABLET (56 TABLET),apixaban,351,"serum concentration, anticoagulant activities, metabolism"
XAPTO 500 MG ENJEKSIYONLUK COZELTI HAZIRLAMAK ICIN TOZ (1 FLAKON),daptomycin,9,"risk or severity of adverse effects, therapeutic efficacy"
XARELTO 10 MG 10 TB,rivaroxaban,297,"anticoagulant activities, serum concentration, metabolism"
XARELTO 15 MG 28 FILM KAPLI TABLET,rivaroxaban,297,"anticoagulant activities, serum concentration, metabolism"
"XARELTO 2.5 MG FILM KAPLI TABLET, 56 TABLET",rivaroxaban,297,"anticoagulant activities, serum concentration, metabolism"
XARELTO 20 MG 28 FILM KAPLI TABLET,rivaroxaban,297,"anticoagulant activities, serum concentration, metabolism"
XATRAL-XL 10 MG 30 DENETIMLI SALIM TB,alfuzosin,403,"hypotensive activities, serum concentration, vasoconstricting activities"
XEFO RAPID 8 MG 10 FILM TABLET,lornoxicam,396,"risk or severity of adverse effects, metabolism, therapeutic efficacy"
XELJANZ 5 MG 56 FILM KAPLI TABLET,tofacitinib,245,"immunosuppressive activities, serum concentration, metabolism"
XELJANZ XR 11 MG UZATILMIS SALIMLI FILM KAPLI TABLET (28 TABLET),tofacitinib,245,"immunosuppressive activities, serum concentration, metabolism"
XELTABIN 150 MG 60 FILM KAPLI TABLET,capecitabine,225,"metabolism, serum concentration, risk or severity of adverse effects"
XELTABIN 500 MG 120 FILM KAPLI TABLET,capecitabine,225,"metabolism, serum concentration, risk or severity of adverse effects"
XEMOL 20 MG/ ML IM/IV/SC ENJ. COZ. ICEREN 6 AMP,butylscopolamine,119,"risk or severity of adverse effects, therapeutic efficacy, serum concentration"
XENDRO 5 MG/100 ML IV INFUZYON ICIN COZELTI ICEREN 1 FLAKON,zoledronic acid,126,"risk or severity of adverse effects, serum concentration, hypocalcemic activities"
"XENICAL 120 MG SERT KAPSUL, 42 ADET",orlistat,75,"serum concentration, anticoagulant activities, absorption"
XEPLION 100 MG/1 ML IM UZUN SALIMLI SUSP. ICEREN KULLANIMA HAZIR ENJ.,paliperidone,580,"risk or severity of adverse effects, QTc-prolonging activities, antihypertensive activities"
"XEPLION 150 MG/1,5 ML IM UZUN SALIMLI SUSP. ICEREN KULLANIMA HAZIR ENJ.",paliperidone,580,"risk or severity of adverse effects, QTc-prolonging activities, antihypertensive activities"
"XEPLION 50 MG/0,50 ML IM UZUN SALIMLI SUSP. ICEREN KULLANIMA HAZIR ENJ.",paliperidone,580,"risk or severity of adverse effects, QTc-prolonging activities, antihypertensive activities"
"XEPLION 75 MG/0,75 ML IM UZUN SALIMLI SUSP. ICEREN KULLANIMA HAZIR ENJ.",paliperidone,580,"risk or severity of adverse effects, QTc-prolonging activities, antihypertensive activities"
XTANDI 40 MG YUMUSAK KAPSUL (112 KAPSUL),enzalutamide,619,"serum concentration, metabolism, cardiotoxic activities"
XYREM 500MG/ML ORAL COZELTI 180 ML,sodium oxybate,281,"central nervous system depressant (CNS depressant) activities, risk or severity of adverse effects, sedative activities"
YENIZIN 5 MG/5 ML 100 ML SURUP,cetirizine,291,"risk or severity of adverse effects, central nervous system depressant (CNS depressant) activities, sedative activities"
YOMESAN 500 MG 4 TABLET,niclosamide,67,"metabolism, serum concentration"
YONDELIS 1 MG IV KONS INF COZ ICIN TOZ,trabectedin,190,"metabolism, serum concentration, myopathic rhabdomyolysis activities"
"YULAREB 100 MG FİLM KAPLI TABLET, 42 ADET",abemaciclib,103,"serum concentration, metabolism, risk or severity of adverse effects"
"YULAREB 150 MG FİLM KAPLI TABLET, 42 ADET",abemaciclib,103,"serum concentration, metabolism, risk or severity of adverse effects"
"YULAREB 50 MG FİLM KAPLI TABLET, 42 ADET",abemaciclib,103,"serum concentration, metabolism, risk or severity of adverse effects"
ZADISOL 1 MG/5 ML SURUP (100 ML) (KORDIFEN 1 MG/5 ML SURUP (100 ML)),ketotifen,12,"sedative activities, diagnostic agent, therapeutic efficacy"
"ZADITEN % 0,025 5 ML GOZ DAMLASI",ketotifen,12,"sedative activities, diagnostic agent, therapeutic efficacy"
ZADITEN 1 MG 30 TABLET,ketotifen,12,"sedative activities, diagnostic agent, therapeutic efficacy"
ZADITEN 1 MG/ 5 ML 100 ML SURUP,ketotifen,12,"sedative activities, diagnostic agent, therapeutic efficacy"
ZADITEN 1 MG/ML 25 ML DAMLA,ketotifen,12,"sedative activities, diagnostic agent, therapeutic efficacy"
ZADITEN SRO 2 MG 30 FILM TABLET,ketotifen,12,"sedative activities, diagnostic agent, therapeutic efficacy"
ZADOSS 10 MG/10 ML IV ENJ COZ ICEREN 1 FLK,idarubicin,131,"metabolism, serum concentration, risk or severity of adverse effects"
ZADOSS 20 MG/ 20ML IV ENJ COZ ICEREN 1 FLK,idarubicin,131,"metabolism, serum concentration, risk or severity of adverse effects"
ZALAIN % 2 20 GR KREM,sertaconazole,71,"therapeutic efficacy, serum concentration, metabolism"
ZALAIN % 2 COZELTI 30 ML,sertaconazole,71,"therapeutic efficacy, serum concentration, metabolism"
ZALAIN 300 MG VAJINAL SUPOZITUVAR (1 SUPP.),sertaconazole,71,"therapeutic efficacy, serum concentration, metabolism"
"ZARIDINEX %0,3 5 ML STERIL GOZ DAMLASI",ofloxacin,366,"QTc-prolonging activities, neuroexcitatory activities, risk or severity of adverse effects"
ZATERON 250 MG FILM KAPLI TABLET (120 FILM KAPLI TABLET),abiraterone,526,"serum concentration, metabolism, cardiotoxic activities"
"ZATIFEX 1 MG/ML ORAL DAMLA, COZELTI",ketotifen,12,"sedative activities, diagnostic agent, therapeutic efficacy"
ZAVESCA 100 MG 84 KAP,miglustat,107,"therapeutic efficacy, hypoglycemic activities, risk or severity of heart failure"
ZEDPREX 20 MG 24 KAP,fluoxetine,794,"metabolism, risk or severity of adverse effects, serum concentration"
ZEDPREX 20 MG/5 ML ORAL COZ 70 ML,fluoxetine,794,"metabolism, risk or severity of adverse effects, serum concentration"
ZEFFIX 100 MG 28 FTB,lamivudine,16,"serum concentration, risk or severity of adverse effects, excretion rate of higher serum level"
ZEJULA 100 MG FILM KAPLI TABLET (56 ADET),niraparib,9,"cardiotoxic activities, risk or severity of adverse effects"
ZEJULA 100 MG SERT KAPSUL,niraparib,9,"cardiotoxic activities, risk or severity of adverse effects"
"ZELASS-M %0,05 STERIL GOZ DAMLASI 6 ML",azelastine,791,"central nervous system depressant (CNS depressant) activities, risk or severity of adverse effects, metabolism"
ZELBORAF 240 MG 56 FTB,vemurafenib,842,"serum concentration, risk or severity of QTc prolongation, QTc-prolonging activities"
ZELDOX 20 MG 56 KAP,ziprasidone,922,"metabolism, risk or severity of adverse effects, QTc-prolonging activities"
ZELDOX 40 MG 56 KAP,ziprasidone,922,"metabolism, risk or severity of adverse effects, QTc-prolonging activities"
ZELDOX 60 MG 56 KAP,ziprasidone,922,"metabolism, risk or severity of adverse effects, QTc-prolonging activities"
ZELDOX 80 MG 56 KAP,ziprasidone,922,"metabolism, risk or severity of adverse effects, QTc-prolonging activities"
"ZELOXIM 15 MG/1,5 ML IM ENJEKSIYONLUK COZELTI ICEREN AMPUL (3 AMPUL)",meloxicam,454,"risk or severity of adverse effects, metabolism, therapeutic efficacy"
ZELOXIM FORT 15 MG 10 TABLET,meloxicam,454,"risk or severity of adverse effects, metabolism, therapeutic efficacy"
ZENO 180 MG 30 FILM KAPLI TABLET,deferasirox,714,"serum concentration, risk or severity of adverse effects, absorption"
ZENO 360 MG FILM KAPLI TABLET (30 FILM KAPLI TABLET),deferasirox,714,"serum concentration, risk or severity of adverse effects, absorption"
ZENO 90 MG FILM KAPLI TABLET (30 FILM KAPLI TABLET),deferasirox,714,"serum concentration, risk or severity of adverse effects, absorption"
ZENO S 125 MG DAGILABILIR TABLET (28 TABLET),deferasirox,714,"serum concentration, risk or severity of adverse effects, absorption"
ZENO S 250 MG DAGILABILIR TABLET (28 TABLET),deferasirox,714,"serum concentration, risk or severity of adverse effects, absorption"
ZENO S 500 MG DAGILABILIR TABLET (28 TABLET),deferasirox,714,"serum concentration, risk or severity of adverse effects, absorption"
"ZENTICAVIR 0,5 MG 30 FILM TABLET",entecavir,3,"risk or severity of adverse effects, hepatotoxic activities"
ZENTOVIR 245 MG 30 FILM TABLET,tenofovir disoproxil,271,"metabolism, risk or severity of adverse effects, serum concentration"
ZEPAHEX 125 MG 56 FILM TABLET,bosentan,701,"serum concentration, hypotensive activities, metabolism"
"ZEPAHEX 62,5 MG 56 FILM TABLET",bosentan,701,"serum concentration, hypotensive activities, metabolism"
ZERO-P 100 MG 15 FILM TABLET,flurbiprofen,396,"risk or severity of adverse effects, metabolism, therapeutic efficacy"
ZERO-P 200 MG SR MIKROPELLET 15 KAPSUL,flurbiprofen,396,"risk or severity of adverse effects, metabolism, therapeutic efficacy"
ZESPIRA 10 MG FILM KAPLI TABLET (28 TABLET),montelukast,121,"metabolism, serum concentration, therapeutic efficacy"
ZESPIRA 4 MG 28 CIGNEME TABLETI,montelukast,121,"metabolism, serum concentration, therapeutic efficacy"
ZESPIRA 4 MG PEDIYATRIK ORAL GRANUL 28 SASE,montelukast,121,"metabolism, serum concentration, therapeutic efficacy"
ZESPIRA 5 MG 28 CIGNEME TABLETI,montelukast,121,"metabolism, serum concentration, therapeutic efficacy"
ZESTAT 15 MG 30 AGIZDA ERIYEN TB,mirtazapine,527,"central nervous system depressant (CNS depressant) activities, metabolism, risk or severity of adverse effects"
ZESTAT 15 MG/1 ML 66 ML ORAL COZELTI,mirtazapine,527,"central nervous system depressant (CNS depressant) activities, metabolism, risk or severity of adverse effects"
ZESTAT 30 MG 30 AGIZDA ERIYEN TB,mirtazapine,527,"central nervous system depressant (CNS depressant) activities, metabolism, risk or severity of adverse effects"
ZESTAT 45 MG 30 AGIZDA ERIYEN TB,mirtazapine,527,"central nervous system depressant (CNS depressant) activities, metabolism, risk or severity of adverse effects"
ZHEDON 10 MG 28 FTB,donepezil,314,"metabolism, risk or severity of adverse effects, bradycardic activities"
ZIAGEN 300 MG 60 FTB,abacavir,49,"serum concentration, risk or severity of adverse effects, therapeutic efficacy"
ZIAXE 250 MCG/5 ML IV ENJEKSIYON ICIN COZELTI ICEREN 5 ML 1 FLAKON,palonosetron,185,"metabolism, serotonergic activities, serum concentration"
ZIDIM 0.5 GR IM/IV 1 FLK,ceftazidime,20,"nephrotoxic activities, anticoagulant activities, therapeutic efficacy"
ZIDIM 1 GR IM/IV 1 FLK,ceftazidime,20,"nephrotoxic activities, anticoagulant activities, therapeutic efficacy"
ZIMAKS 100 MG 100 ML SUSPANSIYON,cefixime,19,"nephrotoxic activities, anticoagulant activities, therapeutic efficacy"
ZIMAKS 100 MG/5ML 50 ML SUSPANSIYON,cefixime,19,"nephrotoxic activities, anticoagulant activities, therapeutic efficacy"
ZIMAKS 400 MG 10 FTB,cefixime,19,"nephrotoxic activities, anticoagulant activities, therapeutic efficacy"
ZINC-BEG 15 MG/5 ML PEDIYATRIK SURUP (100 ML),zinc sulfate,1,serum concentration
ZINCFORT 25 MG /5 ML SURUP 100 ML,zinc sulfate,1,serum concentration
ZINCLOMIN 15 MG/5 ML 100 ML SURUP,zinc sulfate,1,serum concentration
ZINCLOMIN FORT 30 MG/5 ML 100 ML SURUP,zinc sulfate,1,serum concentration
ZINCO 25 MG/5 ML SURUP (100 ML),zinc sulfate,1,serum concentration
ZINCO 30 MG FORT SURUP,zinc sulfate,1,serum concentration
ZINCO 66 MG/5 ML 100 ML SURUP,zinc sulfate,1,serum concentration
ZINCO-220 50 MG 40 KAPSUL,zinc sulfate,1,serum concentration
ZINCO-K 15MG/5 ML 20 KASIK SURUP,zinc sulfate,1,serum concentration
ZINCOPLEX 15 MG/5 ML 100 ML SURUP,zinc sulfate,1,serum concentration
ZINCOPLEX FORT 30 MG/5 ML 100 ML,zinc sulfate,1,serum concentration
ZINCOTIME 50 MG SERT KAPSUL (40 KAPSUL),zinc sulfate,1,serum concentration
ZINCOVER 15 MG/5 ML 100 ML PED SURUP,zinc sulfate,1,serum concentration
ZINOBEST 15 MG/5 ML SURUP 100 ML,zinc sulfate,1,serum concentration
ZINOBEST FORT 30 MG/5 ML SURUP 100 ML,zinc sulfate,1,serum concentration
ZINXX 50 MG 40 KAPSUL,zinc sulfate,1,serum concentration
ZINXX FORT 30 MG/5 ML SRP (100 ML),zinc sulfate,1,serum concentration
ZIROMIN 200 MG/5 ML ORAL SUSPANSIYON HAZIRLAMAK ICIN KURU TOZ,azithromycin,391,"metabolism, QTc-prolonging activities, serum concentration"
ZITRASIN 500 MG FILM KAPLI TABLET (3 TABLET),azithromycin,391,"metabolism, QTc-prolonging activities, serum concentration"
ZITROMAX 500 MG 3 FTB,azithromycin,391,"metabolism, QTc-prolonging activities, serum concentration"
ZITROTEK 500 MG 2 FTB,azithromycin,391,"metabolism, QTc-prolonging activities, serum concentration"
ZIVER 3 MG TABLET (10 ADET),ivermectin,121,"metabolism, serum concentration, risk or severity of rhabdomyolysis"
ZIVER 3 MG TABLET (12 ADET),ivermectin,121,"metabolism, serum concentration, risk or severity of rhabdomyolysis"
ZIVER 3 MG TABLET (20 ADET),ivermectin,121,"metabolism, serum concentration, risk or severity of rhabdomyolysis"
ZIVER 3 MG TABLET (4 ADET),ivermectin,121,"metabolism, serum concentration, risk or severity of rhabdomyolysis"
"ZLYNDA 4 MG FİLM KAPLI TABLET, 28 ADET",drospirenone,340,"hyperkalemic activities, risk or severity of adverse effects, therapeutic efficacy"
ZODINASIL 5MG/100 ML IV INF ICIN COZ ICEREN 1 FLK,zoledronic acid,126,"risk or severity of adverse effects, serum concentration, hypocalcemic activities"
ZOFER 4 MG 10 TB,ondansetron,519,"risk or severity of adverse effects, QTc-prolonging activities, metabolism"
ZOFER 4 MG/ 2 ML ENJEKSIYONLUK COZELTI (1 AMPUL),ondansetron,519,"risk or severity of adverse effects, QTc-prolonging activities, metabolism"
ZOFER 8 MG 10 TABLET,ondansetron,519,"risk or severity of adverse effects, QTc-prolonging activities, metabolism"
ZOFER 8 MG/ 4 ML ENJEKSIYONLUK COZELTI (1 AMPUL),ondansetron,519,"risk or severity of adverse effects, QTc-prolonging activities, metabolism"
ZOLADEKS DEPOT 10.8 MG 1 KULL HAZIR PREFIL ENJ,goserelin,194,"QTc-prolonging activities, therapeutic efficacy, cardiotoxic activities"
ZOLADEKS DEPOT 3.6 MG 1 KULL HAZIR PREFIL ENJ,goserelin,194,"QTc-prolonging activities, therapeutic efficacy, cardiotoxic activities"
ZOLAMID 15 MG/3 ML 5 AMP,midazolam,435,"risk or severity of adverse effects, serum concentration, metabolism"
ZOLAMID 5 MG/5 ML ENJ COZ ICEREN 5 AMP,midazolam,435,"risk or severity of adverse effects, serum concentration, metabolism"
ZOLAMID 50 MG/10 ML ENJ. COZ. ICEREN 5 AMP,midazolam,435,"risk or severity of adverse effects, serum concentration, metabolism"
ZOLAX 100 MG 7 KAP,fluconazole,679,"metabolism, serum concentration, QTc-prolonging activities"
ZOLAX 150 MG 1 KAP,fluconazole,679,"metabolism, serum concentration, QTc-prolonging activities"
ZOLAX 150 MG 2 KAP,fluconazole,679,"metabolism, serum concentration, QTc-prolonging activities"
ZOLAX 200 MG 7 KAP,fluconazole,679,"metabolism, serum concentration, QTc-prolonging activities"
ZOLAX 50 MG 7 KAP,fluconazole,679,"metabolism, serum concentration, QTc-prolonging activities"
ZOLCER 40 MG IV ENJEKSIYONLUK COZELTI HAZIRLAMAK ICIN LIYOFILIZE TOZ,pantoprazole,297,"metabolism, serum concentration, therapeutic efficacy"
ZOLENAT IV 4 MG/5 ML INF ICIN KONS COZ ICEREN 1 FLK,zoledronic acid,126,"risk or severity of adverse effects, serum concentration, hypocalcemic activities"
ZOLESTO 5MG/100 ML IV INFUZYONLUK COZELTI,zoledronic acid,126,"risk or severity of adverse effects, serum concentration, hypocalcemic activities"
ZOLEXOL %1 10 GR KREM,oxiconazole,114,"therapeutic efficacy, metabolism, serum concentration"
"ZOLEXOL %1 DERI SPREYI, COZELTI (20 ML)",oxiconazole,114,"therapeutic efficacy, metabolism, serum concentration"
"ZOLIN % 0,1 BURUN SPREYI, COZELTI (10 ML)",xylometazoline,232,"hypotensive activities, vasoconstricting activities, atrioventricular blocking (AV block) activities"
ZOLTEM 4 MG 6 FILM TABLET,ondansetron,519,"risk or severity of adverse effects, QTc-prolonging activities, metabolism"
ZOLTEM 8 MG 6 FILM TABLET,ondansetron,519,"risk or severity of adverse effects, QTc-prolonging activities, metabolism"
ZOLTONAR 5 MG/100 ML IV INF ICIN COZ ICEREN 1 FLK,zoledronic acid,126,"risk or severity of adverse effects, serum concentration, hypocalcemic activities"
ZOMTU 4 MG/100 ML IV INFUZYON ICIN COZELTI ICEREN FLAKON,zoledronic acid,126,"risk or severity of adverse effects, serum concentration, hypocalcemic activities"
ZONPAS 50 MG FILM KAPLI TABLET (40 TABLET),pinaverium,132,"risk or severity of hypotension, therapeutic efficacy, metabolism"
ZONPAS 50 MG FILM KAPLI TABLET (80 TABLET),pinaverium,132,"risk or severity of hypotension, therapeutic efficacy, metabolism"
"ZORANTE %0,1 JEL (30 GRAM)",tazarotene,33,"metabolism, serum concentration"
"ZORANTE %0,1 KREM (60 G/ KUTU)",tazarotene,33,"metabolism, serum concentration"
"ZORANTE %0.1 KREM, 30 GRAM",tazarotene,33,"metabolism, serum concentration"
ZORETANIN 10 MG 30 KAPSUL,isotretinoin,35,"therapeutic efficacy, risk or severity of adverse effects, hepatotoxic activities"
ZORETANIN 20 MG 30 KAPSUL,isotretinoin,35,"therapeutic efficacy, risk or severity of adverse effects, hepatotoxic activities"
"ZYBAN 150 MG YAVAŞ SALIMLI FILM TABLET, 60 ADET",bupropion,392,"metabolism, serum concentration, risk or severity of adverse effects"
ZYGOSIS 40 MG IV ENJEKSIYONLUK COZELTI HAZIRLAMAK ICIN LIYOFILIZE TOZ 1 FLAKON,pantoprazole,297,"metabolism, serum concentration, therapeutic efficacy"
ZYKADIA 150 MG 150 KAPSUL,ceritinib,740,"serum concentration, QTc-prolonging activities, bradycardic activities"
ZYPREXA 10 MG 28 FTB,olanzapine,622,"risk or severity of adverse effects, antihypertensive activities, vasoconstricting activities"
ZYPREXA 5 MG 28 FTB,olanzapine,622,"risk or severity of adverse effects, antihypertensive activities, vasoconstricting activities"
ZYPREXA VELOTAB 10 MG 28 AGIZDA DAGILABILIR TABLET,olanzapine,622,"risk or severity of adverse effects, antihypertensive activities, vasoconstricting activities"
ZYPREXA VELOTAB 15 MG 28 AGIZDA DAGILABILIR TABLET,olanzapine,622,"risk or severity of adverse effects, antihypertensive activities, vasoconstricting activities"
ZYPREXA VELOTAB 20 MG 28 AGIZDA DAGILABILIR TABLET,olanzapine,622,"risk or severity of adverse effects, antihypertensive activities, vasoconstricting activities"
ZYPREXA VELOTAB 5 MG 28 AGIZDA DAGILABILIR TABLET,olanzapine,622,"risk or severity of adverse effects, antihypertensive activities, vasoconstricting activities"
ZYRTEC 1 MG/ML 200 ML SURUP,cetirizine,291,"risk or severity of adverse effects, central nervous system depressant (CNS depressant) activities, sedative activities"
ZYRTEC 10 MG 20 FILM TABLET,cetirizine,291,"risk or severity of adverse effects, central nervous system depressant (CNS depressant) activities, sedative activities"
ZYRTEC 10 MG 20 ML ORAL DAMLA,cetirizine,291,"risk or severity of adverse effects, central nervous system depressant (CNS depressant) activities, sedative activities"
ZYTIGA 250 MG 120 TABLET,abiraterone,526,"serum concentration, metabolism, cardiotoxic activities"
ZYTIGA 500 MG FILM KAPLI TABLET (60 FILM KAPLI TABLET),abiraterone,526,"serum concentration, metabolism, cardiotoxic activities"
ZYVOXID 600 MG 10 FILM KAPLI TABLET,linezolid,165,"risk or severity of adverse effects, serotonergic activities, hypertensive activities"
ZYZAPIN 10 MG 28 FILM KAPLI TABLET,olanzapine,622,"risk or severity of adverse effects, antihypertensive activities, vasoconstricting activities"
ZYZAPIN 15 MG 28 FILM KAPLI TABLET,olanzapine,622,"risk or severity of adverse effects, antihypertensive activities, vasoconstricting activities"
"ZYZAPIN 2,5 MG 28 FILM KAPLI TABLET",olanzapine,622,"risk or severity of adverse effects, antihypertensive activities, vasoconstricting activities"
ZYZAPIN 20 MG 28 FILM KAPLI TABLET,olanzapine,622,"risk or severity of adverse effects, antihypertensive activities, vasoconstricting activities"
ZYZAPIN 5 MG 28 FILM KAPLI TABLET,olanzapine,622,"risk or severity of adverse effects, antihypertensive activities, vasoconstricting activities"
"ZYZAPIN 7,5 MG 28 FILM KAPLI TABLET",olanzapine,622,"risk or severity of adverse effects, antihypertensive activities, vasoconstricting activities"
"İMİDARA %5 KREM, 12 SAŞE",imiquimod,114,"metabolism, serum concentration, cardiotoxic activities"
İNAPROL FORT 500 MG TABLET (20 TABLET),naproxen,416,"risk or severity of adverse effects, metabolism, therapeutic efficacy"
"İlko Melatonin 3 mg Film Kaplı Tablet, 30 ADET",melatonin,365,"risk or severity of adverse effects, metabolism, central nervous system depressant (CNS depressant) activities"
